campaign_id,sku_id,city_id,keyword_id,daypart,slot,cpm_inr,impressions_day,orders_day,spend_day,revenue_day,droas,reach_source,tier,orders_28d,current_slot
C-S1-DEL,S1,DEL,K01,night,1,213.8,121.5,2.145,25.98,368.93,14.198,observed,A,58.0,8
C-S1-DEL,S1,DEL,K01,night,5,201.0,49.8,0.621,10.01,106.77,10.662,observed,A,58.0,8
C-S1-DEL,S1,DEL,K01,night,9,183.9,20.7,0.167,3.8,28.78,7.575,observed,A,58.0,8
C-S1-DEL,S1,DEL,K01,night,13,162.5,9.7,0.059,1.58,10.07,6.374,observed,A,58.0,8
C-S1-DEL,S1,DEL,K01,morning,1,221.6,274.4,4.843,60.82,833.04,13.698,observed,A,58.0,7
C-S1-DEL,S1,DEL,K01,morning,5,208.3,112.5,1.402,23.44,241.09,10.286,observed,A,58.0,7
C-S1-DEL,S1,DEL,K01,morning,9,190.6,46.6,0.378,8.89,64.98,7.308,observed,A,58.0,7
C-S1-DEL,S1,DEL,K01,morning,13,168.4,22.0,0.132,3.7,22.74,6.149,observed,A,58.0,7
C-S1-DEL,S1,DEL,K01,afternoon,1,223.5,384.6,6.788,85.94,1167.56,13.586,observed,A,58.0,7
C-S1-DEL,S1,DEL,K01,afternoon,5,210.0,157.7,1.965,33.12,337.91,10.203,observed,A,58.0,7
C-S1-DEL,S1,DEL,K01,afternoon,9,192.2,65.4,0.529,12.56,91.07,7.249,observed,A,58.0,7
C-S1-DEL,S1,DEL,K01,afternoon,13,169.8,30.8,0.185,5.22,31.87,6.099,observed,A,58.0,7
C-S1-DEL,S1,DEL,K01,evening,1,212.4,439.1,7.751,93.28,1333.18,14.292,observed,A,58.0,5
C-S1-DEL,S1,DEL,K01,evening,5,199.7,180.0,2.243,35.95,385.84,10.732,observed,A,58.0,5
C-S1-DEL,S1,DEL,K01,evening,9,182.7,74.7,0.605,13.64,103.99,7.625,observed,A,58.0,5
C-S1-DEL,S1,DEL,K01,evening,13,161.4,35.1,0.212,5.67,36.39,6.416,observed,A,58.0,5
C-S1-DEL,S1,DEL,K02,night,1,215.0,47.2,1.293,10.15,222.38,21.915,observed,A,98.0,3
C-S1-DEL,S1,DEL,K02,night,5,202.1,19.4,0.374,3.91,64.36,16.457,observed,A,98.0,3
C-S1-DEL,S1,DEL,K02,night,9,184.9,8.0,0.101,1.48,17.35,11.692,observed,A,98.0,3
C-S1-DEL,S1,DEL,K02,night,13,163.4,3.8,0.035,0.62,6.07,9.838,observed,A,98.0,3
C-S1-DEL,S1,DEL,K02,morning,1,209.9,108.8,2.98,22.84,512.57,22.446,observed,A,98.0,3
C-S1-DEL,S1,DEL,K02,morning,5,197.3,44.6,0.862,8.8,148.34,16.855,observed,A,98.0,3
C-S1-DEL,S1,DEL,K02,morning,9,180.5,18.5,0.232,3.34,39.98,11.975,observed,A,98.0,3
C-S1-DEL,S1,DEL,K02,morning,13,159.5,8.7,0.081,1.39,13.99,10.076,observed,A,98.0,3
C-S1-DEL,S1,DEL,K02,afternoon,1,210.1,134.2,3.677,28.2,632.44,22.425,observed,A,98.0,3
C-S1-DEL,S1,DEL,K02,afternoon,5,197.5,55.0,1.064,10.87,183.04,16.84,observed,A,98.0,3
C-S1-DEL,S1,DEL,K02,afternoon,9,180.7,22.8,0.287,4.12,49.33,11.964,observed,A,98.0,3
C-S1-DEL,S1,DEL,K02,afternoon,13,159.7,10.7,0.1,1.71,17.26,10.067,observed,A,98.0,3
C-S1-DEL,S1,DEL,K02,evening,1,217.4,130.1,3.565,28.3,613.16,21.668,observed,A,98.0,3
C-S1-DEL,S1,DEL,K02,evening,5,204.4,53.4,1.032,10.91,177.45,16.271,observed,A,98.0,3
C-S1-DEL,S1,DEL,K02,evening,9,187.0,22.1,0.278,4.14,47.83,11.56,observed,A,98.0,3
C-S1-DEL,S1,DEL,K02,evening,13,165.2,10.4,0.097,1.72,16.74,9.727,observed,A,98.0,3
C-S1-DEL,S1,DEL,K03,night,1,286.1,853.6,4.831,244.2,830.87,3.402,observed,A,416.0,3
C-S1-DEL,S1,DEL,K03,night,5,268.9,350.0,1.398,94.12,240.46,2.555,observed,A,416.0,3
C-S1-DEL,S1,DEL,K03,night,9,246.0,145.1,0.377,35.7,64.81,1.815,observed,A,416.0,3
C-S1-DEL,S1,DEL,K03,night,13,217.4,68.3,0.132,14.85,22.68,1.527,observed,A,416.0,3
C-S1-DEL,S1,DEL,K03,morning,1,281.6,1944.5,11.004,547.63,1892.71,3.456,observed,A,416.0,3
C-S1-DEL,S1,DEL,K03,morning,5,264.7,797.2,3.185,211.06,547.77,2.595,observed,A,416.0,3
C-S1-DEL,S1,DEL,K03,morning,9,242.2,330.6,0.858,80.06,147.63,1.844,observed,A,416.0,3
C-S1-DEL,S1,DEL,K03,morning,13,214.0,155.6,0.3,33.3,51.66,1.552,observed,A,416.0,3
C-S1-DEL,S1,DEL,K03,afternoon,1,283.0,2420.8,13.7,685.11,2356.41,3.439,observed,A,416.0,3
C-S1-DEL,S1,DEL,K03,afternoon,5,266.0,992.5,3.965,264.04,681.97,2.583,observed,A,416.0,3
C-S1-DEL,S1,DEL,K03,afternoon,9,243.4,411.5,1.069,100.16,183.8,1.835,observed,A,416.0,3
C-S1-DEL,S1,DEL,K03,afternoon,13,215.1,193.7,0.374,41.65,64.32,1.544,observed,A,416.0,3
C-S1-DEL,S1,DEL,K03,evening,1,289.1,2341.5,13.251,676.91,2279.18,3.367,observed,A,416.0,2
C-S1-DEL,S1,DEL,K03,evening,5,271.7,960.0,3.835,260.88,659.62,2.528,observed,A,416.0,2
C-S1-DEL,S1,DEL,K03,evening,9,248.6,398.1,1.034,98.96,177.78,1.796,observed,A,416.0,2
C-S1-DEL,S1,DEL,K03,evening,13,219.7,187.3,0.362,41.16,62.21,1.512,observed,A,416.0,2
C-S1-DEL,S1,DEL,K04,night,1,276.3,223.8,1.421,61.84,244.41,3.952,observed,A,145.0,2
C-S1-DEL,S1,DEL,K04,night,5,259.7,91.8,0.411,23.83,70.74,2.968,observed,A,145.0,2
C-S1-DEL,S1,DEL,K04,night,9,237.6,38.0,0.111,9.04,19.06,2.109,observed,A,145.0,2
C-S1-DEL,S1,DEL,K04,night,13,210.0,17.9,0.039,3.76,6.67,1.774,observed,A,145.0,2
C-S1-DEL,S1,DEL,K04,morning,1,269.0,494.8,3.142,133.1,540.35,4.06,observed,A,145.0,2
C-S1-DEL,S1,DEL,K04,morning,5,252.9,202.9,0.909,51.3,156.38,3.049,observed,A,145.0,2
C-S1-DEL,S1,DEL,K04,morning,9,231.4,84.1,0.245,19.46,42.15,2.166,observed,A,145.0,2
C-S1-DEL,S1,DEL,K04,morning,13,204.5,39.6,0.086,8.09,14.75,1.822,observed,A,145.0,2
C-S1-DEL,S1,DEL,K04,afternoon,1,271.8,605.2,3.843,164.48,660.98,4.019,observed,A,145.0,2
C-S1-DEL,S1,DEL,K04,afternoon,5,255.5,248.1,1.112,63.39,191.3,3.018,observed,A,145.0,2
C-S1-DEL,S1,DEL,K04,afternoon,9,233.7,102.9,0.3,24.05,51.56,2.144,observed,A,145.0,2
C-S1-DEL,S1,DEL,K04,afternoon,13,206.5,48.4,0.105,10.0,18.04,1.804,observed,A,145.0,2
C-S1-DEL,S1,DEL,K04,evening,1,284.7,514.0,3.264,146.31,561.37,3.837,observed,A,145.0,2
C-S1-DEL,S1,DEL,K04,evening,5,267.6,210.7,0.945,56.39,162.47,2.881,observed,A,145.0,2
C-S1-DEL,S1,DEL,K04,evening,9,244.8,87.4,0.255,21.39,43.79,2.047,observed,A,145.0,2
C-S1-DEL,S1,DEL,K04,evening,13,216.3,41.1,0.089,8.9,15.32,1.722,observed,A,145.0,2
C-S1-DEL,S1,DEL,K07,night,1,268.9,86.8,0.707,23.32,121.66,5.216,observed,A,73.0,2
C-S1-DEL,S1,DEL,K07,night,5,252.7,35.6,0.205,8.99,35.21,3.917,observed,A,73.0,2
C-S1-DEL,S1,DEL,K07,night,9,231.2,14.7,0.055,3.41,9.49,2.783,observed,A,73.0,2
C-S1-DEL,S1,DEL,K07,night,13,204.3,6.9,0.019,1.42,3.32,2.342,observed,A,73.0,2
C-S1-DEL,S1,DEL,K07,morning,1,262.0,210.8,1.719,55.23,295.61,5.353,observed,A,73.0,2
C-S1-DEL,S1,DEL,K07,morning,5,246.3,86.4,0.497,21.28,85.55,4.019,observed,A,73.0,2
C-S1-DEL,S1,DEL,K07,morning,9,225.3,35.8,0.134,8.07,23.06,2.856,observed,A,73.0,2
C-S1-DEL,S1,DEL,K07,morning,13,199.1,16.9,0.047,3.36,8.07,2.403,observed,A,73.0,2
C-S1-DEL,S1,DEL,K07,afternoon,1,259.2,270.2,2.203,70.04,378.88,5.41,observed,A,73.0,2
C-S1-DEL,S1,DEL,K07,afternoon,5,243.7,110.8,0.638,26.99,109.65,4.062,observed,A,73.0,2
C-S1-DEL,S1,DEL,K07,afternoon,9,222.9,45.9,0.172,10.24,29.55,2.886,observed,A,73.0,2
C-S1-DEL,S1,DEL,K07,afternoon,13,197.0,21.6,0.06,4.26,10.34,2.429,observed,A,73.0,2
C-S1-DEL,S1,DEL,K07,evening,1,274.1,237.4,1.936,65.06,332.92,5.117,observed,A,73.0,2
C-S1-DEL,S1,DEL,K07,evening,5,257.6,97.3,0.56,25.08,96.35,3.842,observed,A,73.0,2
C-S1-DEL,S1,DEL,K07,evening,9,235.7,40.4,0.151,9.51,25.97,2.73,observed,A,73.0,2
C-S1-DEL,S1,DEL,K07,evening,13,208.3,19.0,0.053,3.96,9.09,2.297,observed,A,73.0,2
C-S1-DEL,S1,DEL,K09,night,1,424.9,153.1,0.295,65.07,50.66,0.779,observed,A,27.0,3
C-S1-DEL,S1,DEL,K09,night,5,399.4,62.8,0.085,25.08,14.66,0.585,observed,A,27.0,3
C-S1-DEL,S1,DEL,K09,night,9,365.4,26.0,0.023,9.51,3.95,0.415,observed,A,27.0,3
C-S1-DEL,S1,DEL,K09,night,13,322.9,12.3,0.008,3.96,1.38,0.349,observed,A,27.0,3
C-S1-DEL,S1,DEL,K09,morning,1,412.6,366.1,0.704,151.06,121.1,0.802,observed,A,27.0,3
C-S1-DEL,S1,DEL,K09,morning,5,387.9,150.1,0.204,58.22,35.05,0.602,observed,A,27.0,3
C-S1-DEL,S1,DEL,K09,morning,9,354.9,62.2,0.055,22.08,9.45,0.428,observed,A,27.0,3
C-S1-DEL,S1,DEL,K09,morning,13,313.6,29.3,0.019,9.18,3.31,0.36,observed,A,27.0,3
C-S1-DEL,S1,DEL,K09,afternoon,1,412.4,450.2,0.866,185.66,148.92,0.802,observed,A,27.0,3
C-S1-DEL,S1,DEL,K09,afternoon,5,387.7,184.6,0.251,71.55,43.1,0.602,observed,A,27.0,3
C-S1-DEL,S1,DEL,K09,afternoon,9,354.7,76.5,0.068,27.14,11.62,0.428,observed,A,27.0,3
C-S1-DEL,S1,DEL,K09,afternoon,13,313.4,36.0,0.024,11.29,4.06,0.36,observed,A,27.0,3
C-S1-DEL,S1,DEL,K09,evening,1,429.6,355.4,0.684,152.68,117.57,0.77,observed,A,27.0,3
C-S1-DEL,S1,DEL,K09,evening,5,403.8,145.7,0.198,58.84,34.03,0.578,observed,A,27.0,3
C-S1-DEL,S1,DEL,K09,evening,9,369.4,60.4,0.053,22.32,9.17,0.411,observed,A,27.0,3
C-S1-DEL,S1,DEL,K09,evening,13,326.5,28.4,0.019,9.28,3.21,0.346,observed,A,27.0,3
C-S1-MUM,S1,MUM,K01,night,1,217.9,139.3,2.688,30.36,462.4,15.232,observed,A,331.0,2
C-S1-MUM,S1,MUM,K01,night,5,204.8,57.1,0.778,11.7,133.82,11.438,observed,A,331.0,2
C-S1-MUM,S1,MUM,K01,night,9,187.4,23.7,0.21,4.44,36.07,8.126,observed,A,331.0,2
C-S1-MUM,S1,MUM,K01,night,13,165.6,11.1,0.073,1.85,12.62,6.838,observed,A,331.0,2
C-S1-MUM,S1,MUM,K01,morning,1,217.4,282.8,5.456,61.48,938.35,15.263,observed,A,331.0,2
C-S1-MUM,S1,MUM,K01,morning,5,204.4,115.9,1.579,23.69,271.57,11.462,observed,A,331.0,2
C-S1-MUM,S1,MUM,K01,morning,9,187.0,48.1,0.426,8.99,73.19,8.143,observed,A,331.0,2
C-S1-MUM,S1,MUM,K01,morning,13,165.2,22.6,0.149,3.74,25.61,6.852,observed,A,331.0,2
C-S1-MUM,S1,MUM,K01,afternoon,1,218.0,345.1,6.659,75.25,1145.34,15.221,observed,A,331.0,2
C-S1-MUM,S1,MUM,K01,afternoon,5,204.9,141.5,1.927,29.0,331.47,11.43,observed,A,331.0,2
C-S1-MUM,S1,MUM,K01,afternoon,9,187.5,58.7,0.519,11.0,89.34,8.12,observed,A,331.0,2
C-S1-MUM,S1,MUM,K01,afternoon,13,165.7,27.6,0.182,4.58,31.26,6.833,observed,A,331.0,2
C-S1-MUM,S1,MUM,K01,evening,1,216.6,359.7,6.941,77.91,1193.81,15.323,observed,A,331.0,2
C-S1-MUM,S1,MUM,K01,evening,5,203.6,147.5,2.009,30.03,345.5,11.507,observed,A,331.0,2
C-S1-MUM,S1,MUM,K01,evening,9,186.2,61.2,0.541,11.39,93.12,8.175,observed,A,331.0,2
C-S1-MUM,S1,MUM,K01,evening,13,164.6,28.8,0.189,4.74,32.58,6.879,observed,A,331.0,2
C-S1-MUM,S1,MUM,K02,night,1,238.8,44.5,1.365,10.62,234.7,22.101,observed,A,189.0,2
C-S1-MUM,S1,MUM,K02,night,5,224.4,18.2,0.395,4.09,67.92,16.597,observed,A,189.0,2
C-S1-MUM,S1,MUM,K02,night,9,205.3,7.6,0.106,1.55,18.31,11.791,observed,A,189.0,2
C-S1-MUM,S1,MUM,K02,night,13,181.5,3.6,0.037,0.65,6.41,9.922,observed,A,189.0,2
C-S1-MUM,S1,MUM,K02,morning,1,236.9,98.6,3.025,23.36,520.33,22.274,observed,A,189.0,2
C-S1-MUM,S1,MUM,K02,morning,5,222.7,40.4,0.876,9.0,150.59,16.726,observed,A,189.0,2
C-S1-MUM,S1,MUM,K02,morning,9,203.7,16.8,0.236,3.42,40.59,11.883,observed,A,189.0,2
C-S1-MUM,S1,MUM,K02,morning,13,180.1,7.9,0.083,1.42,14.2,9.999,observed,A,189.0,2
C-S1-MUM,S1,MUM,K02,afternoon,1,237.5,121.0,3.712,28.74,638.43,22.215,observed,A,189.0,2
C-S1-MUM,S1,MUM,K02,afternoon,5,223.3,49.6,1.074,11.08,184.77,16.682,observed,A,189.0,2
C-S1-MUM,S1,MUM,K02,afternoon,9,204.3,20.6,0.29,4.2,49.8,11.852,observed,A,189.0,2
C-S1-MUM,S1,MUM,K02,afternoon,13,180.5,9.7,0.101,1.75,17.43,9.973,observed,A,189.0,2
C-S1-MUM,S1,MUM,K02,evening,1,232.5,132.2,4.057,30.74,697.74,22.695,observed,A,189.0,2
C-S1-MUM,S1,MUM,K02,evening,5,218.6,54.2,1.174,11.85,201.94,17.042,observed,A,189.0,2
C-S1-MUM,S1,MUM,K02,evening,9,200.0,22.5,0.316,4.49,54.42,12.108,observed,A,189.0,2
C-S1-MUM,S1,MUM,K02,evening,13,176.7,10.6,0.111,1.87,19.04,10.188,observed,A,189.0,2
C-S1-MUM,S1,MUM,K03,night,1,344.4,464.5,2.566,159.96,441.29,2.759,observed,A,163.0,4
C-S1-MUM,S1,MUM,K03,night,5,323.7,190.4,0.743,61.65,127.71,2.072,observed,A,163.0,4
C-S1-MUM,S1,MUM,K03,night,9,296.2,79.0,0.2,23.39,34.42,1.472,observed,A,163.0,4
C-S1-MUM,S1,MUM,K03,night,13,261.7,37.2,0.07,9.73,12.04,1.238,observed,A,163.0,4
C-S1-MUM,S1,MUM,K03,morning,1,336.9,843.6,4.66,284.22,801.49,2.82,observed,A,163.0,4
C-S1-MUM,S1,MUM,K03,morning,5,316.7,345.9,1.349,109.54,231.96,2.118,observed,A,163.0,4
C-S1-MUM,S1,MUM,K03,morning,9,289.7,143.4,0.363,41.55,62.52,1.504,observed,A,163.0,4
C-S1-MUM,S1,MUM,K03,morning,13,256.0,67.5,0.127,17.28,21.88,1.266,observed,A,163.0,4
C-S1-MUM,S1,MUM,K03,afternoon,1,333.7,1115.1,6.159,372.08,1059.42,2.847,observed,A,163.0,4
C-S1-MUM,S1,MUM,K03,afternoon,5,313.7,457.2,1.783,143.4,306.61,2.138,observed,A,163.0,4
C-S1-MUM,S1,MUM,K03,afternoon,9,287.0,189.6,0.48,54.4,82.63,1.519,observed,A,163.0,4
C-S1-MUM,S1,MUM,K03,afternoon,13,253.6,89.2,0.168,22.62,28.92,1.278,observed,A,163.0,4
C-S1-MUM,S1,MUM,K03,evening,1,332.5,1172.1,6.474,389.68,1113.59,2.858,observed,A,163.0,4
C-S1-MUM,S1,MUM,K03,evening,5,312.5,480.6,1.874,150.18,322.29,2.146,observed,A,163.0,4
C-S1-MUM,S1,MUM,K03,evening,9,285.9,199.3,0.505,56.97,86.86,1.525,observed,A,163.0,4
C-S1-MUM,S1,MUM,K03,evening,13,252.7,93.8,0.177,23.69,30.39,1.283,observed,A,163.0,4
C-S1-MUM,S1,MUM,K04,night,1,341.9,167.5,1.195,57.28,205.52,3.588,observed,A,114.0,3
C-S1-MUM,S1,MUM,K04,night,5,321.4,68.7,0.346,22.08,59.48,2.694,observed,A,114.0,3
C-S1-MUM,S1,MUM,K04,night,9,294.1,28.5,0.093,8.37,16.03,1.914,observed,A,114.0,3
C-S1-MUM,S1,MUM,K04,night,13,259.9,13.4,0.033,3.48,5.61,1.611,observed,A,114.0,3
C-S1-MUM,S1,MUM,K04,morning,1,338.4,326.6,2.329,110.53,400.65,3.625,observed,A,114.0,3
C-S1-MUM,S1,MUM,K04,morning,5,318.1,133.9,0.674,42.6,115.95,2.722,observed,A,114.0,3
C-S1-MUM,S1,MUM,K04,morning,9,291.1,55.5,0.182,16.16,31.25,1.934,observed,A,114.0,3
C-S1-MUM,S1,MUM,K04,morning,13,257.2,26.1,0.064,6.72,10.94,1.627,observed,A,114.0,3
C-S1-MUM,S1,MUM,K04,afternoon,1,337.6,403.9,2.881,136.36,495.5,3.634,observed,A,114.0,3
C-S1-MUM,S1,MUM,K04,afternoon,5,317.4,165.6,0.834,52.55,143.4,2.729,observed,A,114.0,3
C-S1-MUM,S1,MUM,K04,afternoon,9,290.3,68.7,0.225,19.94,38.65,1.939,observed,A,114.0,3
C-S1-MUM,S1,MUM,K04,afternoon,13,256.6,32.3,0.079,8.29,13.52,1.631,observed,A,114.0,3
C-S1-MUM,S1,MUM,K04,evening,1,334.6,436.8,3.116,146.16,535.92,3.667,observed,A,114.0,3
C-S1-MUM,S1,MUM,K04,evening,5,314.5,179.1,0.902,56.33,155.1,2.753,observed,A,114.0,3
C-S1-MUM,S1,MUM,K04,evening,9,287.7,74.3,0.243,21.37,41.8,1.956,observed,A,114.0,3
C-S1-MUM,S1,MUM,K04,evening,13,254.3,34.9,0.085,8.89,14.63,1.646,observed,A,114.0,3
C-S1-MUM,S1,MUM,K07,night,1,306.5,47.3,0.403,14.49,69.38,4.788,observed,A,46.0,2
C-S1-MUM,S1,MUM,K07,night,5,288.1,19.4,0.117,5.58,20.08,3.596,observed,A,46.0,2
C-S1-MUM,S1,MUM,K07,night,9,263.6,8.0,0.031,2.12,5.41,2.555,observed,A,46.0,2
C-S1-MUM,S1,MUM,K07,night,13,232.9,3.8,0.011,0.88,1.89,2.15,observed,A,46.0,2
C-S1-MUM,S1,MUM,K07,morning,1,296.8,102.7,0.877,30.49,150.78,4.945,observed,A,46.0,2
C-S1-MUM,S1,MUM,K07,morning,5,279.0,42.1,0.254,11.75,43.64,3.713,observed,A,46.0,2
C-S1-MUM,S1,MUM,K07,morning,9,255.2,17.5,0.068,4.46,11.76,2.638,observed,A,46.0,2
C-S1-MUM,S1,MUM,K07,morning,13,225.6,8.2,0.024,1.85,4.12,2.22,observed,A,46.0,2
C-S1-MUM,S1,MUM,K07,afternoon,1,295.0,128.2,1.094,37.82,188.09,4.974,observed,A,46.0,2
C-S1-MUM,S1,MUM,K07,afternoon,5,277.3,52.5,0.316,14.57,54.43,3.735,observed,A,46.0,2
C-S1-MUM,S1,MUM,K07,afternoon,9,253.7,21.8,0.085,5.53,14.67,2.654,observed,A,46.0,2
C-S1-MUM,S1,MUM,K07,afternoon,13,224.2,10.3,0.03,2.3,5.13,2.233,observed,A,46.0,2
C-S1-MUM,S1,MUM,K07,evening,1,293.5,123.9,1.057,36.38,181.89,4.999,observed,A,46.0,2
C-S1-MUM,S1,MUM,K07,evening,5,275.9,50.8,0.306,14.02,52.64,3.754,observed,A,46.0,2
C-S1-MUM,S1,MUM,K07,evening,9,252.5,21.1,0.082,5.32,14.19,2.667,observed,A,46.0,2
C-S1-MUM,S1,MUM,K07,evening,13,223.1,9.9,0.029,2.21,4.96,2.244,observed,A,46.0,2
C-S1-MUM,S1,MUM,K09,night,1,499.7,216.4,0.429,108.16,73.73,0.682,observed,A,47.0,3
C-S1-MUM,S1,MUM,K09,night,5,469.8,88.7,0.124,41.68,21.34,0.512,observed,A,47.0,3
C-S1-MUM,S1,MUM,K09,night,9,429.8,36.8,0.033,15.81,5.75,0.364,observed,A,47.0,3
C-S1-MUM,S1,MUM,K09,night,13,379.8,17.3,0.012,6.58,2.01,0.306,observed,A,47.0,3
C-S1-MUM,S1,MUM,K09,morning,1,499.5,439.2,0.87,219.36,149.6,0.682,observed,A,47.0,3
C-S1-MUM,S1,MUM,K09,morning,5,469.5,180.1,0.252,84.54,43.3,0.512,observed,A,47.0,3
C-S1-MUM,S1,MUM,K09,morning,9,429.6,74.7,0.068,32.07,11.67,0.364,observed,A,47.0,3
C-S1-MUM,S1,MUM,K09,morning,13,379.6,35.1,0.024,13.34,4.08,0.306,observed,A,47.0,3
C-S1-MUM,S1,MUM,K09,afternoon,1,498.6,541.5,1.073,270.0,184.48,0.683,observed,A,47.0,3
C-S1-MUM,S1,MUM,K09,afternoon,5,468.7,222.0,0.31,104.06,53.39,0.513,observed,A,47.0,3
C-S1-MUM,S1,MUM,K09,afternoon,9,428.8,92.1,0.084,39.47,14.39,0.365,observed,A,47.0,3
C-S1-MUM,S1,MUM,K09,afternoon,13,378.9,43.3,0.029,16.42,5.04,0.307,observed,A,47.0,3
C-S1-MUM,S1,MUM,K09,evening,1,495.8,563.3,1.116,279.27,191.88,0.687,observed,A,47.0,3
C-S1-MUM,S1,MUM,K09,evening,5,466.0,230.9,0.323,107.63,55.53,0.516,observed,A,47.0,3
C-S1-MUM,S1,MUM,K09,evening,9,426.4,95.8,0.087,40.83,14.97,0.367,observed,A,47.0,3
C-S1-MUM,S1,MUM,K09,evening,13,376.8,45.1,0.03,16.98,5.24,0.308,observed,A,47.0,3
C-S1-BLR,S1,BLR,K01,night,1,213.4,81.0,1.339,17.29,230.35,13.323,observed,A,132.0,3
C-S1-BLR,S1,BLR,K01,night,5,200.6,33.2,0.388,6.66,66.67,10.005,observed,A,132.0,3
C-S1-BLR,S1,BLR,K01,night,9,183.5,13.8,0.104,2.53,17.97,7.108,observed,A,132.0,3
C-S1-BLR,S1,BLR,K01,night,13,162.2,6.5,0.037,1.05,6.29,5.981,observed,A,132.0,3
C-S1-BLR,S1,BLR,K01,morning,1,214.9,191.4,3.164,41.14,544.17,13.226,observed,A,132.0,3
C-S1-BLR,S1,BLR,K01,morning,5,202.0,78.5,0.916,15.86,157.49,9.932,observed,A,132.0,3
C-S1-BLR,S1,BLR,K01,morning,9,184.9,32.5,0.247,6.02,42.45,7.056,observed,A,132.0,3
C-S1-BLR,S1,BLR,K01,morning,13,163.4,15.3,0.086,2.5,14.85,5.937,observed,A,132.0,3
C-S1-BLR,S1,BLR,K01,afternoon,1,218.3,241.4,3.99,52.71,686.35,13.022,observed,A,132.0,3
C-S1-BLR,S1,BLR,K01,afternoon,5,205.2,99.0,1.155,20.31,198.64,9.779,observed,A,132.0,3
C-S1-BLR,S1,BLR,K01,afternoon,9,187.7,41.0,0.311,7.71,53.54,6.948,observed,A,132.0,3
C-S1-BLR,S1,BLR,K01,afternoon,13,165.9,19.3,0.109,3.2,18.73,5.846,observed,A,132.0,3
C-S1-BLR,S1,BLR,K01,evening,1,219.3,225.9,3.734,49.53,642.2,12.965,observed,A,132.0,4
C-S1-BLR,S1,BLR,K01,evening,5,206.1,92.6,1.081,19.09,185.86,9.736,observed,A,132.0,4
C-S1-BLR,S1,BLR,K01,evening,9,188.6,38.4,0.291,7.24,50.09,6.917,observed,A,132.0,4
C-S1-BLR,S1,BLR,K01,evening,13,166.6,18.1,0.102,3.01,17.53,5.82,observed,A,132.0,4
C-S1-BLR,S1,BLR,K02,night,1,230.4,29.4,0.73,6.78,125.57,18.527,observed,A,132.0,2
C-S1-BLR,S1,BLR,K02,night,5,216.6,12.1,0.211,2.61,36.34,13.913,observed,A,132.0,2
C-S1-BLR,S1,BLR,K02,night,9,198.1,5.0,0.057,0.99,9.79,9.884,observed,A,132.0,2
C-S1-BLR,S1,BLR,K02,night,13,175.1,2.4,0.02,0.41,3.43,8.317,observed,A,132.0,2
C-S1-BLR,S1,BLR,K02,morning,1,228.5,86.2,2.14,19.71,368.13,18.681,observed,A,132.0,2
C-S1-BLR,S1,BLR,K02,morning,5,214.8,35.4,0.619,7.59,106.54,14.028,observed,A,132.0,2
C-S1-BLR,S1,BLR,K02,morning,9,196.5,14.7,0.167,2.88,28.71,9.967,observed,A,132.0,2
C-S1-BLR,S1,BLR,K02,morning,13,173.6,6.9,0.058,1.2,10.05,8.386,observed,A,132.0,2
C-S1-BLR,S1,BLR,K02,afternoon,1,226.0,112.2,2.783,25.35,478.72,18.883,observed,A,132.0,2
C-S1-BLR,S1,BLR,K02,afternoon,5,212.5,46.0,0.806,9.77,138.55,14.18,observed,A,132.0,2
C-S1-BLR,S1,BLR,K02,afternoon,9,194.4,19.1,0.217,3.71,37.34,10.074,observed,A,132.0,2
C-S1-BLR,S1,BLR,K02,afternoon,13,171.8,9.0,0.076,1.54,13.07,8.477,observed,A,132.0,2
C-S1-BLR,S1,BLR,K02,evening,1,222.8,135.4,3.361,30.17,578.04,19.157,observed,A,132.0,2
C-S1-BLR,S1,BLR,K02,evening,5,209.4,55.5,0.973,11.63,167.29,14.386,observed,A,132.0,2
C-S1-BLR,S1,BLR,K02,evening,9,191.6,23.0,0.262,4.41,45.09,10.221,observed,A,132.0,2
C-S1-BLR,S1,BLR,K02,evening,13,169.3,10.8,0.092,1.83,15.78,8.6,observed,A,132.0,2
C-S1-BLR,S1,BLR,K03,night,1,303.8,547.3,2.879,166.25,495.17,2.978,observed,A,345.0,2
C-S1-BLR,S1,BLR,K03,night,5,285.5,224.4,0.833,64.07,143.31,2.237,observed,A,345.0,2
C-S1-BLR,S1,BLR,K03,night,9,261.2,93.0,0.225,24.31,38.62,1.589,observed,A,345.0,2
C-S1-BLR,S1,BLR,K03,night,13,230.9,43.8,0.079,10.11,13.52,1.337,observed,A,345.0,2
C-S1-BLR,S1,BLR,K03,morning,1,294.3,1321.1,6.949,388.75,1195.24,3.075,observed,A,345.0,2
C-S1-BLR,S1,BLR,K03,morning,5,276.6,541.6,2.011,149.82,345.92,2.309,observed,A,345.0,2
C-S1-BLR,S1,BLR,K03,morning,9,253.1,224.6,0.542,56.83,93.23,1.64,observed,A,345.0,2
C-S1-BLR,S1,BLR,K03,morning,13,223.6,105.7,0.19,23.64,32.62,1.38,observed,A,345.0,2
C-S1-BLR,S1,BLR,K03,afternoon,1,297.8,1605.8,8.446,478.15,1452.79,3.038,observed,A,345.0,2
C-S1-BLR,S1,BLR,K03,afternoon,5,279.9,658.4,2.445,184.28,420.46,2.282,observed,A,345.0,2
C-S1-BLR,S1,BLR,K03,afternoon,9,256.1,273.0,0.659,69.91,113.32,1.621,observed,A,345.0,2
C-S1-BLR,S1,BLR,K03,afternoon,13,226.3,128.5,0.231,29.07,39.65,1.364,observed,A,345.0,2
C-S1-BLR,S1,BLR,K03,evening,1,295.4,1674.0,8.805,494.46,1514.49,3.063,observed,A,345.0,2
C-S1-BLR,S1,BLR,K03,evening,5,277.7,686.3,2.548,190.56,438.31,2.3,observed,A,345.0,2
C-S1-BLR,S1,BLR,K03,evening,9,254.0,284.6,0.687,72.29,118.13,1.634,observed,A,345.0,2
C-S1-BLR,S1,BLR,K03,evening,13,224.5,133.9,0.24,30.06,41.34,1.375,observed,A,345.0,2
C-S1-BLR,S1,BLR,K04,night,1,313.0,86.3,0.58,27.02,99.69,3.689,observed,A,82.0,2
C-S1-BLR,S1,BLR,K04,night,5,294.2,35.4,0.168,10.41,28.85,2.771,observed,A,82.0,2
C-S1-BLR,S1,BLR,K04,night,9,269.2,14.7,0.045,3.95,7.78,1.968,observed,A,82.0,2
C-S1-BLR,S1,BLR,K04,night,13,237.9,6.9,0.016,1.64,2.72,1.656,observed,A,82.0,2
C-S1-BLR,S1,BLR,K04,morning,1,304.6,204.1,1.37,62.17,235.66,3.791,observed,A,82.0,2
C-S1-BLR,S1,BLR,K04,morning,5,286.4,83.7,0.397,23.96,68.2,2.847,observed,A,82.0,2
C-S1-BLR,S1,BLR,K04,morning,9,262.0,34.7,0.107,9.09,18.38,2.022,observed,A,82.0,2
C-S1-BLR,S1,BLR,K04,morning,13,231.5,16.3,0.037,3.78,6.43,1.702,observed,A,82.0,2
C-S1-BLR,S1,BLR,K04,afternoon,1,305.2,246.3,1.654,75.18,284.47,3.784,observed,A,82.0,2
C-S1-BLR,S1,BLR,K04,afternoon,5,286.9,101.0,0.479,28.97,82.33,2.842,observed,A,82.0,2
C-S1-BLR,S1,BLR,K04,afternoon,9,262.5,41.9,0.129,10.99,22.19,2.019,observed,A,82.0,2
C-S1-BLR,S1,BLR,K04,afternoon,13,231.9,19.7,0.045,4.57,7.76,1.699,observed,A,82.0,2
C-S1-BLR,S1,BLR,K04,evening,1,299.0,296.7,1.992,88.72,342.64,3.862,observed,A,82.0,2
C-S1-BLR,S1,BLR,K04,evening,5,281.1,121.6,0.577,34.19,99.17,2.9,observed,A,82.0,2
C-S1-BLR,S1,BLR,K04,evening,9,257.1,50.4,0.155,12.97,26.73,2.061,observed,A,82.0,2
C-S1-BLR,S1,BLR,K04,evening,13,227.2,23.7,0.054,5.39,9.35,1.734,observed,A,82.0,2
C-S1-BLR,S1,BLR,K07,night,1,289.8,52.2,0.418,15.13,71.88,4.752,observed,A,62.0,2
C-S1-BLR,S1,BLR,K07,night,5,272.4,21.4,0.121,5.83,20.8,3.568,observed,A,62.0,2
C-S1-BLR,S1,BLR,K07,night,9,249.2,8.9,0.033,2.21,5.61,2.535,observed,A,62.0,2
C-S1-BLR,S1,BLR,K07,night,13,220.2,4.2,0.011,0.92,1.96,2.133,observed,A,62.0,2
C-S1-BLR,S1,BLR,K07,morning,1,279.6,140.6,1.126,39.32,193.66,4.926,observed,A,62.0,2
C-S1-BLR,S1,BLR,K07,morning,5,262.8,57.7,0.326,15.15,56.05,3.699,observed,A,62.0,2
C-S1-BLR,S1,BLR,K07,morning,9,240.4,23.9,0.088,5.75,15.11,2.628,observed,A,62.0,2
C-S1-BLR,S1,BLR,K07,morning,13,212.5,11.3,0.031,2.39,5.29,2.211,observed,A,62.0,2
C-S1-BLR,S1,BLR,K07,afternoon,1,278.2,183.0,1.465,50.92,252.03,4.949,observed,A,62.0,2
C-S1-BLR,S1,BLR,K07,afternoon,5,261.5,75.0,0.424,19.62,72.94,3.717,observed,A,62.0,2
C-S1-BLR,S1,BLR,K07,afternoon,9,239.3,31.1,0.114,7.44,19.66,2.641,observed,A,62.0,2
C-S1-BLR,S1,BLR,K07,afternoon,13,211.5,14.6,0.04,3.1,6.88,2.222,observed,A,62.0,2
C-S1-BLR,S1,BLR,K07,evening,1,280.2,198.0,1.585,55.48,272.7,4.915,observed,A,62.0,2
C-S1-BLR,S1,BLR,K07,evening,5,263.4,81.2,0.459,21.38,78.92,3.691,observed,A,62.0,2
C-S1-BLR,S1,BLR,K07,evening,9,240.9,33.7,0.124,8.11,21.27,2.622,observed,A,62.0,2
C-S1-BLR,S1,BLR,K07,evening,13,212.9,15.8,0.043,3.37,7.44,2.207,observed,A,62.0,2
C-S1-BLR,S1,BLR,K09,night,1,457.7,152.9,0.266,69.98,45.74,0.654,observed,A,27.0,3
C-S1-BLR,S1,BLR,K09,night,5,430.2,62.7,0.077,26.97,13.24,0.491,observed,A,27.0,3
C-S1-BLR,S1,BLR,K09,night,9,393.6,26.0,0.021,10.23,3.57,0.349,observed,A,27.0,3
C-S1-BLR,S1,BLR,K09,night,13,347.8,12.2,0.007,4.25,1.25,0.293,observed,A,27.0,3
C-S1-BLR,S1,BLR,K09,morning,1,450.6,317.0,0.551,142.86,94.84,0.664,observed,A,27.0,3
C-S1-BLR,S1,BLR,K09,morning,5,423.6,130.0,0.16,55.06,27.45,0.499,observed,A,27.0,3
C-S1-BLR,S1,BLR,K09,morning,9,387.5,53.9,0.043,20.89,7.4,0.354,observed,A,27.0,3
C-S1-BLR,S1,BLR,K09,morning,13,342.5,25.4,0.015,8.69,2.59,0.298,observed,A,27.0,3
C-S1-BLR,S1,BLR,K09,afternoon,1,446.9,435.9,0.758,194.79,130.41,0.669,observed,A,27.0,3
C-S1-BLR,S1,BLR,K09,afternoon,5,420.0,178.7,0.219,75.07,37.74,0.503,observed,A,27.0,3
C-S1-BLR,S1,BLR,K09,afternoon,9,384.3,74.1,0.059,28.48,10.17,0.357,observed,A,27.0,3
C-S1-BLR,S1,BLR,K09,afternoon,13,339.6,34.9,0.021,11.84,3.56,0.301,observed,A,27.0,3
C-S1-BLR,S1,BLR,K09,evening,1,445.4,491.5,0.855,218.87,147.03,0.672,observed,A,27.0,3
C-S1-BLR,S1,BLR,K09,evening,5,418.6,201.5,0.247,84.35,42.55,0.504,observed,A,27.0,3
C-S1-BLR,S1,BLR,K09,evening,9,383.0,83.5,0.067,32.0,11.47,0.358,observed,A,27.0,3
C-S1-BLR,S1,BLR,K09,evening,13,338.5,39.3,0.023,13.31,4.01,0.302,observed,A,27.0,3
C-S1-HYD,S1,HYD,K01,night,1,188.1,58.1,0.965,10.93,165.93,15.188,observed,A,89.0,3
C-S1-HYD,S1,HYD,K01,night,5,176.8,23.8,0.279,4.21,48.02,11.405,observed,A,89.0,3
C-S1-HYD,S1,HYD,K01,night,9,161.8,9.9,0.075,1.6,12.94,8.103,observed,A,89.0,3
C-S1-HYD,S1,HYD,K01,night,13,143.0,4.6,0.026,0.66,4.53,6.818,observed,A,89.0,3
C-S1-HYD,S1,HYD,K01,morning,1,190.7,145.1,2.411,27.67,414.63,14.983,observed,A,89.0,3
C-S1-HYD,S1,HYD,K01,morning,5,179.3,59.5,0.698,10.67,120.0,11.251,observed,A,89.0,3
C-S1-HYD,S1,HYD,K01,morning,9,164.0,24.7,0.188,4.05,32.34,7.994,observed,A,89.0,3
C-S1-HYD,S1,HYD,K01,morning,13,144.9,11.6,0.066,1.68,11.32,6.726,observed,A,89.0,3
C-S1-HYD,S1,HYD,K01,afternoon,1,193.8,173.3,2.878,33.59,495.09,14.74,observed,A,89.0,3
C-S1-HYD,S1,HYD,K01,afternoon,5,182.2,71.0,0.833,12.94,143.29,11.069,observed,A,89.0,3
C-S1-HYD,S1,HYD,K01,afternoon,9,166.7,29.5,0.225,4.91,38.62,7.864,observed,A,89.0,3
C-S1-HYD,S1,HYD,K01,afternoon,13,147.3,13.9,0.079,2.04,13.51,6.617,observed,A,89.0,3
C-S1-HYD,S1,HYD,K01,evening,1,188.0,155.5,2.584,29.25,444.4,15.195,observed,A,89.0,3
C-S1-HYD,S1,HYD,K01,evening,5,176.8,63.8,0.748,11.27,128.61,11.41,observed,A,89.0,3
C-S1-HYD,S1,HYD,K01,evening,9,161.7,26.4,0.202,4.28,34.66,8.107,observed,A,89.0,3
C-S1-HYD,S1,HYD,K01,evening,13,142.9,12.4,0.071,1.78,12.13,6.821,observed,A,89.0,3
C-S1-HYD,S1,HYD,K02,night,1,204.8,14.6,0.441,2.98,75.92,25.448,observed,A,59.0,3
C-S1-HYD,S1,HYD,K02,night,5,192.5,6.0,0.128,1.15,21.97,19.11,observed,A,59.0,3
C-S1-HYD,S1,HYD,K02,night,9,176.1,2.5,0.034,0.44,5.92,13.577,observed,A,59.0,3
C-S1-HYD,S1,HYD,K02,night,13,155.7,1.2,0.012,0.18,2.07,11.424,observed,A,59.0,3
C-S1-HYD,S1,HYD,K02,morning,1,205.8,46.1,1.398,9.49,240.39,25.329,observed,A,59.0,3
C-S1-HYD,S1,HYD,K02,morning,5,193.4,18.9,0.404,3.66,69.57,19.021,observed,A,59.0,3
C-S1-HYD,S1,HYD,K02,morning,9,177.0,7.8,0.109,1.39,18.75,13.514,observed,A,59.0,3
C-S1-HYD,S1,HYD,K02,morning,13,156.4,3.7,0.038,0.58,6.56,11.371,observed,A,59.0,3
C-S1-HYD,S1,HYD,K02,afternoon,1,205.1,64.6,1.957,13.24,336.55,25.415,observed,A,59.0,3
C-S1-HYD,S1,HYD,K02,afternoon,5,192.8,26.5,0.566,5.1,97.4,19.085,observed,A,59.0,3
C-S1-HYD,S1,HYD,K02,afternoon,9,176.4,11.0,0.153,1.94,26.25,13.559,observed,A,59.0,3
C-S1-HYD,S1,HYD,K02,afternoon,13,155.9,5.2,0.053,0.81,9.19,11.409,observed,A,59.0,3
C-S1-HYD,S1,HYD,K02,evening,1,203.5,52.9,1.603,10.76,275.63,25.612,observed,A,59.0,3
C-S1-HYD,S1,HYD,K02,evening,5,191.3,21.7,0.464,4.15,79.77,19.233,observed,A,59.0,3
C-S1-HYD,S1,HYD,K02,evening,9,175.0,9.0,0.125,1.57,21.5,13.664,observed,A,59.0,3
C-S1-HYD,S1,HYD,K02,evening,13,154.7,4.2,0.044,0.65,7.52,11.498,observed,A,59.0,3
C-S1-HYD,S1,HYD,K03,night,1,277.3,315.1,1.666,87.39,286.55,3.279,observed,A,221.0,2
C-S1-HYD,S1,HYD,K03,night,5,260.7,129.2,0.482,33.68,82.93,2.462,observed,A,221.0,2
C-S1-HYD,S1,HYD,K03,night,9,238.5,53.6,0.13,12.78,22.35,1.749,observed,A,221.0,2
C-S1-HYD,S1,HYD,K03,night,13,210.8,25.2,0.045,5.31,7.82,1.472,observed,A,221.0,2
C-S1-HYD,S1,HYD,K03,morning,1,269.8,759.6,4.016,204.94,690.79,3.371,observed,A,221.0,2
C-S1-HYD,S1,HYD,K03,morning,5,253.6,311.4,1.162,78.98,199.92,2.531,observed,A,221.0,2
C-S1-HYD,S1,HYD,K03,morning,9,232.0,129.1,0.313,29.96,53.88,1.798,observed,A,221.0,2
C-S1-HYD,S1,HYD,K03,morning,13,205.0,60.8,0.11,12.46,18.85,1.513,observed,A,221.0,2
C-S1-HYD,S1,HYD,K03,afternoon,1,269.3,899.2,4.754,242.2,817.74,3.376,observed,A,221.0,2
C-S1-HYD,S1,HYD,K03,afternoon,5,253.2,368.7,1.376,93.34,236.66,2.535,observed,A,221.0,2
C-S1-HYD,S1,HYD,K03,afternoon,9,231.6,152.9,0.371,35.41,63.78,1.801,observed,A,221.0,2
C-S1-HYD,S1,HYD,K03,afternoon,13,204.7,71.9,0.13,14.73,22.32,1.516,observed,A,221.0,2
C-S1-HYD,S1,HYD,K03,evening,1,267.1,811.3,4.289,216.72,737.79,3.404,observed,A,221.0,2
C-S1-HYD,S1,HYD,K03,evening,5,251.1,332.6,1.241,83.52,213.52,2.556,observed,A,221.0,2
C-S1-HYD,S1,HYD,K03,evening,9,229.7,137.9,0.335,31.68,57.55,1.816,observed,A,221.0,2
C-S1-HYD,S1,HYD,K03,evening,13,203.0,64.9,0.117,13.18,20.14,1.528,observed,A,221.0,2
C-S1-HYD,S1,HYD,K04,night,1,270.0,68.6,0.454,18.54,78.14,4.216,observed,A,79.0,2
C-S1-HYD,S1,HYD,K04,night,5,253.8,28.1,0.131,7.14,22.62,3.166,observed,A,79.0,2
C-S1-HYD,S1,HYD,K04,night,9,232.2,11.7,0.035,2.71,6.1,2.249,observed,A,79.0,2
C-S1-HYD,S1,HYD,K04,night,13,205.2,5.5,0.012,1.13,2.13,1.892,observed,A,79.0,2
C-S1-HYD,S1,HYD,K04,morning,1,261.4,185.7,1.229,48.53,211.35,4.355,observed,A,79.0,2
C-S1-HYD,S1,HYD,K04,morning,5,245.7,76.1,0.356,18.7,61.17,3.27,observed,A,79.0,2
C-S1-HYD,S1,HYD,K04,morning,9,224.8,31.6,0.096,7.1,16.49,2.323,observed,A,79.0,2
C-S1-HYD,S1,HYD,K04,morning,13,198.7,14.9,0.034,2.95,5.77,1.955,observed,A,79.0,2
C-S1-HYD,S1,HYD,K04,afternoon,1,258.7,235.7,1.56,60.98,268.36,4.401,observed,A,79.0,2
C-S1-HYD,S1,HYD,K04,afternoon,5,243.2,96.6,0.452,23.5,77.67,3.305,observed,A,79.0,2
C-S1-HYD,S1,HYD,K04,afternoon,9,222.5,40.1,0.122,8.92,20.93,2.348,observed,A,79.0,2
C-S1-HYD,S1,HYD,K04,afternoon,13,196.6,18.9,0.043,3.71,7.32,1.976,observed,A,79.0,2
C-S1-HYD,S1,HYD,K04,evening,1,260.8,193.9,1.283,50.56,220.68,4.365,observed,A,79.0,2
C-S1-HYD,S1,HYD,K04,evening,5,245.2,79.5,0.371,19.49,63.87,3.278,observed,A,79.0,2
C-S1-HYD,S1,HYD,K04,evening,9,224.3,33.0,0.1,7.39,17.21,2.329,observed,A,79.0,2
C-S1-HYD,S1,HYD,K04,evening,13,198.2,15.5,0.035,3.07,6.02,1.959,observed,A,79.0,2
C-S1-HYD,S1,HYD,K07,night,1,257.0,22.6,0.173,5.81,29.69,5.111,observed,A,25.0,2
C-S1-HYD,S1,HYD,K07,night,5,241.6,9.3,0.05,2.24,8.59,3.838,observed,A,25.0,2
C-S1-HYD,S1,HYD,K07,night,9,221.1,3.8,0.013,0.85,2.32,2.727,observed,A,25.0,2
C-S1-HYD,S1,HYD,K07,night,13,195.4,1.8,0.005,0.35,0.81,2.294,observed,A,25.0,2
C-S1-HYD,S1,HYD,K07,morning,1,251.3,73.4,0.56,18.44,96.4,5.228,observed,A,25.0,2
C-S1-HYD,S1,HYD,K07,morning,5,236.2,30.1,0.162,7.11,27.9,3.926,observed,A,25.0,2
C-S1-HYD,S1,HYD,K07,morning,9,216.1,12.5,0.044,2.7,7.52,2.789,observed,A,25.0,2
C-S1-HYD,S1,HYD,K07,morning,13,191.0,5.9,0.015,1.12,2.63,2.347,observed,A,25.0,2
C-S1-HYD,S1,HYD,K07,afternoon,1,251.4,86.0,0.657,21.62,112.95,5.225,observed,A,25.0,2
C-S1-HYD,S1,HYD,K07,afternoon,5,236.3,35.2,0.19,8.33,32.69,3.924,observed,A,25.0,2
C-S1-HYD,S1,HYD,K07,afternoon,9,216.2,14.6,0.051,3.16,8.81,2.788,observed,A,25.0,2
C-S1-HYD,S1,HYD,K07,afternoon,13,191.1,6.9,0.018,1.31,3.08,2.346,observed,A,25.0,2
C-S1-HYD,S1,HYD,K07,evening,1,249.5,75.2,0.574,18.76,98.77,5.265,observed,A,25.0,2
C-S1-HYD,S1,HYD,K07,evening,5,234.6,30.8,0.166,7.23,28.59,3.953,observed,A,25.0,2
C-S1-HYD,S1,HYD,K07,evening,9,214.6,12.8,0.045,2.74,7.7,2.809,observed,A,25.0,2
C-S1-HYD,S1,HYD,K07,evening,13,189.7,6.0,0.016,1.14,2.7,2.363,observed,A,25.0,2
C-S1-HYD,S1,HYD,K09,night,1,409.9,106.0,0.205,43.46,35.34,0.813,observed,A,53.0,1
C-S1-HYD,S1,HYD,K09,night,5,385.3,43.5,0.059,16.75,10.23,0.611,observed,A,53.0,1
C-S1-HYD,S1,HYD,K09,night,9,352.5,18.0,0.016,6.35,2.76,0.434,observed,A,53.0,1
C-S1-HYD,S1,HYD,K09,night,13,311.5,8.5,0.006,2.64,0.96,0.365,observed,A,53.0,1
C-S1-HYD,S1,HYD,K09,morning,1,407.8,281.3,0.545,114.72,93.79,0.818,observed,A,53.0,1
C-S1-HYD,S1,HYD,K09,morning,5,383.3,115.4,0.158,44.21,27.15,0.614,observed,A,53.0,1
C-S1-HYD,S1,HYD,K09,morning,9,350.7,47.8,0.043,16.77,7.32,0.436,observed,A,53.0,1
C-S1-HYD,S1,HYD,K09,morning,13,309.9,22.5,0.015,6.98,2.56,0.367,observed,A,53.0,1
C-S1-HYD,S1,HYD,K09,afternoon,1,411.8,334.6,0.649,137.78,111.55,0.81,observed,A,53.0,1
C-S1-HYD,S1,HYD,K09,afternoon,5,387.0,137.2,0.188,53.1,32.28,0.608,observed,A,53.0,1
C-S1-HYD,S1,HYD,K09,afternoon,9,354.1,56.9,0.051,20.14,8.7,0.432,observed,A,53.0,1
C-S1-HYD,S1,HYD,K09,afternoon,13,312.9,26.8,0.018,8.38,3.04,0.363,observed,A,53.0,1
C-S1-HYD,S1,HYD,K09,evening,1,409.5,290.7,0.563,119.04,96.9,0.814,observed,A,53.0,1
C-S1-HYD,S1,HYD,K09,evening,5,385.0,119.2,0.163,45.88,28.05,0.611,observed,A,53.0,1
C-S1-HYD,S1,HYD,K09,evening,9,352.2,49.4,0.044,17.4,7.56,0.434,observed,A,53.0,1
C-S1-HYD,S1,HYD,K09,evening,13,311.2,23.3,0.015,7.24,2.64,0.365,observed,A,53.0,1
C-S1-PUN,S1,PUN,K01,night,1,176.5,41.1,0.747,7.25,128.56,17.731,observed,A,132.0,2
C-S1-PUN,S1,PUN,K01,night,5,165.9,16.8,0.216,2.79,37.21,13.315,observed,A,132.0,2
C-S1-PUN,S1,PUN,K01,night,9,151.8,7.0,0.058,1.06,10.03,9.46,observed,A,132.0,2
C-S1-PUN,S1,PUN,K01,night,13,134.1,3.3,0.02,0.44,3.51,7.96,observed,A,132.0,2
C-S1-PUN,S1,PUN,K01,morning,1,177.2,118.6,2.157,21.01,371.09,17.662,observed,A,132.0,2
C-S1-PUN,S1,PUN,K01,morning,5,166.5,48.6,0.624,8.1,107.4,13.263,observed,A,132.0,2
C-S1-PUN,S1,PUN,K01,morning,9,152.3,20.2,0.168,3.07,28.94,9.423,observed,A,132.0,2
C-S1-PUN,S1,PUN,K01,morning,13,134.6,9.5,0.059,1.28,10.13,7.929,observed,A,132.0,2
C-S1-PUN,S1,PUN,K01,afternoon,1,178.3,146.1,2.657,26.05,457.04,17.546,observed,A,132.0,2
C-S1-PUN,S1,PUN,K01,afternoon,5,167.6,59.9,0.769,10.04,132.27,13.176,observed,A,132.0,2
C-S1-PUN,S1,PUN,K01,afternoon,9,153.4,24.8,0.207,3.81,35.65,9.361,observed,A,132.0,2
C-S1-PUN,S1,PUN,K01,afternoon,13,135.5,11.7,0.073,1.58,12.47,7.877,observed,A,132.0,2
C-S1-PUN,S1,PUN,K01,evening,1,176.1,113.7,2.068,20.02,355.71,17.765,observed,A,132.0,2
C-S1-PUN,S1,PUN,K01,evening,5,165.6,46.6,0.599,7.72,102.95,13.34,observed,A,132.0,2
C-S1-PUN,S1,PUN,K01,evening,9,151.5,19.3,0.161,2.93,27.75,9.478,observed,A,132.0,2
C-S1-PUN,S1,PUN,K01,evening,13,133.9,9.1,0.056,1.22,9.71,7.975,observed,A,132.0,2
C-S1-PUN,S1,PUN,K02,night,1,196.4,13.2,0.353,2.6,60.69,23.35,observed,A,42.0,3
C-S1-PUN,S1,PUN,K02,night,5,184.6,5.4,0.102,1.0,17.57,17.534,observed,A,42.0,3
C-S1-PUN,S1,PUN,K02,night,9,168.9,2.3,0.028,0.38,4.73,12.457,observed,A,42.0,3
C-S1-PUN,S1,PUN,K02,night,13,149.2,1.1,0.01,0.16,1.66,10.482,observed,A,42.0,3
C-S1-PUN,S1,PUN,K02,morning,1,198.0,31.3,0.834,6.19,143.41,23.159,observed,A,42.0,3
C-S1-PUN,S1,PUN,K02,morning,5,186.1,12.8,0.241,2.39,41.51,17.391,observed,A,42.0,3
C-S1-PUN,S1,PUN,K02,morning,9,170.3,5.3,0.065,0.91,11.19,12.356,observed,A,42.0,3
C-S1-PUN,S1,PUN,K02,morning,13,150.5,2.5,0.023,0.38,3.91,10.396,observed,A,42.0,3
C-S1-PUN,S1,PUN,K02,afternoon,1,199.0,44.7,1.192,8.9,205.08,23.042,observed,A,42.0,3
C-S1-PUN,S1,PUN,K02,afternoon,5,187.0,18.3,0.345,3.43,59.35,17.303,observed,A,42.0,3
C-S1-PUN,S1,PUN,K02,afternoon,9,171.1,7.6,0.093,1.3,16.0,12.293,observed,A,42.0,3
C-S1-PUN,S1,PUN,K02,afternoon,13,151.2,3.6,0.033,0.54,5.6,10.344,observed,A,42.0,3
C-S1-PUN,S1,PUN,K02,evening,1,196.3,33.2,0.885,6.52,152.19,23.352,observed,A,42.0,3
C-S1-PUN,S1,PUN,K02,evening,5,184.6,13.6,0.256,2.51,44.05,17.536,observed,A,42.0,3
C-S1-PUN,S1,PUN,K02,evening,9,168.9,5.6,0.069,0.95,11.87,12.459,observed,A,42.0,3
C-S1-PUN,S1,PUN,K02,evening,13,149.2,2.7,0.024,0.4,4.15,10.483,observed,A,42.0,3
C-S1-PUN,S1,PUN,K03,night,1,288.9,196.9,0.948,56.87,163.02,2.867,observed,A,76.0,4
C-S1-PUN,S1,PUN,K03,night,5,271.5,80.7,0.274,21.92,47.18,2.153,observed,A,76.0,4
C-S1-PUN,S1,PUN,K03,night,9,248.4,33.5,0.074,8.31,12.72,1.53,observed,A,76.0,4
C-S1-PUN,S1,PUN,K03,night,13,219.5,15.7,0.026,3.46,4.45,1.287,observed,A,76.0,4
C-S1-PUN,S1,PUN,K03,morning,1,281.3,503.1,2.423,141.52,416.67,2.944,observed,A,76.0,4
C-S1-PUN,S1,PUN,K03,morning,5,264.4,206.3,0.701,54.54,120.59,2.211,observed,A,76.0,4
C-S1-PUN,S1,PUN,K03,morning,9,241.9,85.5,0.189,20.69,32.5,1.571,observed,A,76.0,4
C-S1-PUN,S1,PUN,K03,morning,13,213.8,40.3,0.066,8.6,11.37,1.322,observed,A,76.0,4
C-S1-PUN,S1,PUN,K03,afternoon,1,280.1,620.0,2.985,173.68,513.49,2.957,observed,A,76.0,4
C-S1-PUN,S1,PUN,K03,afternoon,5,263.3,254.2,0.864,66.94,148.61,2.22,observed,A,76.0,4
C-S1-PUN,S1,PUN,K03,afternoon,9,240.9,105.4,0.233,25.39,40.05,1.577,observed,A,76.0,4
C-S1-PUN,S1,PUN,K03,afternoon,13,212.9,49.6,0.081,10.56,14.02,1.327,observed,A,76.0,4
C-S1-PUN,S1,PUN,K03,evening,1,281.6,462.3,2.226,130.18,382.88,2.941,observed,A,76.0,4
C-S1-PUN,S1,PUN,K03,evening,5,264.7,189.6,0.644,50.17,110.81,2.209,observed,A,76.0,4
C-S1-PUN,S1,PUN,K03,evening,9,242.2,78.6,0.174,19.03,29.86,1.569,observed,A,76.0,4
C-S1-PUN,S1,PUN,K03,evening,13,214.0,37.0,0.061,7.91,10.45,1.32,observed,A,76.0,4
C-S1-PUN,S1,PUN,K04,night,1,263.9,53.0,0.339,13.98,58.32,4.171,observed,A,57.0,2
C-S1-PUN,S1,PUN,K04,night,5,248.1,21.7,0.098,5.39,16.88,3.132,observed,A,57.0,2
C-S1-PUN,S1,PUN,K04,night,9,227.0,9.0,0.026,2.04,4.55,2.225,observed,A,57.0,2
C-S1-PUN,S1,PUN,K04,night,13,200.6,4.2,0.009,0.85,1.59,1.872,observed,A,57.0,2
C-S1-PUN,S1,PUN,K04,morning,1,258.1,133.9,0.857,34.58,147.45,4.264,observed,A,57.0,2
C-S1-PUN,S1,PUN,K04,morning,5,242.7,54.9,0.248,13.33,42.68,3.202,observed,A,57.0,2
C-S1-PUN,S1,PUN,K04,morning,9,222.0,22.8,0.067,5.06,11.5,2.275,observed,A,57.0,2
C-S1-PUN,S1,PUN,K04,morning,13,196.2,10.7,0.023,2.1,4.02,1.914,observed,A,57.0,2
C-S1-PUN,S1,PUN,K04,afternoon,1,258.9,160.4,1.027,41.53,176.57,4.251,observed,A,57.0,2
C-S1-PUN,S1,PUN,K04,afternoon,5,243.4,65.8,0.297,16.01,51.1,3.192,observed,A,57.0,2
C-S1-PUN,S1,PUN,K04,afternoon,9,222.7,27.3,0.08,6.07,13.77,2.268,observed,A,57.0,2
C-S1-PUN,S1,PUN,K04,afternoon,13,196.8,12.8,0.028,2.53,4.82,1.908,observed,A,57.0,2
C-S1-PUN,S1,PUN,K04,evening,1,257.1,133.6,0.855,34.35,147.06,4.282,observed,A,57.0,2
C-S1-PUN,S1,PUN,K04,evening,5,241.7,54.8,0.247,13.24,42.56,3.215,observed,A,57.0,2
C-S1-PUN,S1,PUN,K04,evening,9,221.1,22.7,0.067,5.02,11.47,2.284,observed,A,57.0,2
C-S1-PUN,S1,PUN,K04,evening,13,195.4,10.7,0.023,2.09,4.01,1.922,observed,A,57.0,2
C-S1-PUN,S1,PUN,K07,night,1,248.5,16.0,0.151,3.98,25.92,6.507,observed,A,34.0,1
C-S1-PUN,S1,PUN,K07,night,5,233.6,6.6,0.044,1.54,7.5,4.886,observed,A,34.0,1
C-S1-PUN,S1,PUN,K07,night,9,213.8,2.7,0.012,0.58,2.02,3.472,observed,A,34.0,1
C-S1-PUN,S1,PUN,K07,night,13,188.9,1.3,0.004,0.24,0.71,2.921,observed,A,34.0,1
C-S1-PUN,S1,PUN,K07,morning,1,243.3,63.0,0.592,15.33,101.86,6.646,observed,A,34.0,2
C-S1-PUN,S1,PUN,K07,morning,5,228.7,25.8,0.171,5.91,29.48,4.991,observed,A,34.0,2
C-S1-PUN,S1,PUN,K07,morning,9,209.3,10.7,0.046,2.24,7.94,3.546,observed,A,34.0,2
C-S1-PUN,S1,PUN,K07,morning,13,184.9,5.0,0.016,0.93,2.78,2.984,observed,A,34.0,2
C-S1-PUN,S1,PUN,K07,afternoon,1,243.6,73.5,0.691,17.89,118.82,6.64,observed,A,34.0,2
C-S1-PUN,S1,PUN,K07,afternoon,5,229.0,30.1,0.2,6.9,34.39,4.986,observed,A,34.0,2
C-S1-PUN,S1,PUN,K07,afternoon,9,209.5,12.5,0.054,2.62,9.27,3.542,observed,A,34.0,2
C-S1-PUN,S1,PUN,K07,afternoon,13,185.1,5.9,0.019,1.09,3.24,2.981,observed,A,34.0,2
C-S1-PUN,S1,PUN,K07,evening,1,241.5,64.1,0.603,15.49,103.73,6.698,observed,A,34.0,2
C-S1-PUN,S1,PUN,K07,evening,5,227.0,26.3,0.175,5.97,30.02,5.03,observed,A,34.0,2
C-S1-PUN,S1,PUN,K07,evening,9,207.6,10.9,0.047,2.26,8.09,3.574,observed,A,34.0,2
C-S1-PUN,S1,PUN,K07,evening,13,183.5,5.1,0.016,0.94,2.83,3.007,observed,A,34.0,2
C-S1-PUN,S1,PUN,K09,night,1,386.3,58.5,0.115,22.58,19.71,0.873,observed,A,29.0,1
C-S1-PUN,S1,PUN,K09,night,5,363.1,24.0,0.033,8.7,5.7,0.655,observed,A,29.0,1
C-S1-PUN,S1,PUN,K09,night,9,332.2,9.9,0.009,3.3,1.54,0.466,observed,A,29.0,1
C-S1-PUN,S1,PUN,K09,night,13,293.6,4.7,0.003,1.37,0.54,0.392,observed,A,29.0,1
C-S1-PUN,S1,PUN,K09,morning,1,386.0,152.2,0.298,58.75,51.3,0.873,observed,A,29.0,1
C-S1-PUN,S1,PUN,K09,morning,5,362.9,62.4,0.086,22.64,14.85,0.656,observed,A,29.0,1
C-S1-PUN,S1,PUN,K09,morning,9,332.0,25.9,0.023,8.59,4.0,0.466,observed,A,29.0,1
C-S1-PUN,S1,PUN,K09,morning,13,293.4,12.2,0.008,3.57,1.4,0.392,observed,A,29.0,1
C-S1-PUN,S1,PUN,K09,afternoon,1,379.6,199.6,0.391,75.79,67.3,0.888,observed,A,29.0,1
C-S1-PUN,S1,PUN,K09,afternoon,5,356.8,81.9,0.113,29.21,19.48,0.667,observed,A,29.0,1
C-S1-PUN,S1,PUN,K09,afternoon,9,326.5,33.9,0.031,11.08,5.25,0.474,observed,A,29.0,1
C-S1-PUN,S1,PUN,K09,afternoon,13,288.5,16.0,0.011,4.61,1.84,0.399,observed,A,29.0,1
C-S1-PUN,S1,PUN,K09,evening,1,379.2,162.3,0.318,61.55,54.71,0.889,observed,A,29.0,1
C-S1-PUN,S1,PUN,K09,evening,5,356.5,66.5,0.092,23.72,15.83,0.667,observed,A,29.0,1
C-S1-PUN,S1,PUN,K09,evening,9,326.2,27.6,0.025,9.0,4.27,0.474,observed,A,29.0,1
C-S1-PUN,S1,PUN,K09,evening,13,288.2,13.0,0.009,3.74,1.49,0.399,observed,A,29.0,1
C-S2-DEL,S2,DEL,K01,night,1,215.3,176.5,3.382,38.02,943.69,24.824,observed,A,322.0,4
C-S2-DEL,S2,DEL,K01,night,5,202.4,72.4,0.979,14.65,273.11,18.641,observed,A,322.0,4
C-S2-DEL,S2,DEL,K01,night,9,185.2,30.0,0.264,5.56,73.61,13.244,observed,A,322.0,4
C-S2-DEL,S2,DEL,K01,night,13,163.7,14.1,0.092,2.31,25.76,11.144,observed,A,322.0,4
C-S2-DEL,S2,DEL,K01,morning,1,219.2,400.2,7.668,87.71,2139.38,24.39,observed,A,322.0,4
C-S2-DEL,S2,DEL,K01,morning,5,206.0,164.1,2.219,33.81,619.16,18.316,observed,A,322.0,4
C-S2-DEL,S2,DEL,K01,morning,9,188.5,68.0,0.598,12.82,166.87,13.013,observed,A,322.0,4
C-S2-DEL,S2,DEL,K01,morning,13,166.6,32.0,0.209,5.33,58.39,10.949,observed,A,322.0,4
C-S2-DEL,S2,DEL,K01,afternoon,1,220.3,519.4,9.951,114.4,2776.28,24.267,observed,A,322.0,4
C-S2-DEL,S2,DEL,K01,afternoon,5,207.1,212.9,2.88,44.09,803.49,18.223,observed,A,322.0,4
C-S2-DEL,S2,DEL,K01,afternoon,9,189.4,88.3,0.776,16.73,216.55,12.947,observed,A,322.0,4
C-S2-DEL,S2,DEL,K01,afternoon,13,167.4,41.5,0.272,6.96,75.78,10.894,observed,A,322.0,4
C-S2-DEL,S2,DEL,K01,evening,1,199.5,462.9,8.868,92.35,2474.23,26.792,observed,A,322.0,2
C-S2-DEL,S2,DEL,K01,evening,5,187.5,189.8,2.567,35.59,716.07,20.119,observed,A,322.0,2
C-S2-DEL,S2,DEL,K01,evening,9,171.6,78.7,0.692,13.5,192.99,14.294,observed,A,322.0,2
C-S2-DEL,S2,DEL,K01,evening,13,151.6,37.0,0.242,5.61,67.53,12.028,observed,A,322.0,2
C-S2-DEL,S2,DEL,K05,night,1,337.4,270.2,1.995,91.15,556.6,6.106,observed,A,272.0,2
C-S2-DEL,S2,DEL,K05,night,5,317.2,110.8,0.577,35.13,161.09,4.585,observed,A,272.0,2
C-S2-DEL,S2,DEL,K05,night,9,290.2,45.9,0.156,13.33,43.41,3.258,observed,A,272.0,2
C-S2-DEL,S2,DEL,K05,night,13,256.4,21.6,0.054,5.54,15.19,2.741,observed,A,272.0,2
C-S2-DEL,S2,DEL,K05,morning,1,329.0,628.7,4.643,206.86,1295.27,6.262,observed,A,272.0,2
C-S2-DEL,S2,DEL,K05,morning,5,309.3,257.8,1.344,79.72,374.87,4.702,observed,A,272.0,2
C-S2-DEL,S2,DEL,K05,morning,9,283.0,106.9,0.362,30.24,101.03,3.341,observed,A,272.0,2
C-S2-DEL,S2,DEL,K05,morning,13,250.1,50.3,0.127,12.58,35.35,2.811,observed,A,272.0,2
C-S2-DEL,S2,DEL,K05,afternoon,1,326.5,827.5,6.111,270.16,1704.9,6.311,observed,A,272.0,2
C-S2-DEL,S2,DEL,K05,afternoon,5,306.9,339.3,1.769,104.12,493.42,4.739,observed,A,272.0,2
C-S2-DEL,S2,DEL,K05,afternoon,9,280.8,140.7,0.477,39.5,132.98,3.367,observed,A,272.0,2
C-S2-DEL,S2,DEL,K05,afternoon,13,248.1,66.2,0.167,16.43,46.53,2.833,observed,A,272.0,2
C-S2-DEL,S2,DEL,K05,evening,1,331.2,714.2,5.274,236.53,1471.47,6.221,observed,A,272.0,2
C-S2-DEL,S2,DEL,K05,evening,5,311.3,292.8,1.526,91.16,425.86,4.672,observed,A,272.0,2
C-S2-DEL,S2,DEL,K05,evening,9,284.8,121.4,0.411,34.58,114.77,3.319,observed,A,272.0,2
C-S2-DEL,S2,DEL,K05,evening,13,251.7,57.1,0.144,14.38,40.16,2.793,observed,A,272.0,2
C-S2-DEL,S2,DEL,K06,night,1,369.7,108.5,0.538,40.1,150.16,3.744,observed,A,78.0,2
C-S2-DEL,S2,DEL,K06,night,5,347.5,44.5,0.156,15.46,43.46,2.812,observed,A,78.0,2
C-S2-DEL,S2,DEL,K06,night,9,317.9,18.4,0.042,5.86,11.71,1.998,observed,A,78.0,2
C-S2-DEL,S2,DEL,K06,night,13,281.0,8.7,0.015,2.44,4.1,1.681,observed,A,78.0,2
C-S2-DEL,S2,DEL,K06,morning,1,360.8,250.9,1.245,90.52,347.28,3.836,observed,A,78.0,2
C-S2-DEL,S2,DEL,K06,morning,5,339.2,102.9,0.36,34.89,100.51,2.881,observed,A,78.0,2
C-S2-DEL,S2,DEL,K06,morning,9,310.3,42.6,0.097,13.23,27.09,2.047,observed,A,78.0,2
C-S2-DEL,S2,DEL,K06,morning,13,274.2,20.1,0.034,5.5,9.48,1.722,observed,A,78.0,2
C-S2-DEL,S2,DEL,K06,afternoon,1,353.2,325.6,1.615,114.99,450.72,3.92,observed,A,78.0,2
C-S2-DEL,S2,DEL,K06,afternoon,5,332.0,133.5,0.468,44.32,130.44,2.943,observed,A,78.0,2
C-S2-DEL,S2,DEL,K06,afternoon,9,303.7,55.4,0.126,16.81,35.16,2.091,observed,A,78.0,2
C-S2-DEL,S2,DEL,K06,afternoon,13,268.4,26.0,0.044,6.99,12.3,1.76,observed,A,78.0,2
C-S2-DEL,S2,DEL,K06,evening,1,352.4,292.0,1.449,102.89,404.16,3.928,observed,A,78.0,2
C-S2-DEL,S2,DEL,K06,evening,5,331.3,119.7,0.419,39.66,116.97,2.95,observed,A,78.0,2
C-S2-DEL,S2,DEL,K06,evening,9,303.1,49.6,0.113,15.04,31.52,2.096,observed,A,78.0,2
C-S2-DEL,S2,DEL,K06,evening,13,267.8,23.4,0.04,6.26,11.03,1.763,observed,A,78.0,2
C-S2-DEL,S2,DEL,K10,night,1,404.8,118.3,0.303,47.91,84.64,1.767,observed,A,54.0,2
C-S2-DEL,S2,DEL,K10,night,5,380.5,48.5,0.088,18.47,24.5,1.327,observed,A,54.0,2
C-S2-DEL,S2,DEL,K10,night,9,348.2,20.1,0.024,7.0,6.6,0.943,observed,A,54.0,2
C-S2-DEL,S2,DEL,K10,night,13,307.7,9.5,0.008,2.91,2.31,0.793,observed,A,54.0,2
C-S2-DEL,S2,DEL,K10,morning,1,402.5,271.8,0.697,109.42,194.41,1.777,observed,A,54.0,2
C-S2-DEL,S2,DEL,K10,morning,5,378.4,111.4,0.202,42.17,56.26,1.334,observed,A,54.0,2
C-S2-DEL,S2,DEL,K10,morning,9,346.2,46.2,0.054,16.0,15.16,0.948,observed,A,54.0,2
C-S2-DEL,S2,DEL,K10,morning,13,305.9,21.7,0.019,6.65,5.31,0.798,observed,A,54.0,2
C-S2-DEL,S2,DEL,K10,afternoon,1,401.9,356.6,0.914,143.33,255.06,1.779,observed,A,54.0,2
C-S2-DEL,S2,DEL,K10,afternoon,5,377.8,146.2,0.265,55.24,73.82,1.336,observed,A,54.0,2
C-S2-DEL,S2,DEL,K10,afternoon,9,345.6,60.6,0.071,20.96,19.89,0.949,observed,A,54.0,2
C-S2-DEL,S2,DEL,K10,afternoon,13,305.5,28.5,0.025,8.71,6.96,0.799,observed,A,54.0,2
C-S2-DEL,S2,DEL,K10,evening,1,393.1,325.9,0.835,128.09,233.07,1.819,observed,A,54.0,2
C-S2-DEL,S2,DEL,K10,evening,5,369.5,133.6,0.242,49.37,67.45,1.366,observed,A,54.0,2
C-S2-DEL,S2,DEL,K10,evening,9,338.0,55.4,0.065,18.73,18.18,0.971,observed,A,54.0,2
C-S2-DEL,S2,DEL,K10,evening,13,298.7,26.1,0.023,7.79,6.36,0.817,observed,A,54.0,2
C-S2-MUM,S2,MUM,K01,night,1,223.1,135.7,2.397,30.27,668.85,22.095,observed,A,227.0,3
C-S2-MUM,S2,MUM,K01,night,5,209.7,55.6,0.694,11.67,193.57,16.592,observed,A,227.0,3
C-S2-MUM,S2,MUM,K01,night,9,191.8,23.1,0.187,4.43,52.17,11.788,observed,A,227.0,3
C-S2-MUM,S2,MUM,K01,night,13,169.5,10.9,0.065,1.84,18.26,9.919,observed,A,227.0,3
C-S2-MUM,S2,MUM,K01,morning,1,220.5,275.1,4.86,60.67,1355.86,22.347,observed,A,227.0,3
C-S2-MUM,S2,MUM,K01,morning,5,207.3,112.8,1.406,23.38,392.4,16.781,observed,A,227.0,3
C-S2-MUM,S2,MUM,K01,morning,9,189.7,46.8,0.379,8.87,105.76,11.923,observed,A,227.0,3
C-S2-MUM,S2,MUM,K01,morning,13,167.6,22.0,0.133,3.69,37.01,10.032,observed,A,227.0,3
C-S2-MUM,S2,MUM,K01,afternoon,1,221.0,330.7,5.841,73.07,1629.75,22.304,observed,A,227.0,3
C-S2-MUM,S2,MUM,K01,afternoon,5,207.7,135.6,1.691,28.16,471.67,16.749,observed,A,227.0,3
C-S2-MUM,S2,MUM,K01,afternoon,9,190.0,56.2,0.456,10.68,127.12,11.9,observed,A,227.0,3
C-S2-MUM,S2,MUM,K01,afternoon,13,167.9,26.5,0.159,4.44,44.48,10.013,observed,A,227.0,3
C-S2-MUM,S2,MUM,K01,evening,1,215.5,352.8,6.233,76.03,1739.02,22.873,observed,A,227.0,2
C-S2-MUM,S2,MUM,K01,evening,5,202.5,144.7,1.804,29.3,503.29,17.176,observed,A,227.0,2
C-S2-MUM,S2,MUM,K01,evening,9,185.3,60.0,0.486,11.12,135.64,12.203,observed,A,227.0,2
C-S2-MUM,S2,MUM,K01,evening,13,163.8,28.2,0.17,4.62,47.47,10.268,observed,A,227.0,2
C-S2-MUM,S2,MUM,K05,night,1,369.6,212.8,1.651,78.66,460.74,5.858,observed,A,189.0,2
C-S2-MUM,S2,MUM,K05,night,5,347.5,87.2,0.478,30.31,133.34,4.399,observed,A,189.0,2
C-S2-MUM,S2,MUM,K05,night,9,317.9,36.2,0.129,11.5,35.94,3.125,observed,A,189.0,2
C-S2-MUM,S2,MUM,K05,night,13,280.9,17.0,0.045,4.78,12.58,2.63,observed,A,189.0,2
C-S2-MUM,S2,MUM,K05,morning,1,361.8,413.7,3.211,149.68,895.76,5.985,observed,A,189.0,2
C-S2-MUM,S2,MUM,K05,morning,5,340.1,169.6,0.929,57.69,259.24,4.494,observed,A,189.0,2
C-S2-MUM,S2,MUM,K05,morning,9,311.2,70.3,0.25,21.88,69.87,3.193,observed,A,189.0,2
C-S2-MUM,S2,MUM,K05,morning,13,275.0,33.1,0.088,9.1,24.45,2.687,observed,A,189.0,2
C-S2-MUM,S2,MUM,K05,afternoon,1,360.0,532.4,4.132,191.69,1152.86,6.014,observed,A,189.0,2
C-S2-MUM,S2,MUM,K05,afternoon,5,338.4,218.3,1.196,73.88,333.65,4.516,observed,A,189.0,2
C-S2-MUM,S2,MUM,K05,afternoon,9,309.6,90.5,0.322,28.02,89.92,3.209,observed,A,189.0,2
C-S2-MUM,S2,MUM,K05,afternoon,13,273.6,42.6,0.113,11.65,31.47,2.7,observed,A,189.0,2
C-S2-MUM,S2,MUM,K05,evening,1,368.3,527.2,4.092,194.17,1141.59,5.879,observed,A,189.0,2
C-S2-MUM,S2,MUM,K05,evening,5,346.2,216.2,1.184,74.83,330.39,4.415,observed,A,189.0,2
C-S2-MUM,S2,MUM,K05,evening,9,316.7,89.6,0.319,28.39,89.04,3.137,observed,A,189.0,2
C-S2-MUM,S2,MUM,K05,evening,13,279.9,42.2,0.112,11.81,31.16,2.639,observed,A,189.0,2
C-S2-MUM,S2,MUM,K06,night,1,431.9,59.8,0.254,25.82,70.8,2.742,observed,B,16.0,3
C-S2-MUM,S2,MUM,K06,night,5,406.0,24.5,0.073,9.95,20.49,2.059,observed,B,16.0,3
C-S2-MUM,S2,MUM,K06,night,9,371.5,10.2,0.02,3.78,5.52,1.463,observed,B,16.0,3
C-S2-MUM,S2,MUM,K06,night,13,328.3,4.8,0.007,1.57,1.93,1.231,observed,B,16.0,3
C-S2-MUM,S2,MUM,K06,morning,1,419.2,124.6,0.529,52.21,147.5,2.825,observed,B,16.0,3
C-S2-MUM,S2,MUM,K06,morning,5,394.0,51.1,0.153,20.12,42.69,2.121,observed,B,16.0,3
C-S2-MUM,S2,MUM,K06,morning,9,360.5,21.2,0.041,7.63,11.5,1.507,observed,B,16.0,3
C-S2-MUM,S2,MUM,K06,morning,13,318.6,10.0,0.014,3.17,4.03,1.268,observed,B,16.0,3
C-S2-MUM,S2,MUM,K06,afternoon,1,417.3,152.5,0.647,63.61,180.52,2.838,observed,B,16.0,3
C-S2-MUM,S2,MUM,K06,afternoon,5,392.2,62.5,0.187,24.52,52.25,2.131,observed,B,16.0,3
C-S2-MUM,S2,MUM,K06,afternoon,9,358.8,25.9,0.05,9.3,14.08,1.514,observed,B,16.0,3
C-S2-MUM,S2,MUM,K06,afternoon,13,317.1,12.2,0.018,3.87,4.93,1.274,observed,B,16.0,3
C-S2-MUM,S2,MUM,K06,evening,1,420.2,167.8,0.712,70.52,198.74,2.818,observed,B,16.0,3
C-S2-MUM,S2,MUM,K06,evening,5,395.0,68.8,0.206,27.18,57.52,2.116,observed,B,16.0,3
C-S2-MUM,S2,MUM,K06,evening,9,361.4,28.5,0.056,10.31,15.5,1.504,observed,B,16.0,3
C-S2-MUM,S2,MUM,K06,evening,13,319.3,13.4,0.019,4.29,5.42,1.265,observed,B,16.0,3
C-S2-MUM,S2,MUM,K10,night,1,451.3,89.2,0.188,40.25,52.51,1.305,observed,A,25.0,2
C-S2-MUM,S2,MUM,K10,night,5,424.2,36.6,0.054,15.51,15.2,0.98,observed,A,25.0,2
C-S2-MUM,S2,MUM,K10,night,9,388.1,15.2,0.015,5.89,4.1,0.696,observed,A,25.0,2
C-S2-MUM,S2,MUM,K10,night,13,343.0,7.1,0.005,2.45,1.43,0.586,observed,A,25.0,2
C-S2-MUM,S2,MUM,K10,morning,1,445.3,183.5,0.387,81.71,108.04,1.322,observed,A,25.0,2
C-S2-MUM,S2,MUM,K10,morning,5,418.6,75.2,0.112,31.49,31.27,0.993,observed,A,25.0,2
C-S2-MUM,S2,MUM,K10,morning,9,383.0,31.2,0.03,11.95,8.43,0.705,observed,A,25.0,2
C-S2-MUM,S2,MUM,K10,morning,13,338.4,14.7,0.011,4.97,2.95,0.594,observed,A,25.0,2
C-S2-MUM,S2,MUM,K10,afternoon,1,438.8,236.5,0.499,103.76,139.22,1.342,observed,A,25.0,2
C-S2-MUM,S2,MUM,K10,afternoon,5,412.5,97.0,0.144,39.99,40.29,1.008,observed,A,25.0,2
C-S2-MUM,S2,MUM,K10,afternoon,9,377.4,40.2,0.039,15.17,10.86,0.716,observed,A,25.0,2
C-S2-MUM,S2,MUM,K10,afternoon,13,333.5,18.9,0.014,6.31,3.8,0.602,observed,A,25.0,2
C-S2-MUM,S2,MUM,K10,evening,1,440.9,241.1,0.509,106.32,141.98,1.335,observed,A,25.0,2
C-S2-MUM,S2,MUM,K10,evening,5,414.4,98.9,0.147,40.97,41.09,1.003,observed,A,25.0,2
C-S2-MUM,S2,MUM,K10,evening,9,379.2,41.0,0.04,15.54,11.07,0.712,observed,A,25.0,2
C-S2-MUM,S2,MUM,K10,evening,13,335.1,19.3,0.014,6.46,3.88,0.599,observed,A,25.0,2
C-S2-BLR,S2,BLR,K01,night,1,216.7,103.0,1.565,22.32,436.72,19.569,observed,A,207.0,3
C-S2-BLR,S2,BLR,K01,night,5,203.7,42.2,0.453,8.6,126.39,14.695,observed,A,207.0,3
C-S2-BLR,S2,BLR,K01,night,9,186.4,17.5,0.122,3.26,34.06,10.44,observed,A,207.0,3
C-S2-BLR,S2,BLR,K01,night,13,164.7,8.2,0.043,1.36,11.92,8.785,observed,A,207.0,3
C-S2-BLR,S2,BLR,K01,morning,1,217.7,246.6,3.749,53.69,1045.99,19.482,observed,A,207.0,3
C-S2-BLR,S2,BLR,K01,morning,5,204.6,101.1,1.085,20.69,302.72,14.63,observed,A,207.0,3
C-S2-BLR,S2,BLR,K01,morning,9,187.2,41.9,0.292,7.85,81.59,10.394,observed,A,207.0,3
C-S2-BLR,S2,BLR,K01,morning,13,165.5,19.7,0.102,3.26,28.55,8.746,observed,A,207.0,3
C-S2-BLR,S2,BLR,K01,afternoon,1,218.5,320.3,4.869,69.97,1358.38,19.413,observed,A,207.0,3
C-S2-BLR,S2,BLR,K01,afternoon,5,205.4,131.3,1.409,26.97,393.13,14.578,observed,A,207.0,3
C-S2-BLR,S2,BLR,K01,afternoon,9,187.9,54.4,0.38,10.23,105.95,10.357,observed,A,207.0,3
C-S2-BLR,S2,BLR,K01,afternoon,13,166.0,25.6,0.133,4.25,37.08,8.715,observed,A,207.0,3
C-S2-BLR,S2,BLR,K01,evening,1,212.2,368.4,5.6,78.17,1562.36,19.986,observed,A,207.0,3
C-S2-BLR,S2,BLR,K01,evening,5,199.5,151.0,1.621,30.13,452.17,15.008,observed,A,207.0,3
C-S2-BLR,S2,BLR,K01,evening,9,182.5,62.6,0.437,11.43,121.86,10.663,observed,A,207.0,3
C-S2-BLR,S2,BLR,K01,evening,13,161.3,29.5,0.153,4.75,42.64,8.972,observed,A,207.0,3
C-S2-BLR,S2,BLR,K05,night,1,357.0,175.3,1.198,62.59,334.28,5.341,observed,A,204.0,2
C-S2-BLR,S2,BLR,K05,night,5,335.5,71.9,0.347,24.12,96.74,4.011,observed,A,204.0,2
C-S2-BLR,S2,BLR,K05,night,9,307.0,29.8,0.093,9.15,26.07,2.849,observed,A,204.0,2
C-S2-BLR,S2,BLR,K05,night,13,271.3,14.0,0.033,3.81,9.12,2.398,observed,A,204.0,2
C-S2-BLR,S2,BLR,K05,morning,1,346.5,416.5,2.846,144.31,794.06,5.503,observed,A,204.0,2
C-S2-BLR,S2,BLR,K05,morning,5,325.7,170.8,0.824,55.62,229.81,4.132,observed,A,204.0,2
C-S2-BLR,S2,BLR,K05,morning,9,298.0,70.8,0.222,21.1,61.94,2.936,observed,A,204.0,2
C-S2-BLR,S2,BLR,K05,morning,13,263.3,33.3,0.078,8.77,21.67,2.47,observed,A,204.0,2
C-S2-BLR,S2,BLR,K05,afternoon,1,346.3,529.8,3.621,183.46,1010.13,5.506,observed,A,204.0,2
C-S2-BLR,S2,BLR,K05,afternoon,5,325.5,217.2,1.048,70.71,292.34,4.135,observed,A,204.0,2
C-S2-BLR,S2,BLR,K05,afternoon,9,297.8,90.1,0.282,26.82,78.79,2.937,observed,A,204.0,2
C-S2-BLR,S2,BLR,K05,afternoon,13,263.2,42.4,0.099,11.15,27.57,2.472,observed,A,204.0,2
C-S2-BLR,S2,BLR,K05,evening,1,333.9,628.6,4.296,209.87,1198.5,5.711,observed,A,204.0,2
C-S2-BLR,S2,BLR,K05,evening,5,313.8,257.7,1.243,80.88,346.86,4.288,observed,A,204.0,2
C-S2-BLR,S2,BLR,K05,evening,9,287.1,106.9,0.335,30.68,93.48,3.047,observed,A,204.0,2
C-S2-BLR,S2,BLR,K05,evening,13,253.7,50.3,0.117,12.76,32.71,2.564,observed,A,204.0,2
C-S2-BLR,S2,BLR,K06,night,1,409.9,55.5,0.277,22.74,77.26,3.397,observed,A,28.0,3
C-S2-BLR,S2,BLR,K06,night,5,385.3,22.7,0.08,8.76,22.36,2.551,observed,A,28.0,3
C-S2-BLR,S2,BLR,K06,night,9,352.5,9.4,0.022,3.32,6.03,1.813,observed,A,28.0,3
C-S2-BLR,S2,BLR,K06,night,13,311.6,4.4,0.008,1.38,2.11,1.525,observed,A,28.0,3
C-S2-BLR,S2,BLR,K06,morning,1,394.6,133.6,0.667,52.73,186.09,3.529,observed,A,28.0,3
C-S2-BLR,S2,BLR,K06,morning,5,371.0,54.8,0.193,20.32,53.86,2.65,observed,A,28.0,3
C-S2-BLR,S2,BLR,K06,morning,9,339.4,22.7,0.052,7.71,14.51,1.883,observed,A,28.0,3
C-S2-BLR,S2,BLR,K06,morning,13,299.9,10.7,0.018,3.21,5.08,1.584,observed,A,28.0,3
C-S2-BLR,S2,BLR,K06,afternoon,1,392.1,163.6,0.817,64.15,227.86,3.552,observed,A,28.0,3
C-S2-BLR,S2,BLR,K06,afternoon,5,368.6,67.1,0.236,24.72,65.95,2.667,observed,A,28.0,3
C-S2-BLR,S2,BLR,K06,afternoon,9,337.2,27.8,0.064,9.38,17.77,1.895,observed,A,28.0,3
C-S2-BLR,S2,BLR,K06,afternoon,13,298.0,13.1,0.022,3.9,6.22,1.595,observed,A,28.0,3
C-S2-BLR,S2,BLR,K06,evening,1,381.7,198.5,0.991,75.76,276.4,3.648,observed,A,28.0,3
C-S2-BLR,S2,BLR,K06,evening,5,358.8,81.4,0.287,29.2,79.99,2.74,observed,A,28.0,3
C-S2-BLR,S2,BLR,K06,evening,9,328.3,33.7,0.077,11.08,21.56,1.946,observed,A,28.0,3
C-S2-BLR,S2,BLR,K06,evening,13,290.1,15.9,0.027,4.61,7.54,1.638,observed,A,28.0,3
C-S2-BLR,S2,BLR,K10,night,1,428.0,63.5,0.136,27.2,38.08,1.4,observed,A,26.0,2
C-S2-BLR,S2,BLR,K10,night,5,402.3,26.1,0.039,10.48,11.02,1.051,observed,A,26.0,2
C-S2-BLR,S2,BLR,K10,night,9,368.1,10.8,0.011,3.98,2.97,0.747,observed,A,26.0,2
C-S2-BLR,S2,BLR,K10,night,13,325.3,5.1,0.004,1.65,1.04,0.628,observed,A,26.0,2
C-S2-BLR,S2,BLR,K10,morning,1,414.9,172.9,0.371,71.74,103.6,1.444,observed,A,26.0,2
C-S2-BLR,S2,BLR,K10,morning,5,390.0,70.9,0.107,27.65,29.98,1.084,observed,A,26.0,2
C-S2-BLR,S2,BLR,K10,morning,9,356.8,29.4,0.029,10.49,8.08,0.77,observed,A,26.0,2
C-S2-BLR,S2,BLR,K10,morning,13,315.4,13.8,0.01,4.36,2.83,0.648,observed,A,26.0,2
C-S2-BLR,S2,BLR,K10,afternoon,1,417.8,215.5,0.463,90.05,129.14,1.434,observed,A,26.0,2
C-S2-BLR,S2,BLR,K10,afternoon,5,392.7,88.4,0.134,34.7,37.38,1.077,observed,A,26.0,2
C-S2-BLR,S2,BLR,K10,afternoon,9,359.3,36.6,0.036,13.16,10.07,0.765,observed,A,26.0,2
C-S2-BLR,S2,BLR,K10,afternoon,13,317.5,17.2,0.013,5.47,3.52,0.644,observed,A,26.0,2
C-S2-BLR,S2,BLR,K10,evening,1,410.9,250.2,0.537,102.8,149.89,1.458,observed,A,26.0,2
C-S2-BLR,S2,BLR,K10,evening,5,386.3,102.6,0.155,39.62,43.38,1.095,observed,A,26.0,2
C-S2-BLR,S2,BLR,K10,evening,9,353.4,42.5,0.042,15.03,11.69,0.778,observed,A,26.0,2
C-S2-BLR,S2,BLR,K10,evening,13,312.3,20.0,0.015,6.25,4.09,0.655,observed,A,26.0,2
C-S2-HYD,S2,HYD,K01,night,1,193.4,56.7,1.228,10.96,342.69,31.27,observed,A,110.0,4
C-S2-HYD,S2,HYD,K01,night,5,181.8,23.2,0.355,4.22,99.18,23.482,observed,A,110.0,4
C-S2-HYD,S2,HYD,K01,night,9,166.3,9.6,0.096,1.6,26.73,16.683,observed,A,110.0,4
C-S2-HYD,S2,HYD,K01,night,13,147.0,4.5,0.034,0.67,9.35,14.037,observed,A,110.0,4
C-S2-HYD,S2,HYD,K01,morning,1,199.0,150.3,3.258,29.92,908.98,30.377,observed,A,110.0,4
C-S2-HYD,S2,HYD,K01,morning,5,187.1,61.6,0.943,11.53,263.07,22.811,observed,A,110.0,4
C-S2-HYD,S2,HYD,K01,morning,9,171.2,25.6,0.254,4.37,70.9,16.207,observed,A,110.0,4
C-S2-HYD,S2,HYD,K01,morning,13,151.3,12.0,0.089,1.82,24.81,13.637,observed,A,110.0,4
C-S2-HYD,S2,HYD,K01,afternoon,1,200.5,182.6,3.957,36.61,1103.99,30.157,observed,A,110.0,4
C-S2-HYD,S2,HYD,K01,afternoon,5,188.5,74.9,1.145,14.11,319.51,22.646,observed,A,110.0,4
C-S2-HYD,S2,HYD,K01,afternoon,9,172.4,31.0,0.309,5.35,86.11,16.089,observed,A,110.0,4
C-S2-HYD,S2,HYD,K01,afternoon,13,152.4,14.6,0.108,2.23,30.13,13.538,observed,A,110.0,4
C-S2-HYD,S2,HYD,K01,evening,1,198.8,169.9,3.683,33.79,1027.42,30.409,observed,A,110.0,4
C-S2-HYD,S2,HYD,K01,evening,5,186.9,69.7,1.066,13.02,297.35,22.835,observed,A,110.0,4
C-S2-HYD,S2,HYD,K01,evening,9,171.0,28.9,0.287,4.94,80.14,16.223,observed,A,110.0,4
C-S2-HYD,S2,HYD,K01,evening,13,151.1,13.6,0.101,2.05,28.04,13.651,observed,A,110.0,4
C-S2-HYD,S2,HYD,K05,night,1,317.9,96.9,0.751,30.8,209.4,6.798,observed,A,108.0,2
C-S2-HYD,S2,HYD,K05,night,5,298.8,39.7,0.217,11.87,60.6,5.105,observed,A,108.0,2
C-S2-HYD,S2,HYD,K05,night,9,273.4,16.5,0.059,4.5,16.33,3.627,observed,A,108.0,2
C-S2-HYD,S2,HYD,K05,night,13,241.6,7.8,0.02,1.87,5.72,3.052,observed,A,108.0,2
C-S2-HYD,S2,HYD,K05,morning,1,308.1,230.3,1.784,70.95,497.69,7.014,observed,A,108.0,2
C-S2-HYD,S2,HYD,K05,morning,5,289.6,94.4,0.516,27.35,144.04,5.267,observed,A,108.0,2
C-S2-HYD,S2,HYD,K05,morning,9,265.0,39.2,0.139,10.37,38.82,3.742,observed,A,108.0,2
C-S2-HYD,S2,HYD,K05,morning,13,234.2,18.4,0.049,4.31,13.58,3.149,observed,A,108.0,2
C-S2-HYD,S2,HYD,K05,afternoon,1,303.9,288.2,2.233,87.6,622.9,7.111,observed,A,108.0,2
C-S2-HYD,S2,HYD,K05,afternoon,5,285.7,118.2,0.646,33.76,180.27,5.34,observed,A,108.0,2
C-S2-HYD,S2,HYD,K05,afternoon,9,261.4,49.0,0.174,12.81,48.59,3.794,observed,A,108.0,2
C-S2-HYD,S2,HYD,K05,afternoon,13,231.0,23.1,0.061,5.33,17.0,3.192,observed,A,108.0,2
C-S2-HYD,S2,HYD,K05,evening,1,303.0,252.2,1.953,76.4,544.93,7.133,observed,A,108.0,2
C-S2-HYD,S2,HYD,K05,evening,5,284.8,103.4,0.565,29.44,157.71,5.356,observed,A,108.0,2
C-S2-HYD,S2,HYD,K05,evening,9,260.6,42.9,0.152,11.17,42.5,3.806,observed,A,108.0,2
C-S2-HYD,S2,HYD,K05,evening,13,230.3,20.2,0.053,4.64,14.87,3.202,observed,A,108.0,2
C-S2-HYD,S2,HYD,K06,night,1,352.5,43.6,0.202,15.39,56.3,3.659,observed,A,34.0,2
C-S2-HYD,S2,HYD,K06,night,5,331.4,17.9,0.058,5.93,16.29,2.748,observed,A,34.0,2
C-S2-HYD,S2,HYD,K06,night,9,303.2,7.4,0.016,2.25,4.39,1.952,observed,A,34.0,2
C-S2-HYD,S2,HYD,K06,night,13,267.9,3.5,0.006,0.94,1.54,1.643,observed,A,34.0,2
C-S2-HYD,S2,HYD,K06,morning,1,346.6,120.7,0.558,41.85,155.74,3.721,observed,A,34.0,2
C-S2-HYD,S2,HYD,K06,morning,5,325.8,49.5,0.162,16.13,45.07,2.795,observed,A,34.0,2
C-S2-HYD,S2,HYD,K06,morning,9,298.1,20.5,0.044,6.12,12.15,1.985,observed,A,34.0,2
C-S2-HYD,S2,HYD,K06,morning,13,263.5,9.7,0.015,2.54,4.25,1.671,observed,A,34.0,2
C-S2-HYD,S2,HYD,K06,afternoon,1,340.2,155.1,0.717,52.75,200.04,3.792,observed,A,34.0,2
C-S2-HYD,S2,HYD,K06,afternoon,5,319.8,63.6,0.208,20.33,57.89,2.848,observed,A,34.0,2
C-S2-HYD,S2,HYD,K06,afternoon,9,292.5,26.4,0.056,7.71,15.6,2.023,observed,A,34.0,2
C-S2-HYD,S2,HYD,K06,afternoon,13,258.5,12.4,0.02,3.21,5.46,1.702,observed,A,34.0,2
C-S2-HYD,S2,HYD,K06,evening,1,341.7,132.5,0.613,45.29,170.98,3.775,observed,A,34.0,2
C-S2-HYD,S2,HYD,K06,evening,5,321.2,54.3,0.177,17.45,49.48,2.835,observed,A,34.0,2
C-S2-HYD,S2,HYD,K06,evening,9,293.9,22.5,0.048,6.62,13.34,2.014,observed,A,34.0,2
C-S2-HYD,S2,HYD,K06,evening,13,259.7,10.6,0.017,2.75,4.67,1.695,observed,A,34.0,2
C-S2-HYD,S2,HYD,K10,night,1,377.8,34.2,0.073,12.92,20.28,1.569,observed,B,17.0,1
C-S2-HYD,S2,HYD,K10,night,5,355.1,14.0,0.021,4.98,5.87,1.178,observed,B,17.0,1
C-S2-HYD,S2,HYD,K10,night,9,324.9,5.8,0.006,1.89,1.58,0.837,observed,B,17.0,1
C-S2-HYD,S2,HYD,K10,night,13,287.1,2.7,0.002,0.79,0.55,0.704,observed,B,17.0,1
C-S2-HYD,S2,HYD,K10,morning,1,371.9,100.0,0.212,37.18,59.27,1.594,observed,B,17.0,2
C-S2-HYD,S2,HYD,K10,morning,5,349.6,41.0,0.061,14.33,17.15,1.197,observed,B,17.0,2
C-S2-HYD,S2,HYD,K10,morning,9,319.8,17.0,0.017,5.44,4.62,0.85,observed,B,17.0,2
C-S2-HYD,S2,HYD,K10,morning,13,282.6,8.0,0.006,2.26,1.62,0.716,observed,B,17.0,2
C-S2-HYD,S2,HYD,K10,afternoon,1,366.4,132.2,0.281,48.43,78.35,1.618,observed,B,17.0,2
C-S2-HYD,S2,HYD,K10,afternoon,5,344.4,54.2,0.081,18.67,22.67,1.215,observed,B,17.0,2
C-S2-HYD,S2,HYD,K10,afternoon,9,315.1,22.5,0.022,7.08,6.11,0.863,observed,B,17.0,2
C-S2-HYD,S2,HYD,K10,afternoon,13,278.5,10.6,0.008,2.94,2.14,0.726,observed,B,17.0,2
C-S2-HYD,S2,HYD,K10,evening,1,367.3,108.2,0.23,39.75,64.14,1.614,observed,B,17.0,2
C-S2-HYD,S2,HYD,K10,evening,5,345.3,44.4,0.067,15.32,18.56,1.212,observed,B,17.0,2
C-S2-HYD,S2,HYD,K10,evening,9,315.9,18.4,0.018,5.81,5.0,0.861,observed,B,17.0,2
C-S2-HYD,S2,HYD,K10,evening,13,279.2,8.7,0.006,2.42,1.75,0.724,observed,B,17.0,2
C-S2-PUN,S2,PUN,K01,night,1,182.5,41.1,0.557,7.49,155.43,20.748,observed,A,52.0,4
C-S2-PUN,S2,PUN,K01,night,5,171.5,16.8,0.161,2.89,44.98,15.58,observed,A,52.0,4
C-S2-PUN,S2,PUN,K01,night,9,156.9,7.0,0.043,1.1,12.12,11.069,observed,A,52.0,4
C-S2-PUN,S2,PUN,K01,night,13,138.7,3.3,0.015,0.46,4.24,9.314,observed,A,52.0,4
C-S2-PUN,S2,PUN,K01,morning,1,187.5,115.3,1.565,21.62,436.6,20.194,observed,A,52.0,4
C-S2-PUN,S2,PUN,K01,morning,5,176.2,47.3,0.453,8.33,126.36,15.164,observed,A,52.0,4
C-S2-PUN,S2,PUN,K01,morning,9,161.2,19.6,0.122,3.16,34.06,10.774,observed,A,52.0,4
C-S2-PUN,S2,PUN,K01,morning,13,142.5,9.2,0.043,1.31,11.92,9.065,observed,A,52.0,4
C-S2-PUN,S2,PUN,K01,afternoon,1,187.8,143.8,1.952,27.01,544.48,20.16,observed,A,52.0,4
C-S2-PUN,S2,PUN,K01,afternoon,5,176.5,59.0,0.565,10.41,157.58,15.139,observed,A,52.0,4
C-S2-PUN,S2,PUN,K01,afternoon,9,161.5,24.4,0.152,3.95,42.47,10.755,observed,A,52.0,4
C-S2-PUN,S2,PUN,K01,afternoon,13,142.7,11.5,0.053,1.64,14.86,9.05,observed,A,52.0,4
C-S2-PUN,S2,PUN,K01,evening,1,186.4,116.5,1.581,21.72,441.06,20.311,observed,A,52.0,4
C-S2-PUN,S2,PUN,K01,evening,5,175.2,47.8,0.458,8.37,127.65,15.252,observed,A,52.0,4
C-S2-PUN,S2,PUN,K01,evening,9,160.3,19.8,0.123,3.17,34.4,10.836,observed,A,52.0,4
C-S2-PUN,S2,PUN,K01,evening,13,141.7,9.3,0.043,1.32,12.04,9.118,observed,A,52.0,4
C-S2-PUN,S2,PUN,K05,night,1,310.3,63.2,0.511,19.6,142.67,7.278,observed,A,75.0,2
C-S2-PUN,S2,PUN,K05,night,5,291.7,25.9,0.148,7.56,41.29,5.465,observed,A,75.0,2
C-S2-PUN,S2,PUN,K05,night,9,266.9,10.7,0.04,2.87,11.13,3.883,observed,A,75.0,2
C-S2-PUN,S2,PUN,K05,night,13,235.9,5.1,0.014,1.19,3.89,3.267,observed,A,75.0,2
C-S2-PUN,S2,PUN,K05,morning,1,297.5,160.4,1.299,47.72,362.34,7.593,observed,A,75.0,2
C-S2-PUN,S2,PUN,K05,morning,5,279.6,65.8,0.376,18.39,104.86,5.702,observed,A,75.0,2
C-S2-PUN,S2,PUN,K05,morning,9,255.8,27.3,0.101,6.98,28.26,4.051,observed,A,75.0,2
C-S2-PUN,S2,PUN,K05,morning,13,226.1,12.8,0.035,2.9,9.89,3.409,observed,A,75.0,2
C-S2-PUN,S2,PUN,K05,afternoon,1,297.3,193.4,1.565,57.49,436.77,7.598,observed,A,75.0,2
C-S2-PUN,S2,PUN,K05,afternoon,5,279.4,79.3,0.453,22.16,126.41,5.705,observed,A,75.0,2
C-S2-PUN,S2,PUN,K05,afternoon,9,255.7,32.9,0.122,8.4,34.07,4.053,observed,A,75.0,2
C-S2-PUN,S2,PUN,K05,afternoon,13,225.9,15.5,0.043,3.5,11.92,3.411,observed,A,75.0,2
C-S2-PUN,S2,PUN,K05,evening,1,294.0,169.9,1.375,49.94,383.7,7.683,observed,A,75.0,2
C-S2-PUN,S2,PUN,K05,evening,5,276.3,69.7,0.398,19.25,111.05,5.77,observed,A,75.0,2
C-S2-PUN,S2,PUN,K05,evening,9,252.8,28.9,0.107,7.3,29.93,4.099,observed,A,75.0,2
C-S2-PUN,S2,PUN,K05,evening,13,223.4,13.6,0.038,3.04,10.47,3.449,observed,A,75.0,2
C-S2-PUN,S2,PUN,K06,night,1,351.1,22.6,0.114,7.93,31.92,4.025,observed,B,16.0,3
C-S2-PUN,S2,PUN,K06,night,5,330.0,9.3,0.033,3.06,9.24,3.023,observed,B,16.0,3
C-S2-PUN,S2,PUN,K06,night,9,301.9,3.8,0.009,1.16,2.49,2.148,observed,B,16.0,3
C-S2-PUN,S2,PUN,K06,night,13,266.8,1.8,0.003,0.48,0.87,1.807,observed,B,16.0,3
C-S2-PUN,S2,PUN,K06,morning,1,348.0,68.4,0.346,23.8,96.65,4.061,observed,B,16.0,3
C-S2-PUN,S2,PUN,K06,morning,5,327.1,28.0,0.1,9.17,27.97,3.05,observed,B,16.0,3
C-S2-PUN,S2,PUN,K06,morning,9,299.3,11.6,0.027,3.48,7.54,2.167,observed,B,16.0,3
C-S2-PUN,S2,PUN,K06,morning,13,264.5,5.5,0.009,1.45,2.64,1.823,observed,B,16.0,3
C-S2-PUN,S2,PUN,K06,afternoon,1,345.0,92.7,0.47,32.0,131.06,4.096,observed,B,16.0,3
C-S2-PUN,S2,PUN,K06,afternoon,5,324.3,38.0,0.136,12.33,37.93,3.076,observed,B,16.0,3
C-S2-PUN,S2,PUN,K06,afternoon,9,296.7,15.8,0.037,4.68,10.22,2.185,observed,B,16.0,3
C-S2-PUN,S2,PUN,K06,afternoon,13,262.2,7.4,0.013,1.95,3.58,1.839,observed,B,16.0,3
C-S2-PUN,S2,PUN,K06,evening,1,343.9,75.2,0.381,25.87,106.32,4.11,observed,B,16.0,3
C-S2-PUN,S2,PUN,K06,evening,5,323.2,30.8,0.11,9.97,30.77,3.086,observed,B,16.0,3
C-S2-PUN,S2,PUN,K06,evening,9,295.7,12.8,0.03,3.78,8.29,2.193,observed,B,16.0,3
C-S2-PUN,S2,PUN,K06,evening,13,261.3,6.0,0.01,1.57,2.9,1.845,observed,B,16.0,3
C-S2-PUN,S2,PUN,K10,night,1,365.3,22.1,0.039,8.06,10.91,1.353,observed,C,7.0,1
C-S2-PUN,S2,PUN,K10,night,5,343.4,9.0,0.011,3.11,3.16,1.016,observed,C,7.0,1
C-S2-PUN,S2,PUN,K10,night,9,314.2,3.8,0.003,1.18,0.85,0.722,observed,C,7.0,1
C-S2-PUN,S2,PUN,K10,night,13,277.7,1.8,0.001,0.49,0.3,0.607,observed,C,7.0,1
C-S2-PUN,S2,PUN,K10,morning,1,361.8,69.8,0.124,25.25,34.5,1.366,observed,C,7.0,2
C-S2-PUN,S2,PUN,K10,morning,5,340.1,28.6,0.036,9.73,9.98,1.026,observed,C,7.0,2
C-S2-PUN,S2,PUN,K10,morning,9,311.2,11.9,0.01,3.69,2.69,0.729,observed,C,7.0,2
C-S2-PUN,S2,PUN,K10,morning,13,275.0,5.6,0.003,1.54,0.94,0.613,observed,C,7.0,2
C-S2-PUN,S2,PUN,K10,afternoon,1,360.8,92.1,0.163,33.23,45.54,1.37,observed,C,7.0,2
C-S2-PUN,S2,PUN,K10,afternoon,5,339.1,37.8,0.047,12.81,13.18,1.029,observed,C,7.0,2
C-S2-PUN,S2,PUN,K10,afternoon,9,310.3,15.7,0.013,4.86,3.55,0.731,observed,C,7.0,2
C-S2-PUN,S2,PUN,K10,afternoon,13,274.2,7.4,0.004,2.02,1.24,0.615,observed,C,7.0,2
C-S2-PUN,S2,PUN,K10,evening,1,356.0,72.9,0.129,25.95,36.04,1.389,observed,C,7.0,2
C-S2-PUN,S2,PUN,K10,evening,5,334.6,29.9,0.037,10.0,10.43,1.043,observed,C,7.0,2
C-S2-PUN,S2,PUN,K10,evening,9,306.1,12.4,0.01,3.79,2.81,0.741,observed,C,7.0,2
C-S2-PUN,S2,PUN,K10,evening,13,270.5,5.8,0.004,1.58,0.98,0.623,observed,C,7.0,2
C-S3-DEL,S3,DEL,K01,night,1,201.6,98.3,1.447,19.81,215.67,10.886,observed,A,184.0,2
C-S3-DEL,S3,DEL,K01,night,5,189.5,40.3,0.419,7.64,62.42,8.175,observed,A,184.0,2
C-S3-DEL,S3,DEL,K01,night,9,173.4,16.7,0.113,2.9,16.82,5.808,observed,A,184.0,2
C-S3-DEL,S3,DEL,K01,night,13,153.2,7.9,0.04,1.2,5.89,4.887,observed,A,184.0,2
C-S3-DEL,S3,DEL,K01,morning,1,202.0,238.1,3.507,48.1,522.53,10.863,observed,A,184.0,2
C-S3-DEL,S3,DEL,K01,morning,5,189.9,97.6,1.015,18.54,151.23,8.158,observed,A,184.0,2
C-S3-DEL,S3,DEL,K01,morning,9,173.8,40.5,0.274,7.03,40.76,5.796,observed,A,184.0,2
C-S3-DEL,S3,DEL,K01,morning,13,153.6,19.0,0.096,2.92,14.26,4.877,observed,A,184.0,2
C-S3-DEL,S3,DEL,K01,afternoon,1,202.8,306.5,4.516,62.16,672.81,10.824,observed,A,184.0,2
C-S3-DEL,S3,DEL,K01,afternoon,5,190.6,125.7,1.307,23.96,194.72,8.128,observed,A,184.0,2
C-S3-DEL,S3,DEL,K01,afternoon,9,174.4,52.1,0.352,9.09,52.48,5.775,observed,A,184.0,2
C-S3-DEL,S3,DEL,K01,afternoon,13,154.1,24.5,0.123,3.78,18.36,4.859,observed,A,184.0,2
C-S3-DEL,S3,DEL,K01,evening,1,203.6,386.4,5.692,78.67,848.17,10.782,observed,A,184.0,3
C-S3-DEL,S3,DEL,K01,evening,5,191.4,158.4,1.647,30.32,245.47,8.097,observed,A,184.0,3
C-S3-DEL,S3,DEL,K01,evening,9,175.1,65.7,0.444,11.5,66.16,5.752,observed,A,184.0,3
C-S3-DEL,S3,DEL,K01,evening,13,154.7,30.9,0.155,4.78,23.15,4.84,observed,A,184.0,3
C-S3-DEL,S3,DEL,K02,night,1,208.9,66.6,1.642,13.91,244.71,17.596,observed,A,243.0,2
C-S3-DEL,S3,DEL,K02,night,5,196.3,27.3,0.475,5.36,70.82,13.214,observed,A,243.0,2
C-S3-DEL,S3,DEL,K02,night,9,179.6,11.3,0.128,2.03,19.09,9.388,observed,A,243.0,2
C-S3-DEL,S3,DEL,K02,night,13,158.7,5.3,0.045,0.85,6.68,7.899,observed,A,243.0,2
C-S3-DEL,S3,DEL,K02,morning,1,203.2,149.7,3.694,30.43,550.35,18.084,observed,A,243.0,2
C-S3-DEL,S3,DEL,K02,morning,5,191.0,61.4,1.069,11.73,159.28,13.58,observed,A,243.0,2
C-S3-DEL,S3,DEL,K02,morning,9,174.8,25.5,0.288,4.45,42.93,9.648,observed,A,243.0,2
C-S3-DEL,S3,DEL,K02,morning,13,154.5,12.0,0.101,1.85,15.02,8.118,observed,A,243.0,2
C-S3-DEL,S3,DEL,K02,afternoon,1,202.8,194.2,4.792,39.39,713.95,18.125,observed,A,243.0,2
C-S3-DEL,S3,DEL,K02,afternoon,5,190.6,79.6,1.387,15.18,206.63,13.611,observed,A,243.0,2
C-S3-DEL,S3,DEL,K02,afternoon,9,174.4,33.0,0.374,5.76,55.69,9.67,observed,A,243.0,2
C-S3-DEL,S3,DEL,K02,afternoon,13,154.1,15.5,0.131,2.39,19.49,8.137,observed,A,243.0,2
C-S3-DEL,S3,DEL,K02,evening,1,199.9,176.4,4.351,35.26,648.33,18.386,observed,A,243.0,2
C-S3-DEL,S3,DEL,K02,evening,5,187.9,72.3,1.259,13.59,187.64,13.807,observed,A,243.0,2
C-S3-DEL,S3,DEL,K02,evening,9,171.9,30.0,0.339,5.16,50.57,9.809,observed,A,243.0,2
C-S3-DEL,S3,DEL,K02,evening,13,151.9,14.1,0.119,2.14,17.7,8.254,observed,A,243.0,2
C-S3-DEL,S3,DEL,K03,night,1,285.5,846.0,4.777,241.55,711.75,2.947,observed,A,513.0,3
C-S3-DEL,S3,DEL,K03,night,5,268.4,346.8,1.382,93.09,205.99,2.213,observed,A,513.0,3
C-S3-DEL,S3,DEL,K03,night,9,245.6,143.8,0.373,35.31,55.52,1.572,observed,A,513.0,3
C-S3-DEL,S3,DEL,K03,night,13,217.0,67.7,0.13,14.69,19.43,1.323,observed,A,513.0,3
C-S3-DEL,S3,DEL,K03,morning,1,281.2,1927.0,10.881,541.86,1621.25,2.992,observed,A,513.0,3
C-S3-DEL,S3,DEL,K03,morning,5,264.3,790.1,3.149,208.83,469.21,2.247,observed,A,513.0,3
C-S3-DEL,S3,DEL,K03,morning,9,241.8,327.6,0.849,79.22,126.46,1.596,observed,A,513.0,3
C-S3-DEL,S3,DEL,K03,morning,13,213.7,154.2,0.297,32.95,44.25,1.343,observed,A,513.0,3
C-S3-DEL,S3,DEL,K03,afternoon,1,280.5,2401.9,13.563,673.77,2020.87,2.999,observed,A,513.0,3
C-S3-DEL,S3,DEL,K03,afternoon,5,263.7,984.8,3.925,259.67,584.86,2.252,observed,A,513.0,3
C-S3-DEL,S3,DEL,K03,afternoon,9,241.2,408.3,1.058,98.51,157.63,1.6,observed,A,513.0,3
C-S3-DEL,S3,DEL,K03,afternoon,13,213.2,192.2,0.37,40.97,55.16,1.346,observed,A,513.0,3
C-S3-DEL,S3,DEL,K03,evening,1,277.2,2279.2,12.87,631.84,1917.64,3.035,observed,A,513.0,3
C-S3-DEL,S3,DEL,K03,evening,5,260.6,934.5,3.725,243.51,554.99,2.279,observed,A,513.0,3
C-S3-DEL,S3,DEL,K03,evening,9,238.4,387.5,1.004,92.37,149.58,1.619,observed,A,513.0,3
C-S3-DEL,S3,DEL,K03,evening,13,210.7,182.3,0.351,38.42,52.34,1.362,observed,A,513.0,3
C-S3-DEL,S3,DEL,K04,night,1,283.1,220.2,1.532,62.35,228.32,3.662,observed,A,185.0,3
C-S3-DEL,S3,DEL,K04,night,5,266.1,90.3,0.443,24.03,66.08,2.75,observed,A,185.0,3
C-S3-DEL,S3,DEL,K04,night,9,243.5,37.4,0.12,9.12,17.81,1.954,observed,A,185.0,3
C-S3-DEL,S3,DEL,K04,night,13,215.2,17.6,0.042,3.79,6.23,1.644,observed,A,185.0,3
C-S3-DEL,S3,DEL,K04,morning,1,277.6,485.6,3.379,134.81,503.51,3.735,observed,A,185.0,3
C-S3-DEL,S3,DEL,K04,morning,5,260.9,199.1,0.978,51.96,145.72,2.805,observed,A,185.0,3
C-S3-DEL,S3,DEL,K04,morning,9,238.7,82.6,0.264,19.71,39.27,1.993,observed,A,185.0,3
C-S3-DEL,S3,DEL,K04,morning,13,211.0,38.9,0.092,8.2,13.74,1.677,observed,A,185.0,3
C-S3-DEL,S3,DEL,K04,afternoon,1,273.0,615.5,4.283,168.02,638.19,3.798,observed,A,185.0,3
C-S3-DEL,S3,DEL,K04,afternoon,5,256.6,252.4,1.24,64.75,184.7,2.852,observed,A,185.0,3
C-S3-DEL,S3,DEL,K04,afternoon,9,234.7,104.6,0.334,24.56,49.78,2.027,observed,A,185.0,3
C-S3-DEL,S3,DEL,K04,afternoon,13,207.4,49.2,0.117,10.22,17.42,1.705,observed,A,185.0,3
C-S3-DEL,S3,DEL,K04,evening,1,269.8,589.4,4.101,159.04,611.11,3.842,observed,A,185.0,2
C-S3-DEL,S3,DEL,K04,evening,5,253.6,241.7,1.187,61.29,176.86,2.885,observed,A,185.0,2
C-S3-DEL,S3,DEL,K04,evening,9,232.0,100.2,0.32,23.25,47.67,2.05,observed,A,185.0,2
C-S3-DEL,S3,DEL,K04,evening,13,205.1,47.2,0.112,9.67,16.68,1.725,observed,A,185.0,2
C-S3-DEL,S3,DEL,K09,night,1,414.3,197.6,0.413,81.86,61.57,0.752,observed,A,74.0,2
C-S3-DEL,S3,DEL,K09,night,5,389.5,81.0,0.12,31.55,17.82,0.565,observed,A,74.0,2
C-S3-DEL,S3,DEL,K09,night,9,356.3,33.6,0.032,11.97,4.8,0.401,observed,A,74.0,2
C-S3-DEL,S3,DEL,K09,night,13,314.9,15.8,0.011,4.98,1.68,0.338,observed,A,74.0,2
C-S3-DEL,S3,DEL,K09,morning,1,402.5,462.7,0.968,186.24,144.19,0.774,observed,A,74.0,2
C-S3-DEL,S3,DEL,K09,morning,5,378.4,189.7,0.28,71.78,41.73,0.581,observed,A,74.0,2
C-S3-DEL,S3,DEL,K09,morning,9,346.2,78.7,0.075,27.23,11.25,0.413,observed,A,74.0,2
C-S3-DEL,S3,DEL,K09,morning,13,305.9,37.0,0.026,11.32,3.94,0.348,observed,A,74.0,2
C-S3-DEL,S3,DEL,K09,afternoon,1,404.5,572.5,1.197,231.55,178.42,0.771,observed,A,74.0,2
C-S3-DEL,S3,DEL,K09,afternoon,5,380.2,234.7,0.347,89.24,51.64,0.579,observed,A,74.0,2
C-S3-DEL,S3,DEL,K09,afternoon,9,347.8,97.3,0.093,33.85,13.92,0.411,observed,A,74.0,2
C-S3-DEL,S3,DEL,K09,afternoon,13,307.4,45.8,0.033,14.08,4.87,0.346,observed,A,74.0,2
C-S3-DEL,S3,DEL,K09,evening,1,402.8,516.1,1.079,207.88,160.83,0.774,observed,A,74.0,2
C-S3-DEL,S3,DEL,K09,evening,5,378.6,211.6,0.312,80.12,46.55,0.581,observed,A,74.0,2
C-S3-DEL,S3,DEL,K09,evening,9,346.4,87.7,0.084,30.39,12.54,0.413,observed,A,74.0,2
C-S3-DEL,S3,DEL,K09,evening,13,306.1,41.3,0.029,12.64,4.39,0.347,observed,A,74.0,2
C-S3-MUM,S3,MUM,K01,night,1,229.0,106.5,1.75,24.39,260.75,10.69,observed,A,84.0,5
C-S3-MUM,S3,MUM,K01,night,5,215.2,43.7,0.506,9.4,75.47,8.027,observed,A,84.0,5
C-S3-MUM,S3,MUM,K01,night,9,196.9,18.1,0.137,3.57,20.34,5.703,observed,A,84.0,5
C-S3-MUM,S3,MUM,K01,night,13,174.0,8.5,0.048,1.48,7.12,4.799,observed,A,84.0,5
C-S3-MUM,S3,MUM,K01,morning,1,230.7,213.5,3.508,49.27,522.63,10.607,observed,A,84.0,5
C-S3-MUM,S3,MUM,K01,morning,5,216.9,87.6,1.015,18.99,151.25,7.965,observed,A,84.0,5
C-S3-MUM,S3,MUM,K01,morning,9,198.4,36.3,0.274,7.2,40.77,5.659,observed,A,84.0,5
C-S3-MUM,S3,MUM,K01,morning,13,175.4,17.1,0.096,3.0,14.26,4.762,observed,A,84.0,5
C-S3-MUM,S3,MUM,K01,afternoon,1,230.5,260.0,4.27,59.93,636.26,10.617,observed,A,84.0,5
C-S3-MUM,S3,MUM,K01,afternoon,5,216.7,106.6,1.236,23.1,184.14,7.972,observed,A,84.0,5
C-S3-MUM,S3,MUM,K01,afternoon,9,198.3,44.2,0.333,8.76,49.63,5.664,observed,A,84.0,5
C-S3-MUM,S3,MUM,K01,afternoon,13,175.2,20.8,0.117,3.64,17.37,4.766,observed,A,84.0,5
C-S3-MUM,S3,MUM,K01,evening,1,227.4,282.1,4.633,64.13,690.34,10.764,observed,A,84.0,5
C-S3-MUM,S3,MUM,K01,evening,5,213.7,115.7,1.341,24.72,199.79,8.083,observed,A,84.0,5
C-S3-MUM,S3,MUM,K01,evening,9,195.5,48.0,0.361,9.38,53.85,5.743,observed,A,84.0,5
C-S3-MUM,S3,MUM,K01,evening,13,172.8,22.6,0.126,3.9,18.84,4.832,observed,A,84.0,5
C-S3-MUM,S3,MUM,K02,night,1,243.1,36.8,0.964,8.95,143.64,16.041,observed,A,148.0,2
C-S3-MUM,S3,MUM,K02,night,5,228.6,15.1,0.279,3.45,41.57,12.046,observed,A,148.0,2
C-S3-MUM,S3,MUM,K02,night,9,209.1,6.3,0.075,1.31,11.2,8.558,observed,A,148.0,2
C-S3-MUM,S3,MUM,K02,night,13,184.8,2.9,0.026,0.54,3.92,7.201,observed,A,148.0,2
C-S3-MUM,S3,MUM,K02,morning,1,242.0,88.9,2.326,21.5,346.53,16.116,observed,A,148.0,2
C-S3-MUM,S3,MUM,K02,morning,5,227.5,36.4,0.673,8.29,100.29,12.102,observed,A,148.0,2
C-S3-MUM,S3,MUM,K02,morning,9,208.1,15.1,0.181,3.14,27.03,8.598,observed,A,148.0,2
C-S3-MUM,S3,MUM,K02,morning,13,183.9,7.1,0.063,1.31,9.46,7.235,observed,A,148.0,2
C-S3-MUM,S3,MUM,K02,afternoon,1,241.5,110.8,2.899,26.75,431.98,16.149,observed,A,148.0,2
C-S3-MUM,S3,MUM,K02,afternoon,5,227.0,45.4,0.839,10.31,125.02,12.127,observed,A,148.0,2
C-S3-MUM,S3,MUM,K02,afternoon,9,207.7,18.8,0.226,3.91,33.69,8.616,observed,A,148.0,2
C-S3-MUM,S3,MUM,K02,afternoon,13,183.6,8.9,0.079,1.63,11.79,7.249,observed,A,148.0,2
C-S3-MUM,S3,MUM,K02,evening,1,237.2,121.4,3.177,28.79,473.42,16.442,observed,A,148.0,2
C-S3-MUM,S3,MUM,K02,evening,5,223.0,49.8,0.92,11.1,137.01,12.347,observed,A,148.0,2
C-S3-MUM,S3,MUM,K02,evening,9,204.0,20.6,0.248,4.21,36.93,8.772,observed,A,148.0,2
C-S3-MUM,S3,MUM,K02,evening,13,180.3,9.7,0.087,1.75,12.92,7.381,observed,A,148.0,2
C-S3-MUM,S3,MUM,K03,night,1,338.0,534.6,3.058,180.67,455.67,2.522,observed,A,240.0,3
C-S3-MUM,S3,MUM,K03,night,5,317.7,219.2,0.885,69.63,131.88,1.894,observed,A,240.0,3
C-S3-MUM,S3,MUM,K03,night,9,290.6,90.9,0.239,26.41,35.54,1.346,observed,A,240.0,3
C-S3-MUM,S3,MUM,K03,night,13,256.8,42.8,0.083,10.98,12.44,1.132,observed,A,240.0,3
C-S3-MUM,S3,MUM,K03,morning,1,334.3,985.8,5.639,329.56,840.22,2.549,observed,A,240.0,3
C-S3-MUM,S3,MUM,K03,morning,5,314.3,404.2,1.632,127.01,243.17,1.915,observed,A,240.0,3
C-S3-MUM,S3,MUM,K03,morning,9,287.5,167.6,0.44,48.18,65.54,1.36,observed,A,240.0,3
C-S3-MUM,S3,MUM,K03,morning,13,254.1,78.9,0.154,20.04,22.93,1.145,observed,A,240.0,3
C-S3-MUM,S3,MUM,K03,afternoon,1,331.2,1296.5,7.417,429.36,1105.13,2.574,observed,A,240.0,3
C-S3-MUM,S3,MUM,K03,afternoon,5,311.3,531.6,2.147,165.48,319.84,1.933,observed,A,240.0,3
C-S3-MUM,S3,MUM,K03,afternoon,9,284.8,220.4,0.579,62.77,86.2,1.373,observed,A,240.0,3
C-S3-MUM,S3,MUM,K03,afternoon,13,251.7,103.7,0.202,26.11,30.16,1.155,observed,A,240.0,3
C-S3-MUM,S3,MUM,K03,evening,1,329.4,1351.7,7.733,445.32,1152.14,2.587,observed,A,240.0,3
C-S3-MUM,S3,MUM,K03,evening,5,309.7,554.2,2.238,171.63,333.44,1.943,observed,A,240.0,3
C-S3-MUM,S3,MUM,K03,evening,9,283.3,229.8,0.603,65.11,89.87,1.38,observed,A,240.0,3
C-S3-MUM,S3,MUM,K03,evening,13,250.4,108.1,0.211,27.08,31.45,1.161,observed,A,240.0,3
C-S3-MUM,S3,MUM,K04,night,1,325.7,178.5,1.282,58.15,190.97,3.284,observed,A,203.0,2
C-S3-MUM,S3,MUM,K04,night,5,306.2,73.2,0.371,22.41,55.27,2.466,observed,A,203.0,2
C-S3-MUM,S3,MUM,K04,night,9,280.1,30.4,0.1,8.5,14.9,1.752,observed,A,203.0,2
C-S3-MUM,S3,MUM,K04,night,13,247.5,14.3,0.035,3.54,5.21,1.474,observed,A,203.0,2
C-S3-MUM,S3,MUM,K04,morning,1,320.8,353.2,2.535,113.29,377.72,3.334,observed,A,203.0,2
C-S3-MUM,S3,MUM,K04,morning,5,301.5,144.8,0.734,43.66,109.32,2.504,observed,A,203.0,2
C-S3-MUM,S3,MUM,K04,morning,9,275.9,60.0,0.198,16.56,29.46,1.779,observed,A,203.0,2
C-S3-MUM,S3,MUM,K04,morning,13,243.8,28.3,0.069,6.89,10.31,1.497,observed,A,203.0,2
C-S3-MUM,S3,MUM,K04,afternoon,1,321.8,440.5,3.162,141.75,471.15,3.324,observed,A,203.0,2
C-S3-MUM,S3,MUM,K04,afternoon,5,302.5,180.6,0.915,54.63,136.36,2.496,observed,A,203.0,2
C-S3-MUM,S3,MUM,K04,afternoon,9,276.7,74.9,0.247,20.72,36.75,1.773,observed,A,203.0,2
C-S3-MUM,S3,MUM,K04,afternoon,13,244.5,35.2,0.086,8.62,12.86,1.492,observed,A,203.0,2
C-S3-MUM,S3,MUM,K04,evening,1,317.6,472.9,3.395,150.18,505.8,3.368,observed,A,203.0,2
C-S3-MUM,S3,MUM,K04,evening,5,298.5,193.9,0.982,57.88,146.39,2.529,observed,A,203.0,2
C-S3-MUM,S3,MUM,K04,evening,9,273.1,80.4,0.265,21.96,39.45,1.797,observed,A,203.0,2
C-S3-MUM,S3,MUM,K04,evening,13,241.3,37.8,0.093,9.13,13.81,1.512,observed,A,203.0,2
C-S3-MUM,S3,MUM,K09,night,1,465.7,239.5,0.562,111.54,83.72,0.751,observed,A,103.0,1
C-S3-MUM,S3,MUM,K09,night,5,437.8,98.2,0.163,42.99,24.23,0.564,observed,A,103.0,1
C-S3-MUM,S3,MUM,K09,night,9,400.5,40.7,0.044,16.31,6.53,0.4,observed,A,103.0,1
C-S3-MUM,S3,MUM,K09,night,13,354.0,19.2,0.015,6.78,2.28,0.337,observed,A,103.0,1
C-S3-MUM,S3,MUM,K09,morning,1,465.0,495.5,1.162,230.41,173.2,0.752,observed,A,103.0,2
C-S3-MUM,S3,MUM,K09,morning,5,437.1,203.1,0.336,88.8,50.13,0.564,observed,A,103.0,2
C-S3-MUM,S3,MUM,K09,morning,9,399.9,84.2,0.091,33.69,13.51,0.401,observed,A,103.0,2
C-S3-MUM,S3,MUM,K09,morning,13,353.4,39.6,0.032,14.01,4.73,0.337,observed,A,103.0,2
C-S3-MUM,S3,MUM,K09,afternoon,1,465.3,608.2,1.427,283.0,212.62,0.751,observed,A,103.0,2
C-S3-MUM,S3,MUM,K09,afternoon,5,437.4,249.4,0.413,109.07,61.54,0.564,observed,A,103.0,2
C-S3-MUM,S3,MUM,K09,afternoon,9,400.1,103.4,0.111,41.37,16.58,0.401,observed,A,103.0,2
C-S3-MUM,S3,MUM,K09,afternoon,13,353.6,48.7,0.039,17.21,5.8,0.337,observed,A,103.0,2
C-S3-MUM,S3,MUM,K09,evening,1,460.5,631.1,1.481,290.65,220.63,0.759,observed,A,103.0,1
C-S3-MUM,S3,MUM,K09,evening,5,432.9,258.8,0.429,112.02,63.85,0.57,observed,A,103.0,1
C-S3-MUM,S3,MUM,K09,evening,9,396.0,107.3,0.115,42.49,17.21,0.405,observed,A,103.0,1
C-S3-MUM,S3,MUM,K09,evening,13,350.0,50.5,0.04,17.67,6.02,0.341,observed,A,103.0,1
C-S3-BLR,S3,BLR,K01,night,1,217.1,89.7,1.435,19.47,213.85,10.982,observed,A,123.0,3
C-S3-BLR,S3,BLR,K01,night,5,204.1,36.8,0.415,7.5,61.89,8.247,observed,A,123.0,3
C-S3-BLR,S3,BLR,K01,night,9,186.7,15.2,0.112,2.85,16.68,5.859,observed,A,123.0,3
C-S3-BLR,S3,BLR,K01,night,13,165.0,7.2,0.039,1.18,5.84,4.93,observed,A,123.0,3
C-S3-BLR,S3,BLR,K01,morning,1,216.4,214.5,3.432,46.41,511.41,11.019,observed,A,123.0,3
C-S3-BLR,S3,BLR,K01,morning,5,203.4,87.9,0.993,17.89,148.01,8.275,observed,A,123.0,3
C-S3-BLR,S3,BLR,K01,morning,9,186.1,36.5,0.268,6.79,39.89,5.879,observed,A,123.0,3
C-S3-BLR,S3,BLR,K01,morning,13,164.5,17.2,0.094,2.82,13.96,4.947,observed,A,123.0,3
C-S3-BLR,S3,BLR,K01,afternoon,1,215.6,275.5,4.409,59.38,656.9,11.062,observed,A,123.0,3
C-S3-BLR,S3,BLR,K01,afternoon,5,202.6,112.9,1.276,22.89,190.11,8.307,observed,A,123.0,3
C-S3-BLR,S3,BLR,K01,afternoon,9,185.4,46.8,0.344,8.68,51.24,5.902,observed,A,123.0,3
C-S3-BLR,S3,BLR,K01,afternoon,13,163.8,22.0,0.12,3.61,17.93,4.966,observed,A,123.0,3
C-S3-BLR,S3,BLR,K01,evening,1,217.6,215.5,3.449,46.89,513.95,10.96,truncated,A,123.0,3
C-S3-BLR,S3,BLR,K01,evening,5,204.5,88.4,0.998,18.07,148.74,8.23,truncated,A,123.0,3
C-S3-BLR,S3,BLR,K01,evening,9,187.1,36.6,0.269,6.86,40.09,5.847,truncated,A,123.0,3
C-S3-BLR,S3,BLR,K01,evening,13,165.4,17.2,0.094,2.85,14.03,4.92,truncated,A,123.0,3
C-S3-BLR,S3,BLR,K02,night,1,233.7,26.0,0.72,6.07,107.26,17.659,observed,A,114.0,2
C-S3-BLR,S3,BLR,K02,night,5,219.6,10.7,0.208,2.34,31.04,13.261,observed,A,114.0,2
C-S3-BLR,S3,BLR,K02,night,9,201.0,4.4,0.056,0.89,8.37,9.421,observed,A,114.0,2
C-S3-BLR,S3,BLR,K02,night,13,177.6,2.1,0.02,0.37,2.93,7.927,observed,A,114.0,2
C-S3-BLR,S3,BLR,K02,morning,1,231.1,81.2,2.249,18.77,335.15,17.854,observed,A,114.0,2
C-S3-BLR,S3,BLR,K02,morning,5,217.2,33.3,0.651,7.23,97.0,13.408,observed,A,114.0,2
C-S3-BLR,S3,BLR,K02,morning,9,198.8,13.8,0.175,2.74,26.14,9.526,observed,A,114.0,2
C-S3-BLR,S3,BLR,K02,morning,13,175.6,6.5,0.061,1.14,9.15,8.015,observed,A,114.0,2
C-S3-BLR,S3,BLR,K02,afternoon,1,233.1,102.8,2.848,23.98,424.36,17.7,observed,A,114.0,2
C-S3-BLR,S3,BLR,K02,afternoon,5,219.1,42.2,0.824,9.24,122.82,13.291,observed,A,114.0,2
C-S3-BLR,S3,BLR,K02,afternoon,9,200.5,17.5,0.222,3.51,33.1,9.443,observed,A,114.0,2
C-S3-BLR,S3,BLR,K02,afternoon,13,177.2,8.2,0.078,1.46,11.58,7.946,observed,A,114.0,2
C-S3-BLR,S3,BLR,K02,evening,1,233.9,74.2,2.056,17.36,306.32,17.64,truncated,A,114.0,2
C-S3-BLR,S3,BLR,K02,evening,5,219.9,30.4,0.595,6.69,88.65,13.247,truncated,A,114.0,2
C-S3-BLR,S3,BLR,K02,evening,9,201.2,12.6,0.16,2.54,23.89,9.411,truncated,A,114.0,2
C-S3-BLR,S3,BLR,K02,evening,13,177.8,5.9,0.056,1.06,8.36,7.919,truncated,A,114.0,2
C-S3-BLR,S3,BLR,K03,night,1,315.3,477.0,3.017,150.4,449.52,2.989,observed,A,226.0,3
C-S3-BLR,S3,BLR,K03,night,5,296.4,195.6,0.873,57.96,130.1,2.244,observed,A,226.0,3
C-S3-BLR,S3,BLR,K03,night,9,271.2,81.1,0.235,21.99,35.06,1.595,observed,A,226.0,3
C-S3-BLR,S3,BLR,K03,night,13,239.6,38.2,0.082,9.14,12.27,1.342,observed,A,226.0,3
C-S3-BLR,S3,BLR,K03,morning,1,304.7,1156.4,7.314,352.3,1089.84,3.093,observed,A,226.0,3
C-S3-BLR,S3,BLR,K03,morning,5,286.4,474.1,2.117,135.78,315.41,2.323,observed,A,226.0,3
C-S3-BLR,S3,BLR,K03,morning,9,262.0,196.6,0.571,51.51,85.01,1.65,observed,A,226.0,3
C-S3-BLR,S3,BLR,K03,morning,13,231.5,92.5,0.2,21.42,29.75,1.389,observed,A,226.0,3
C-S3-BLR,S3,BLR,K03,afternoon,1,305.1,1381.4,8.738,421.45,1301.93,3.089,observed,A,226.0,4
C-S3-BLR,S3,BLR,K03,afternoon,5,286.8,566.4,2.529,162.43,376.79,2.32,observed,A,226.0,4
C-S3-BLR,S3,BLR,K03,afternoon,9,262.4,234.8,0.682,61.62,101.55,1.648,observed,A,226.0,4
C-S3-BLR,S3,BLR,K03,afternoon,13,231.9,110.5,0.238,25.62,35.53,1.387,observed,A,226.0,4
C-S3-BLR,S3,BLR,K03,evening,1,313.0,1101.6,6.968,344.82,1038.19,3.011,truncated,A,226.0,4
C-S3-BLR,S3,BLR,K03,evening,5,294.2,451.6,2.017,132.89,300.46,2.261,truncated,A,226.0,4
C-S3-BLR,S3,BLR,K03,evening,9,269.2,187.3,0.543,50.41,80.98,1.606,truncated,A,226.0,4
C-S3-BLR,S3,BLR,K03,evening,13,237.9,88.1,0.19,20.97,28.34,1.352,truncated,A,226.0,4
C-S3-BLR,S3,BLR,K04,night,1,317.3,89.1,0.552,28.26,82.22,2.909,observed,A,59.0,2
C-S3-BLR,S3,BLR,K04,night,5,298.3,36.5,0.16,10.89,23.79,2.185,observed,A,59.0,2
C-S3-BLR,S3,BLR,K04,night,9,272.9,15.1,0.043,4.13,6.41,1.552,observed,A,59.0,2
C-S3-BLR,S3,BLR,K04,night,13,241.1,7.1,0.015,1.72,2.24,1.306,observed,A,59.0,2
C-S3-BLR,S3,BLR,K04,morning,1,312.0,206.3,1.278,64.36,190.45,2.959,observed,A,59.0,3
C-S3-BLR,S3,BLR,K04,morning,5,293.2,84.6,0.37,24.8,55.12,2.222,observed,A,59.0,3
C-S3-BLR,S3,BLR,K04,morning,9,268.3,35.1,0.1,9.41,14.86,1.579,observed,A,59.0,3
C-S3-BLR,S3,BLR,K04,morning,13,237.1,16.5,0.035,3.91,5.2,1.328,observed,A,59.0,3
C-S3-BLR,S3,BLR,K04,afternoon,1,308.9,252.7,1.565,78.05,233.24,2.988,observed,A,59.0,2
C-S3-BLR,S3,BLR,K04,afternoon,5,290.4,103.6,0.453,30.08,67.5,2.244,observed,A,59.0,2
C-S3-BLR,S3,BLR,K04,afternoon,9,265.7,43.0,0.122,11.41,18.19,1.594,observed,A,59.0,2
C-S3-BLR,S3,BLR,K04,afternoon,13,234.8,20.2,0.043,4.75,6.37,1.341,observed,A,59.0,2
C-S3-BLR,S3,BLR,K04,evening,1,317.5,287.4,1.78,91.23,265.27,2.908,truncated,A,59.0,3
C-S3-BLR,S3,BLR,K04,evening,5,298.4,117.8,0.515,35.16,76.77,2.184,truncated,A,59.0,3
C-S3-BLR,S3,BLR,K04,evening,9,273.0,48.9,0.139,13.34,20.69,1.551,truncated,A,59.0,3
C-S3-BLR,S3,BLR,K04,evening,13,241.3,23.0,0.049,5.55,7.24,1.305,truncated,A,59.0,3
C-S3-BLR,S3,BLR,K09,night,1,437.9,188.7,0.407,82.62,60.64,0.734,observed,A,68.0,1
C-S3-BLR,S3,BLR,K09,night,5,411.7,77.4,0.118,31.84,17.55,0.551,observed,A,68.0,1
C-S3-BLR,S3,BLR,K09,night,9,376.6,32.1,0.032,12.08,4.73,0.392,observed,A,68.0,1
C-S3-BLR,S3,BLR,K09,night,13,332.8,15.1,0.011,5.02,1.66,0.329,observed,A,68.0,1
C-S3-BLR,S3,BLR,K09,morning,1,442.6,414.3,0.894,183.39,133.17,0.726,observed,A,68.0,2
C-S3-BLR,S3,BLR,K09,morning,5,416.0,169.9,0.259,70.68,38.54,0.545,observed,A,68.0,2
C-S3-BLR,S3,BLR,K09,morning,9,380.6,70.4,0.07,26.81,10.39,0.387,observed,A,68.0,2
C-S3-BLR,S3,BLR,K09,morning,13,336.4,33.1,0.024,11.15,3.63,0.326,observed,A,68.0,2
C-S3-BLR,S3,BLR,K09,afternoon,1,434.3,557.8,1.203,242.25,179.27,0.74,observed,A,68.0,2
C-S3-BLR,S3,BLR,K09,afternoon,5,408.3,228.7,0.348,93.36,51.88,0.556,observed,A,68.0,2
C-S3-BLR,S3,BLR,K09,afternoon,9,373.5,94.8,0.094,35.42,13.98,0.395,observed,A,68.0,2
C-S3-BLR,S3,BLR,K09,afternoon,13,330.1,44.6,0.033,14.73,4.89,0.332,observed,A,68.0,2
C-S3-BLR,S3,BLR,K09,evening,1,438.7,311.3,0.672,136.58,100.06,0.733,truncated,A,68.0,1
C-S3-BLR,S3,BLR,K09,evening,5,412.4,127.6,0.194,52.64,28.96,0.55,truncated,A,68.0,1
C-S3-BLR,S3,BLR,K09,evening,9,377.3,52.9,0.052,19.97,7.8,0.391,truncated,A,68.0,1
C-S3-BLR,S3,BLR,K09,evening,13,333.4,24.9,0.018,8.3,2.73,0.329,truncated,A,68.0,1
C-S3-HYD,S3,HYD,K01,night,1,191.6,25.7,0.41,4.92,61.02,12.409,observed,B,13.0,9
C-S3-HYD,S3,HYD,K01,night,5,180.1,10.5,0.119,1.9,17.66,9.318,observed,B,13.0,9
C-S3-HYD,S3,HYD,K01,night,9,164.7,4.4,0.032,0.72,4.76,6.62,observed,B,13.0,9
C-S3-HYD,S3,HYD,K01,night,13,145.6,2.1,0.011,0.3,1.67,5.57,observed,B,13.0,9
C-S3-HYD,S3,HYD,K01,morning,1,196.1,71.7,1.143,14.06,170.33,12.119,observed,B,13.0,8
C-S3-HYD,S3,HYD,K01,morning,5,184.4,29.4,0.331,5.42,49.29,9.1,observed,B,13.0,8
C-S3-HYD,S3,HYD,K01,morning,9,168.7,12.2,0.089,2.05,13.29,6.465,observed,B,13.0,8
C-S3-HYD,S3,HYD,K01,morning,13,149.1,5.7,0.031,0.85,4.65,5.44,observed,B,13.0,8
C-S3-HYD,S3,HYD,K01,afternoon,1,198.5,91.5,1.459,18.16,217.43,11.975,observed,B,13.0,7
C-S3-HYD,S3,HYD,K01,afternoon,5,186.6,37.5,0.422,7.0,62.93,8.993,observed,B,13.0,7
C-S3-HYD,S3,HYD,K01,afternoon,9,170.7,15.6,0.114,2.65,16.96,6.389,observed,B,13.0,7
C-S3-HYD,S3,HYD,K01,afternoon,13,150.8,7.3,0.04,1.1,5.93,5.376,observed,B,13.0,7
C-S3-HYD,S3,HYD,K01,evening,1,194.6,77.1,1.23,15.0,183.27,12.214,observed,B,13.0,8
C-S3-HYD,S3,HYD,K01,evening,5,182.9,31.6,0.356,5.78,53.04,9.172,observed,B,13.0,8
C-S3-HYD,S3,HYD,K01,evening,9,167.4,13.1,0.096,2.19,14.3,6.516,observed,B,13.0,8
C-S3-HYD,S3,HYD,K01,evening,13,147.9,6.2,0.034,0.91,5.0,5.483,observed,B,13.0,8
C-S3-HYD,S3,HYD,K02,night,1,200.8,21.2,0.561,4.25,83.65,19.672,observed,A,138.0,1
C-S3-HYD,S3,HYD,K02,night,5,188.8,8.7,0.162,1.64,24.21,14.772,observed,A,138.0,1
C-S3-HYD,S3,HYD,K02,night,9,172.7,3.6,0.044,0.62,6.52,10.495,observed,A,138.0,1
C-S3-HYD,S3,HYD,K02,night,13,152.6,1.7,0.015,0.26,2.28,8.831,observed,A,138.0,1
C-S3-HYD,S3,HYD,K02,morning,1,200.5,62.4,1.654,12.51,246.39,19.7,observed,A,138.0,1
C-S3-HYD,S3,HYD,K02,morning,5,188.5,25.6,0.479,4.82,71.31,14.794,observed,A,138.0,1
C-S3-HYD,S3,HYD,K02,morning,9,172.4,10.6,0.129,1.83,19.22,10.51,observed,A,138.0,1
C-S3-HYD,S3,HYD,K02,morning,13,152.4,5.0,0.045,0.76,6.72,8.844,observed,A,138.0,1
C-S3-HYD,S3,HYD,K02,afternoon,1,200.3,83.7,2.22,16.77,330.79,19.719,observed,A,138.0,1
C-S3-HYD,S3,HYD,K02,afternoon,5,188.3,34.3,0.643,6.47,95.74,14.808,observed,A,138.0,1
C-S3-HYD,S3,HYD,K02,afternoon,9,172.3,14.2,0.173,2.45,25.8,10.521,observed,A,138.0,1
C-S3-HYD,S3,HYD,K02,afternoon,13,152.2,6.7,0.061,1.02,9.03,8.852,observed,A,138.0,1
C-S3-HYD,S3,HYD,K02,evening,1,198.1,70.4,1.865,13.94,277.95,19.945,observed,A,138.0,1
C-S3-HYD,S3,HYD,K02,evening,5,186.2,28.8,0.54,5.37,80.44,14.977,observed,A,138.0,1
C-S3-HYD,S3,HYD,K02,evening,9,170.3,12.0,0.146,2.04,21.68,10.641,observed,A,138.0,1
C-S3-HYD,S3,HYD,K02,evening,13,150.5,5.6,0.051,0.85,7.59,8.954,observed,A,138.0,1
C-S3-HYD,S3,HYD,K03,night,1,284.3,201.6,1.093,57.3,162.88,2.842,observed,A,75.0,4
C-S3-HYD,S3,HYD,K03,night,5,267.2,82.7,0.316,22.09,47.14,2.134,observed,A,75.0,4
C-S3-HYD,S3,HYD,K03,night,9,244.5,34.3,0.085,8.38,12.7,1.516,observed,A,75.0,4
C-S3-HYD,S3,HYD,K03,night,13,216.0,16.1,0.03,3.48,4.45,1.276,observed,A,75.0,4
C-S3-HYD,S3,HYD,K03,morning,1,269.9,479.9,2.602,129.52,387.75,2.994,observed,A,75.0,4
C-S3-HYD,S3,HYD,K03,morning,5,253.7,196.8,0.753,49.92,112.22,2.248,observed,A,75.0,4
C-S3-HYD,S3,HYD,K03,morning,9,232.1,81.6,0.203,18.94,30.24,1.597,observed,A,75.0,4
C-S3-HYD,S3,HYD,K03,morning,13,205.1,38.4,0.071,7.87,10.58,1.344,observed,A,75.0,4
C-S3-HYD,S3,HYD,K03,afternoon,1,267.7,564.9,3.064,151.24,456.47,3.018,observed,A,75.0,4
C-S3-HYD,S3,HYD,K03,afternoon,5,251.7,231.6,0.887,58.29,132.11,2.266,observed,A,75.0,4
C-S3-HYD,S3,HYD,K03,afternoon,9,230.2,96.0,0.239,22.11,35.6,1.61,observed,A,75.0,4
C-S3-HYD,S3,HYD,K03,afternoon,13,203.5,45.2,0.084,9.2,12.46,1.355,observed,A,75.0,4
C-S3-HYD,S3,HYD,K03,evening,1,266.9,529.3,2.87,141.26,427.67,3.028,observed,A,75.0,4
C-S3-HYD,S3,HYD,K03,evening,5,250.9,217.0,0.831,54.44,123.77,2.273,observed,A,75.0,4
C-S3-HYD,S3,HYD,K03,evening,9,229.5,90.0,0.224,20.65,33.36,1.615,observed,A,75.0,4
C-S3-HYD,S3,HYD,K03,evening,13,202.8,42.3,0.078,8.59,11.67,1.359,observed,A,75.0,4
C-S3-HYD,S3,HYD,K04,night,1,278.9,41.9,0.245,11.7,36.47,3.117,observed,B,23.0,3
C-S3-HYD,S3,HYD,K04,night,5,262.2,17.2,0.071,4.51,10.56,2.341,observed,B,23.0,3
C-S3-HYD,S3,HYD,K04,night,9,239.9,7.1,0.019,1.71,2.84,1.663,observed,B,23.0,3
C-S3-HYD,S3,HYD,K04,night,13,212.0,3.4,0.007,0.71,1.0,1.399,observed,B,23.0,3
C-S3-HYD,S3,HYD,K04,morning,1,268.8,114.9,0.671,30.9,99.95,3.235,observed,B,23.0,4
C-S3-HYD,S3,HYD,K04,morning,5,252.7,47.1,0.194,11.91,28.93,2.429,observed,B,23.0,4
C-S3-HYD,S3,HYD,K04,morning,9,231.2,19.5,0.052,4.52,7.8,1.726,observed,B,23.0,4
C-S3-HYD,S3,HYD,K04,morning,13,204.3,9.2,0.018,1.88,2.73,1.452,observed,B,23.0,4
C-S3-HYD,S3,HYD,K04,afternoon,1,264.6,150.3,0.877,39.77,130.71,3.287,observed,B,23.0,4
C-S3-HYD,S3,HYD,K04,afternoon,5,248.7,61.6,0.254,15.33,37.83,2.468,observed,B,23.0,4
C-S3-HYD,S3,HYD,K04,afternoon,9,227.5,25.6,0.068,5.81,10.2,1.754,observed,B,23.0,4
C-S3-HYD,S3,HYD,K04,afternoon,13,201.1,12.0,0.024,2.42,3.57,1.476,observed,B,23.0,4
C-S3-HYD,S3,HYD,K04,evening,1,265.7,121.7,0.71,32.34,105.82,3.272,observed,B,23.0,4
C-S3-HYD,S3,HYD,K04,evening,5,249.8,49.9,0.206,12.46,30.63,2.457,observed,B,23.0,4
C-S3-HYD,S3,HYD,K04,evening,9,228.5,20.7,0.055,4.73,8.25,1.746,observed,B,23.0,4
C-S3-HYD,S3,HYD,K04,evening,13,202.0,9.7,0.019,1.97,2.89,1.469,observed,B,23.0,4
C-S3-HYD,S3,HYD,K09,night,1,421.6,85.5,0.19,36.04,28.33,0.786,observed,B,22.0,4
C-S3-HYD,S3,HYD,K09,night,5,396.3,35.0,0.055,13.89,8.2,0.59,observed,B,22.0,4
C-S3-HYD,S3,HYD,K09,night,9,362.6,14.5,0.015,5.27,2.21,0.419,observed,B,22.0,4
C-S3-HYD,S3,HYD,K09,night,13,320.4,6.8,0.005,2.19,0.77,0.353,observed,B,22.0,4
C-S3-HYD,S3,HYD,K09,morning,1,424.5,224.9,0.5,95.46,74.53,0.781,observed,B,22.0,4
C-S3-HYD,S3,HYD,K09,morning,5,399.0,92.2,0.145,36.79,21.57,0.586,observed,B,22.0,4
C-S3-HYD,S3,HYD,K09,morning,9,365.1,38.2,0.039,13.96,5.81,0.417,observed,B,22.0,4
C-S3-HYD,S3,HYD,K09,morning,13,322.6,18.0,0.014,5.8,2.03,0.35,observed,B,22.0,4
C-S3-HYD,S3,HYD,K09,afternoon,1,425.2,264.6,0.589,112.52,87.7,0.779,observed,B,22.0,4
C-S3-HYD,S3,HYD,K09,afternoon,5,399.6,108.5,0.17,43.36,25.38,0.585,observed,B,22.0,4
C-S3-HYD,S3,HYD,K09,afternoon,9,365.6,45.0,0.046,16.45,6.84,0.416,observed,B,22.0,4
C-S3-HYD,S3,HYD,K09,afternoon,13,323.1,21.2,0.016,6.84,2.39,0.35,observed,B,22.0,4
C-S3-HYD,S3,HYD,K09,evening,1,421.8,233.0,0.518,98.31,77.23,0.786,observed,B,22.0,4
C-S3-HYD,S3,HYD,K09,evening,5,396.5,95.5,0.15,37.89,22.35,0.59,observed,B,22.0,4
C-S3-HYD,S3,HYD,K09,evening,9,362.8,39.6,0.04,14.37,6.02,0.419,observed,B,22.0,4
C-S3-HYD,S3,HYD,K09,evening,13,320.6,18.6,0.014,5.98,2.11,0.353,observed,B,22.0,4
C-S3-PUN,S3,PUN,K01,night,1,183.5,37.0,0.735,6.8,109.51,16.113,observed,A,40.0,6
C-S3-PUN,S3,PUN,K01,night,5,172.5,15.2,0.213,2.62,31.69,12.1,observed,A,40.0,6
C-S3-PUN,S3,PUN,K01,night,9,157.8,6.3,0.057,0.99,8.54,8.597,observed,A,40.0,6
C-S3-PUN,S3,PUN,K01,night,13,139.5,3.0,0.02,0.41,2.99,7.233,observed,A,40.0,6
C-S3-PUN,S3,PUN,K01,morning,1,189.5,100.4,1.992,19.03,296.86,15.601,observed,A,40.0,6
C-S3-PUN,S3,PUN,K01,morning,5,178.2,41.2,0.577,7.33,85.91,11.716,observed,A,40.0,6
C-S3-PUN,S3,PUN,K01,morning,9,163.0,17.1,0.155,2.78,23.15,8.324,observed,A,40.0,6
C-S3-PUN,S3,PUN,K01,morning,13,144.0,8.0,0.054,1.16,8.1,7.004,observed,A,40.0,6
C-S3-PUN,S3,PUN,K01,afternoon,1,190.6,123.7,2.456,23.59,365.91,15.511,observed,A,40.0,6
C-S3-PUN,S3,PUN,K01,afternoon,5,179.2,50.7,0.711,9.09,105.9,11.647,observed,A,40.0,6
C-S3-PUN,S3,PUN,K01,afternoon,9,164.0,21.0,0.192,3.45,28.54,8.275,observed,A,40.0,6
C-S3-PUN,S3,PUN,K01,afternoon,13,144.9,9.9,0.067,1.43,9.99,6.963,observed,A,40.0,6
C-S3-PUN,S3,PUN,K01,evening,1,188.0,103.0,2.044,19.36,304.5,15.728,observed,A,40.0,6
C-S3-PUN,S3,PUN,K01,evening,5,176.7,42.2,0.591,7.46,88.13,11.811,observed,A,40.0,6
C-S3-PUN,S3,PUN,K01,evening,9,161.7,17.5,0.159,2.83,23.75,8.391,observed,A,40.0,6
C-S3-PUN,S3,PUN,K01,evening,13,142.9,8.2,0.056,1.18,8.31,7.061,observed,A,40.0,6
C-S3-PUN,S3,PUN,K02,night,1,192.3,16.2,0.389,3.13,57.96,18.545,observed,A,92.0,1
C-S3-PUN,S3,PUN,K02,night,5,180.8,6.7,0.113,1.2,16.77,13.926,observed,A,92.0,1
C-S3-PUN,S3,PUN,K02,night,9,165.4,2.8,0.03,0.46,4.52,9.894,observed,A,92.0,1
C-S3-PUN,S3,PUN,K02,night,13,146.2,1.3,0.011,0.19,1.58,8.325,observed,A,92.0,1
C-S3-PUN,S3,PUN,K02,morning,1,192.4,44.2,1.059,8.51,157.8,18.537,observed,A,92.0,1
C-S3-PUN,S3,PUN,K02,morning,5,180.9,18.1,0.307,3.28,45.67,13.92,observed,A,92.0,1
C-S3-PUN,S3,PUN,K02,morning,9,165.5,7.5,0.083,1.24,12.31,9.89,observed,A,92.0,1
C-S3-PUN,S3,PUN,K02,morning,13,146.2,3.5,0.029,0.52,4.31,8.322,observed,A,92.0,1
C-S3-PUN,S3,PUN,K02,afternoon,1,192.3,60.4,1.446,11.61,215.41,18.552,observed,A,92.0,1
C-S3-PUN,S3,PUN,K02,afternoon,5,180.7,24.8,0.418,4.47,62.34,13.932,observed,A,92.0,1
C-S3-PUN,S3,PUN,K02,afternoon,9,165.3,10.3,0.113,1.7,16.8,9.898,observed,A,92.0,1
C-S3-PUN,S3,PUN,K02,afternoon,13,146.1,4.8,0.039,0.71,5.88,8.328,observed,A,92.0,1
C-S3-PUN,S3,PUN,K02,evening,1,189.5,47.8,1.145,9.06,170.59,18.822,observed,A,92.0,1
C-S3-PUN,S3,PUN,K02,evening,5,178.1,19.6,0.331,3.49,49.37,14.134,observed,A,92.0,1
C-S3-PUN,S3,PUN,K02,evening,9,163.0,8.1,0.089,1.33,13.31,10.042,observed,A,92.0,1
C-S3-PUN,S3,PUN,K02,evening,13,144.0,3.8,0.031,0.55,4.66,8.449,observed,A,92.0,1
C-S3-PUN,S3,PUN,K03,night,1,286.3,237.2,1.303,67.91,194.19,2.86,observed,A,240.0,2
C-S3-PUN,S3,PUN,K03,night,5,269.1,97.2,0.377,26.17,56.2,2.147,observed,A,240.0,2
C-S3-PUN,S3,PUN,K03,night,9,246.2,40.3,0.102,9.93,15.15,1.526,observed,A,240.0,2
C-S3-PUN,S3,PUN,K03,night,13,217.6,19.0,0.036,4.13,5.3,1.284,observed,A,240.0,2
C-S3-PUN,S3,PUN,K03,morning,1,281.1,603.3,3.315,169.61,493.95,2.912,observed,A,240.0,2
C-S3-PUN,S3,PUN,K03,morning,5,264.3,247.4,0.959,65.37,142.95,2.187,observed,A,240.0,2
C-S3-PUN,S3,PUN,K03,morning,9,241.8,102.6,0.259,24.8,38.53,1.554,observed,A,240.0,2
C-S3-PUN,S3,PUN,K03,morning,13,213.7,48.3,0.09,10.31,13.48,1.307,observed,A,240.0,2
C-S3-PUN,S3,PUN,K03,afternoon,1,279.6,738.1,4.055,206.34,604.25,2.928,observed,A,240.0,2
C-S3-PUN,S3,PUN,K03,afternoon,5,262.8,302.6,1.174,79.53,174.88,2.199,observed,A,240.0,2
C-S3-PUN,S3,PUN,K03,afternoon,9,240.4,125.5,0.316,30.17,47.13,1.562,observed,A,240.0,2
C-S3-PUN,S3,PUN,K03,afternoon,13,212.5,59.0,0.111,12.55,16.49,1.315,observed,A,240.0,2
C-S3-PUN,S3,PUN,K03,evening,1,284.2,605.5,3.327,172.07,495.74,2.881,observed,A,240.0,2
C-S3-PUN,S3,PUN,K03,evening,5,267.1,248.3,0.963,66.32,143.47,2.163,observed,A,240.0,2
C-S3-PUN,S3,PUN,K03,evening,9,244.4,102.9,0.26,25.16,38.67,1.537,observed,A,240.0,2
C-S3-PUN,S3,PUN,K03,evening,13,216.0,48.4,0.091,10.46,13.53,1.293,observed,A,240.0,2
C-S3-PUN,S3,PUN,K04,night,1,270.6,39.1,0.229,10.59,34.11,3.22,observed,B,23.0,3
C-S3-PUN,S3,PUN,K04,night,5,254.3,16.1,0.066,4.08,9.87,2.418,observed,B,23.0,3
C-S3-PUN,S3,PUN,K04,night,9,232.7,6.7,0.018,1.55,2.66,1.718,observed,B,23.0,3
C-S3-PUN,S3,PUN,K04,night,13,205.6,3.1,0.006,0.64,0.93,1.446,observed,B,23.0,3
C-S3-PUN,S3,PUN,K04,morning,1,264.1,108.2,0.633,28.58,94.26,3.299,observed,B,23.0,3
C-S3-PUN,S3,PUN,K04,morning,5,248.3,44.4,0.183,11.01,27.28,2.477,observed,B,23.0,3
C-S3-PUN,S3,PUN,K04,morning,9,227.2,18.4,0.049,4.18,7.35,1.76,observed,B,23.0,3
C-S3-PUN,S3,PUN,K04,morning,13,200.7,8.7,0.017,1.74,2.57,1.481,observed,B,23.0,3
C-S3-PUN,S3,PUN,K04,afternoon,1,263.9,123.2,0.721,32.52,107.38,3.302,observed,B,23.0,3
C-S3-PUN,S3,PUN,K04,afternoon,5,248.1,50.5,0.209,12.53,31.08,2.48,observed,B,23.0,3
C-S3-PUN,S3,PUN,K04,afternoon,9,226.9,20.9,0.056,4.75,8.38,1.762,observed,B,23.0,3
C-S3-PUN,S3,PUN,K04,afternoon,13,200.6,9.9,0.02,1.98,2.93,1.482,observed,B,23.0,3
C-S3-PUN,S3,PUN,K04,evening,1,261.5,114.8,0.671,30.01,100.0,3.332,observed,B,23.0,3
C-S3-PUN,S3,PUN,K04,evening,5,245.8,47.1,0.194,11.57,28.94,2.502,observed,B,23.0,3
C-S3-PUN,S3,PUN,K04,evening,9,224.9,19.5,0.052,4.39,7.8,1.778,observed,B,23.0,3
C-S3-PUN,S3,PUN,K04,evening,13,198.7,9.2,0.018,1.82,2.73,1.496,observed,B,23.0,3
C-S3-PUN,S3,PUN,K09,night,1,397.5,44.7,0.12,17.78,17.95,1.009,observed,B,21.0,3
C-S3-PUN,S3,PUN,K09,night,5,373.7,18.3,0.035,6.85,5.19,0.758,observed,B,21.0,3
C-S3-PUN,S3,PUN,K09,night,9,341.9,7.6,0.009,2.6,1.4,0.539,observed,B,21.0,3
C-S3-PUN,S3,PUN,K09,night,13,302.1,3.6,0.003,1.08,0.49,0.453,observed,B,21.0,3
C-S3-PUN,S3,PUN,K09,morning,1,396.8,124.4,0.335,49.38,49.94,1.011,observed,B,21.0,3
C-S3-PUN,S3,PUN,K09,morning,5,373.0,51.0,0.097,19.03,14.45,0.759,observed,B,21.0,3
C-S3-PUN,S3,PUN,K09,morning,9,341.3,21.2,0.026,7.22,3.9,0.54,observed,B,21.0,3
C-S3-PUN,S3,PUN,K09,morning,13,301.6,10.0,0.009,3.0,1.36,0.454,observed,B,21.0,3
C-S3-PUN,S3,PUN,K09,afternoon,1,396.2,166.4,0.448,65.92,66.76,1.013,observed,B,21.0,3
C-S3-PUN,S3,PUN,K09,afternoon,5,372.4,68.2,0.13,25.41,19.32,0.761,observed,B,21.0,3
C-S3-PUN,S3,PUN,K09,afternoon,9,340.7,28.3,0.035,9.64,5.21,0.54,observed,B,21.0,3
C-S3-PUN,S3,PUN,K09,afternoon,13,301.1,13.3,0.012,4.01,1.82,0.455,observed,B,21.0,3
C-S3-PUN,S3,PUN,K09,evening,1,394.0,140.7,0.379,55.45,56.48,1.018,observed,B,21.0,3
C-S3-PUN,S3,PUN,K09,evening,5,370.4,57.7,0.11,21.37,16.35,0.765,observed,B,21.0,3
C-S3-PUN,S3,PUN,K09,evening,9,338.8,23.9,0.03,8.11,4.41,0.543,observed,B,21.0,3
C-S3-PUN,S3,PUN,K09,evening,13,299.4,11.3,0.01,3.37,1.54,0.457,observed,B,21.0,3
C-S4-DEL,S4,DEL,K01,night,1,216.8,177.9,2.746,38.58,1164.11,30.171,observed,A,215.0,5
C-S4-DEL,S4,DEL,K01,night,5,203.8,73.0,0.795,14.87,336.91,22.657,observed,A,215.0,5
C-S4-DEL,S4,DEL,K01,night,9,186.5,30.2,0.214,5.64,90.8,16.097,observed,A,215.0,5
C-S4-DEL,S4,DEL,K01,night,13,164.8,14.2,0.075,2.35,31.77,13.544,observed,A,215.0,5
C-S4-DEL,S4,DEL,K01,morning,1,222.7,398.4,6.147,88.71,2606.21,29.379,observed,A,215.0,5
C-S4-DEL,S4,DEL,K01,morning,5,209.3,163.3,1.779,34.19,754.27,22.062,observed,A,215.0,5
C-S4-DEL,S4,DEL,K01,morning,9,191.5,67.7,0.479,12.97,203.28,15.674,observed,A,215.0,5
C-S4-DEL,S4,DEL,K01,morning,13,169.2,31.9,0.168,5.39,71.13,13.189,observed,A,215.0,5
C-S4-DEL,S4,DEL,K01,afternoon,1,224.2,518.0,7.992,116.11,3388.59,29.183,observed,A,215.0,5
C-S4-DEL,S4,DEL,K01,afternoon,5,210.7,212.4,2.313,44.75,980.7,21.915,observed,A,215.0,5
C-S4-DEL,S4,DEL,K01,afternoon,9,192.8,88.1,0.623,16.98,264.31,15.57,observed,A,215.0,5
C-S4-DEL,S4,DEL,K01,afternoon,13,170.4,41.4,0.218,7.06,92.49,13.101,observed,A,215.0,5
C-S4-DEL,S4,DEL,K01,evening,1,205.8,477.9,7.374,98.35,3126.69,31.791,observed,A,215.0,3
C-S4-DEL,S4,DEL,K01,evening,5,193.4,196.0,2.134,37.9,904.9,23.873,observed,A,215.0,3
C-S4-DEL,S4,DEL,K01,evening,9,177.0,81.2,0.575,14.38,243.88,16.961,observed,A,215.0,3
C-S4-DEL,S4,DEL,K01,evening,13,156.4,38.2,0.201,5.98,85.34,14.272,observed,A,215.0,3
C-S4-DEL,S4,DEL,K05,night,1,335.1,278.6,1.667,93.38,706.69,7.568,observed,A,211.0,2
C-S4-DEL,S4,DEL,K05,night,5,315.0,114.2,0.482,35.99,204.52,5.683,observed,A,211.0,2
C-S4-DEL,S4,DEL,K05,night,9,288.2,47.4,0.13,13.65,55.12,4.038,observed,A,211.0,2
C-S4-DEL,S4,DEL,K05,night,13,254.7,22.3,0.045,5.68,19.29,3.397,observed,A,211.0,2
C-S4-DEL,S4,DEL,K05,morning,1,325.9,647.1,3.871,210.91,1641.35,7.782,observed,A,211.0,2
C-S4-DEL,S4,DEL,K05,morning,5,306.4,265.3,1.12,81.29,475.03,5.844,observed,A,211.0,2
C-S4-DEL,S4,DEL,K05,morning,9,280.3,110.0,0.302,30.84,128.03,4.152,observed,A,211.0,2
C-S4-DEL,S4,DEL,K05,morning,13,247.7,51.8,0.106,12.82,44.8,3.494,observed,A,211.0,2
C-S4-DEL,S4,DEL,K05,afternoon,1,324.2,847.3,5.069,274.66,2149.05,7.824,observed,A,211.0,2
C-S4-DEL,S4,DEL,K05,afternoon,5,304.7,347.4,1.467,105.85,621.96,5.876,observed,A,211.0,2
C-S4-DEL,S4,DEL,K05,afternoon,9,278.8,144.0,0.395,40.16,167.63,4.174,observed,A,211.0,2
C-S4-DEL,S4,DEL,K05,afternoon,13,246.4,67.8,0.138,16.7,58.66,3.512,observed,A,211.0,2
C-S4-DEL,S4,DEL,K05,evening,1,322.9,718.4,4.298,231.99,1822.16,7.854,observed,A,211.0,2
C-S4-DEL,S4,DEL,K05,evening,5,303.5,294.6,1.244,89.41,527.35,5.898,observed,A,211.0,2
C-S4-DEL,S4,DEL,K05,evening,9,277.7,122.1,0.335,33.92,142.13,4.19,observed,A,211.0,2
C-S4-DEL,S4,DEL,K05,evening,13,245.4,57.5,0.117,14.11,49.73,3.526,observed,A,211.0,2
C-S4-DEL,S4,DEL,K06,night,1,376.8,108.8,0.759,41.0,321.67,7.845,observed,A,88.0,3
C-S4-DEL,S4,DEL,K06,night,5,354.2,44.6,0.22,15.8,93.1,5.891,observed,A,88.0,3
C-S4-DEL,S4,DEL,K06,night,9,324.0,18.5,0.059,5.99,25.09,4.186,observed,A,88.0,3
C-S4-DEL,S4,DEL,K06,night,13,286.3,8.7,0.021,2.49,8.78,3.522,observed,A,88.0,3
C-S4-DEL,S4,DEL,K06,morning,1,366.5,245.3,1.71,89.88,724.92,8.065,observed,A,88.0,3
C-S4-DEL,S4,DEL,K06,morning,5,344.5,100.6,0.495,34.64,209.8,6.056,observed,A,88.0,3
C-S4-DEL,S4,DEL,K06,morning,9,315.2,41.7,0.133,13.14,56.54,4.303,observed,A,88.0,3
C-S4-DEL,S4,DEL,K06,morning,13,278.5,19.6,0.047,5.46,19.79,3.621,observed,A,88.0,3
C-S4-DEL,S4,DEL,K06,afternoon,1,360.1,322.8,2.25,116.23,954.17,8.209,observed,A,88.0,3
C-S4-DEL,S4,DEL,K06,afternoon,5,338.5,132.4,0.651,44.8,276.15,6.165,observed,A,88.0,3
C-S4-DEL,S4,DEL,K06,afternoon,9,309.7,54.9,0.176,16.99,74.43,4.38,observed,A,88.0,3
C-S4-DEL,S4,DEL,K06,afternoon,13,273.7,25.8,0.061,7.07,26.04,3.685,observed,A,88.0,3
C-S4-DEL,S4,DEL,K06,evening,1,359.6,290.7,2.026,104.53,859.19,8.22,observed,A,88.0,3
C-S4-DEL,S4,DEL,K06,evening,5,338.0,119.2,0.586,40.29,248.66,6.172,observed,A,88.0,3
C-S4-DEL,S4,DEL,K06,evening,9,309.3,49.4,0.158,15.28,67.02,4.385,observed,A,88.0,3
C-S4-DEL,S4,DEL,K06,evening,13,273.3,23.3,0.055,6.36,23.45,3.69,observed,A,88.0,3
C-S4-DEL,S4,DEL,K10,night,1,415.4,122.1,0.251,50.69,106.63,2.103,observed,A,33.0,3
C-S4-DEL,S4,DEL,K10,night,5,390.4,50.0,0.073,19.54,30.86,1.58,observed,A,33.0,3
C-S4-DEL,S4,DEL,K10,night,9,357.2,20.7,0.02,7.41,8.32,1.122,observed,A,33.0,3
C-S4-DEL,S4,DEL,K10,night,13,315.7,9.8,0.007,3.08,2.91,0.944,observed,A,33.0,3
C-S4-DEL,S4,DEL,K10,morning,1,413.0,271.4,0.559,112.11,237.15,2.115,observed,A,33.0,3
C-S4-DEL,S4,DEL,K10,morning,5,388.2,111.3,0.162,43.21,68.63,1.588,observed,A,33.0,3
C-S4-DEL,S4,DEL,K10,morning,9,355.2,46.1,0.044,16.39,18.5,1.128,observed,A,33.0,3
C-S4-DEL,S4,DEL,K10,morning,13,313.9,21.7,0.015,6.82,6.47,0.95,observed,A,33.0,3
C-S4-DEL,S4,DEL,K10,afternoon,1,408.5,352.1,0.725,143.83,307.6,2.139,observed,A,33.0,3
C-S4-DEL,S4,DEL,K10,afternoon,5,384.0,144.4,0.21,55.43,89.02,1.606,observed,A,33.0,3
C-S4-DEL,S4,DEL,K10,afternoon,9,351.3,59.9,0.057,21.03,23.99,1.141,observed,A,33.0,3
C-S4-DEL,S4,DEL,K10,afternoon,13,310.5,28.2,0.02,8.74,8.4,0.96,observed,A,33.0,3
C-S4-DEL,S4,DEL,K10,evening,1,411.4,333.0,0.686,137.0,290.92,2.124,observed,A,33.0,3
C-S4-DEL,S4,DEL,K10,evening,5,386.7,136.5,0.199,52.8,84.19,1.595,observed,A,33.0,3
C-S4-DEL,S4,DEL,K10,evening,9,353.8,56.6,0.054,20.03,22.69,1.133,observed,A,33.0,3
C-S4-DEL,S4,DEL,K10,evening,13,312.7,26.6,0.019,8.33,7.94,0.953,observed,A,33.0,3
C-S4-MUM,S4,MUM,K01,night,1,224.2,121.7,1.694,27.28,718.17,26.328,observed,A,168.0,3
C-S4-MUM,S4,MUM,K01,night,5,210.7,49.9,0.49,10.51,207.85,19.771,observed,A,168.0,3
C-S4-MUM,S4,MUM,K01,night,9,192.8,20.7,0.132,3.99,56.02,14.046,observed,A,168.0,3
C-S4-MUM,S4,MUM,K01,night,13,170.4,9.7,0.046,1.66,19.6,11.819,observed,A,168.0,3
C-S4-MUM,S4,MUM,K01,morning,1,223.4,243.2,3.385,54.32,1435.42,26.423,observed,A,168.0,3
C-S4-MUM,S4,MUM,K01,morning,5,210.0,99.7,0.98,20.94,415.43,19.842,observed,A,168.0,3
C-S4-MUM,S4,MUM,K01,morning,9,192.1,41.3,0.264,7.94,111.96,14.097,observed,A,168.0,3
C-S4-MUM,S4,MUM,K01,morning,13,169.8,19.5,0.092,3.3,39.18,11.862,observed,A,168.0,3
C-S4-MUM,S4,MUM,K01,afternoon,1,223.0,298.0,4.148,66.45,1758.83,26.47,observed,A,168.0,3
C-S4-MUM,S4,MUM,K01,afternoon,5,209.6,122.2,1.201,25.61,509.03,19.877,observed,A,168.0,3
C-S4-MUM,S4,MUM,K01,afternoon,9,191.7,50.7,0.324,9.71,137.19,14.122,observed,A,168.0,3
C-S4-MUM,S4,MUM,K01,afternoon,13,169.5,23.8,0.113,4.04,48.01,11.883,observed,A,168.0,3
C-S4-MUM,S4,MUM,K01,evening,1,221.1,309.8,4.313,68.52,1828.58,26.688,observed,A,168.0,3
C-S4-MUM,S4,MUM,K01,evening,5,207.9,127.0,1.248,26.41,529.21,20.041,observed,A,168.0,3
C-S4-MUM,S4,MUM,K01,evening,9,190.2,52.7,0.336,10.02,142.63,14.239,observed,A,168.0,3
C-S4-MUM,S4,MUM,K01,evening,13,168.1,24.8,0.118,4.17,49.91,11.981,observed,A,168.0,3
C-S4-MUM,S4,MUM,K05,night,1,383.5,184.6,1.067,70.81,452.62,6.392,observed,A,97.0,3
C-S4-MUM,S4,MUM,K05,night,5,360.5,75.7,0.309,27.29,130.99,4.8,observed,A,97.0,3
C-S4-MUM,S4,MUM,K05,night,9,329.8,31.4,0.083,10.35,35.3,3.41,observed,A,97.0,3
C-S4-MUM,S4,MUM,K05,night,13,291.5,14.8,0.029,4.31,12.35,2.87,observed,A,97.0,3
C-S4-MUM,S4,MUM,K05,morning,1,374.9,354.8,2.052,133.02,869.94,6.54,observed,A,97.0,3
C-S4-MUM,S4,MUM,K05,morning,5,352.4,145.5,0.594,51.27,251.77,4.911,observed,A,97.0,3
C-S4-MUM,S4,MUM,K05,morning,9,322.4,60.3,0.16,19.45,67.86,3.489,observed,A,97.0,3
C-S4-MUM,S4,MUM,K05,morning,13,284.9,28.4,0.056,8.09,23.74,2.936,observed,A,97.0,3
C-S4-MUM,S4,MUM,K05,afternoon,1,372.6,456.6,2.64,170.11,1119.32,6.58,observed,A,97.0,3
C-S4-MUM,S4,MUM,K05,afternoon,5,350.2,187.2,0.764,65.56,323.95,4.941,observed,A,97.0,3
C-S4-MUM,S4,MUM,K05,afternoon,9,320.4,77.6,0.206,24.87,87.31,3.51,observed,A,97.0,3
C-S4-MUM,S4,MUM,K05,afternoon,13,283.2,36.5,0.072,10.34,30.55,2.954,observed,A,97.0,3
C-S4-MUM,S4,MUM,K05,evening,1,369.4,440.9,2.549,162.88,1080.91,6.636,observed,A,97.0,3
C-S4-MUM,S4,MUM,K05,evening,5,347.3,180.8,0.738,62.77,312.83,4.983,observed,A,97.0,3
C-S4-MUM,S4,MUM,K05,evening,9,317.7,75.0,0.199,23.81,84.31,3.541,observed,A,97.0,3
C-S4-MUM,S4,MUM,K05,evening,13,280.8,35.3,0.07,9.9,29.5,2.979,observed,A,97.0,3
C-S4-MUM,S4,MUM,K06,night,1,421.7,76.8,0.608,32.4,257.96,7.961,observed,A,85.0,2
C-S4-MUM,S4,MUM,K06,night,5,396.4,31.5,0.176,12.49,74.66,5.979,observed,A,85.0,2
C-S4-MUM,S4,MUM,K06,night,9,362.6,13.1,0.047,4.74,20.12,4.248,observed,A,85.0,2
C-S4-MUM,S4,MUM,K06,night,13,320.5,6.1,0.017,1.97,7.04,3.574,observed,A,85.0,2
C-S4-MUM,S4,MUM,K06,morning,1,409.0,163.6,1.296,66.93,549.34,8.207,observed,A,85.0,2
C-S4-MUM,S4,MUM,K06,morning,5,384.5,67.1,0.375,25.8,158.98,6.163,observed,A,85.0,2
C-S4-MUM,S4,MUM,K06,morning,9,351.8,27.8,0.101,9.79,42.85,4.379,observed,A,85.0,2
C-S4-MUM,S4,MUM,K06,morning,13,310.9,13.1,0.035,4.07,14.99,3.684,observed,A,85.0,2
C-S4-MUM,S4,MUM,K06,afternoon,1,408.2,192.4,1.523,78.52,645.75,8.224,observed,A,85.0,2
C-S4-MUM,S4,MUM,K06,afternoon,5,383.7,78.9,0.441,30.26,186.89,6.176,observed,A,85.0,2
C-S4-MUM,S4,MUM,K06,afternoon,9,351.0,32.7,0.119,11.48,50.37,4.388,observed,A,85.0,2
C-S4-MUM,S4,MUM,K06,afternoon,13,310.2,15.4,0.042,4.77,17.63,3.692,observed,A,85.0,2
C-S4-MUM,S4,MUM,K06,evening,1,393.9,214.7,1.699,84.54,720.59,8.523,observed,A,85.0,2
C-S4-MUM,S4,MUM,K06,evening,5,370.2,88.0,0.492,32.58,208.55,6.401,observed,A,85.0,2
C-S4-MUM,S4,MUM,K06,evening,9,338.7,36.5,0.133,12.36,56.21,4.547,observed,A,85.0,2
C-S4-MUM,S4,MUM,K06,evening,13,299.3,17.2,0.046,5.14,19.67,3.826,observed,A,85.0,2
C-S4-MUM,S4,MUM,K10,night,1,460.5,83.4,0.139,38.43,58.92,1.533,observed,B,16.0,3
C-S4-MUM,S4,MUM,K10,night,5,432.9,34.2,0.04,14.81,17.05,1.151,observed,B,16.0,3
C-S4-MUM,S4,MUM,K10,night,9,396.1,14.2,0.011,5.62,4.6,0.818,observed,B,16.0,3
C-S4-MUM,S4,MUM,K10,night,13,350.0,6.7,0.004,2.34,1.61,0.688,observed,B,16.0,3
C-S4-MUM,S4,MUM,K10,morning,1,454.9,170.4,0.284,77.53,120.34,1.552,observed,B,16.0,3
C-S4-MUM,S4,MUM,K10,morning,5,427.6,69.9,0.082,29.88,34.83,1.166,observed,B,16.0,3
C-S4-MUM,S4,MUM,K10,morning,9,391.2,29.0,0.022,11.34,9.39,0.828,observed,B,16.0,3
C-S4-MUM,S4,MUM,K10,morning,13,345.7,13.6,0.008,4.71,3.28,0.697,observed,B,16.0,3
C-S4-MUM,S4,MUM,K10,afternoon,1,455.4,219.4,0.365,99.89,154.88,1.55,observed,B,16.0,3
C-S4-MUM,S4,MUM,K10,afternoon,5,428.1,89.9,0.106,38.5,44.82,1.164,observed,B,16.0,3
C-S4-MUM,S4,MUM,K10,afternoon,9,391.6,37.3,0.028,14.6,12.08,0.827,observed,B,16.0,3
C-S4-MUM,S4,MUM,K10,afternoon,13,346.1,17.5,0.01,6.07,4.23,0.696,observed,B,16.0,3
C-S4-MUM,S4,MUM,K10,evening,1,446.3,225.3,0.375,100.57,159.08,1.582,observed,B,16.0,2
C-S4-MUM,S4,MUM,K10,evening,5,419.6,92.4,0.109,38.76,46.04,1.188,observed,B,16.0,2
C-S4-MUM,S4,MUM,K10,evening,9,383.9,38.3,0.029,14.7,12.41,0.844,observed,B,16.0,2
C-S4-MUM,S4,MUM,K10,evening,13,339.2,18.0,0.01,6.11,4.34,0.71,observed,B,16.0,2
C-S4-BLR,S4,BLR,K01,night,1,215.1,84.3,1.102,18.13,467.15,25.76,observed,A,109.0,3
C-S4-BLR,S4,BLR,K01,night,5,202.2,34.6,0.319,6.99,135.2,19.344,observed,A,109.0,3
C-S4-BLR,S4,BLR,K01,night,9,185.0,14.3,0.086,2.65,36.44,13.743,observed,A,109.0,3
C-S4-BLR,S4,BLR,K01,night,13,163.5,6.7,0.03,1.1,12.75,11.564,observed,A,109.0,3
C-S4-BLR,S4,BLR,K01,morning,1,219.1,190.9,2.494,41.83,1057.65,25.285,observed,A,109.0,3
C-S4-BLR,S4,BLR,K01,morning,5,206.0,78.3,0.722,16.12,306.1,18.988,observed,A,109.0,3
C-S4-BLR,S4,BLR,K01,morning,9,188.4,32.5,0.195,6.12,82.5,13.49,observed,A,109.0,3
C-S4-BLR,S4,BLR,K01,morning,13,166.5,15.3,0.068,2.54,28.87,11.351,observed,A,109.0,3
C-S4-BLR,S4,BLR,K01,afternoon,1,215.5,246.0,3.214,53.01,1362.86,25.71,observed,A,109.0,3
C-S4-BLR,S4,BLR,K01,afternoon,5,202.6,100.9,0.93,20.43,394.43,19.306,observed,A,109.0,3
C-S4-BLR,S4,BLR,K01,afternoon,9,185.3,41.8,0.251,7.75,106.3,13.717,observed,A,109.0,3
C-S4-BLR,S4,BLR,K01,afternoon,13,163.8,19.7,0.088,3.22,37.2,11.542,observed,A,109.0,3
C-S4-BLR,S4,BLR,K01,evening,1,215.4,292.7,3.825,63.05,1621.93,25.723,observed,A,109.0,3
C-S4-BLR,S4,BLR,K01,evening,5,202.5,120.0,1.107,24.3,469.41,19.316,observed,A,109.0,3
C-S4-BLR,S4,BLR,K01,evening,9,185.2,49.8,0.298,9.22,126.51,13.723,observed,A,109.0,3
C-S4-BLR,S4,BLR,K01,evening,13,163.7,23.4,0.104,3.83,44.27,11.547,observed,A,109.0,3
C-S4-BLR,S4,BLR,K05,night,1,370.1,148.3,0.779,54.9,330.16,6.014,observed,A,89.0,3
C-S4-BLR,S4,BLR,K05,night,5,347.9,60.8,0.225,21.16,95.55,4.516,observed,A,89.0,3
C-S4-BLR,S4,BLR,K05,night,9,318.3,25.2,0.061,8.03,25.75,3.209,observed,A,89.0,3
C-S4-BLR,S4,BLR,K05,night,13,281.3,11.9,0.021,3.34,9.01,2.7,observed,A,89.0,3
C-S4-BLR,S4,BLR,K05,morning,1,358.1,352.5,1.851,126.23,784.72,6.216,observed,A,89.0,3
C-S4-BLR,S4,BLR,K05,morning,5,336.6,144.5,0.536,48.65,227.11,4.668,observed,A,89.0,3
C-S4-BLR,S4,BLR,K05,morning,9,307.9,59.9,0.144,18.46,61.21,3.317,observed,A,89.0,3
C-S4-BLR,S4,BLR,K05,morning,13,272.1,28.2,0.051,7.67,21.42,2.791,observed,A,89.0,3
C-S4-BLR,S4,BLR,K05,afternoon,1,356.2,449.5,2.36,160.09,1000.55,6.25,observed,A,89.0,3
C-S4-BLR,S4,BLR,K05,afternoon,5,334.8,184.3,0.683,61.7,289.57,4.693,observed,A,89.0,3
C-S4-BLR,S4,BLR,K05,afternoon,9,306.3,76.4,0.184,23.41,78.04,3.334,observed,A,89.0,3
C-S4-BLR,S4,BLR,K05,afternoon,13,270.7,36.0,0.064,9.73,27.31,2.806,observed,A,89.0,3
C-S4-BLR,S4,BLR,K05,evening,1,350.0,547.9,2.877,191.75,1219.65,6.361,observed,A,89.0,3
C-S4-BLR,S4,BLR,K05,evening,5,329.0,224.6,0.833,73.9,352.98,4.776,observed,A,89.0,3
C-S4-BLR,S4,BLR,K05,evening,9,301.0,93.1,0.224,28.03,95.13,3.393,observed,A,89.0,3
C-S4-BLR,S4,BLR,K05,evening,13,266.0,43.8,0.079,11.66,33.29,2.855,observed,A,89.0,3
C-S4-BLR,S4,BLR,K06,night,1,398.7,74.1,0.635,29.56,269.04,9.103,observed,A,117.0,2
C-S4-BLR,S4,BLR,K06,night,5,374.8,30.4,0.184,11.39,77.86,6.836,observed,A,117.0,2
C-S4-BLR,S4,BLR,K06,night,9,342.9,12.6,0.049,4.32,20.98,4.856,observed,A,117.0,2
C-S4-BLR,S4,BLR,K06,night,13,303.0,5.9,0.017,1.8,7.34,4.086,observed,A,117.0,2
C-S4-BLR,S4,BLR,K06,morning,1,386.8,187.5,1.605,72.51,680.36,9.383,observed,A,117.0,2
C-S4-BLR,S4,BLR,K06,morning,5,363.6,76.9,0.464,27.94,196.9,7.046,observed,A,117.0,2
C-S4-BLR,S4,BLR,K06,morning,9,332.6,31.9,0.125,10.6,53.07,5.006,observed,A,117.0,2
C-S4-BLR,S4,BLR,K06,morning,13,294.0,15.0,0.044,4.41,18.57,4.212,observed,A,117.0,2
C-S4-BLR,S4,BLR,K06,afternoon,1,385.1,231.7,1.984,89.24,841.03,9.425,observed,A,117.0,2
C-S4-BLR,S4,BLR,K06,afternoon,5,362.0,95.0,0.574,34.39,243.4,7.077,observed,A,117.0,2
C-S4-BLR,S4,BLR,K06,afternoon,9,331.2,39.4,0.155,13.05,65.6,5.028,observed,A,117.0,2
C-S4-BLR,S4,BLR,K06,afternoon,13,292.7,18.5,0.054,5.43,22.96,4.231,observed,A,117.0,2
C-S4-BLR,S4,BLR,K06,evening,1,377.7,274.7,2.351,103.74,996.9,9.609,observed,A,117.0,2
C-S4-BLR,S4,BLR,K06,evening,5,355.0,112.6,0.68,39.98,288.51,7.216,observed,A,117.0,2
C-S4-BLR,S4,BLR,K06,evening,9,324.8,46.7,0.183,15.17,77.76,5.127,observed,A,117.0,2
C-S4-BLR,S4,BLR,K06,evening,13,287.1,22.0,0.064,6.31,27.21,4.314,observed,A,117.0,2
C-S4-BLR,S4,BLR,K10,night,1,438.8,58.4,0.111,25.61,47.06,1.838,observed,B,21.0,2
C-S4-BLR,S4,BLR,K10,night,5,412.4,23.9,0.032,9.87,13.62,1.38,observed,B,21.0,2
C-S4-BLR,S4,BLR,K10,night,9,377.3,9.9,0.009,3.74,3.67,0.981,observed,B,21.0,2
C-S4-BLR,S4,BLR,K10,night,13,333.5,4.7,0.003,1.56,1.28,0.825,observed,B,21.0,2
C-S4-BLR,S4,BLR,K10,morning,1,432.7,168.2,0.32,72.77,135.59,1.863,observed,B,21.0,3
C-S4-BLR,S4,BLR,K10,morning,5,406.8,68.9,0.093,28.04,39.24,1.399,observed,B,21.0,3
C-S4-BLR,S4,BLR,K10,morning,9,372.2,28.6,0.025,10.64,10.58,0.994,observed,B,21.0,3
C-S4-BLR,S4,BLR,K10,morning,13,328.9,13.5,0.009,4.42,3.7,0.836,observed,B,21.0,3
C-S4-BLR,S4,BLR,K10,afternoon,1,428.2,202.8,0.386,86.84,163.55,1.883,observed,B,21.0,2
C-S4-BLR,S4,BLR,K10,afternoon,5,402.5,83.2,0.112,33.47,47.33,1.414,observed,B,21.0,2
C-S4-BLR,S4,BLR,K10,afternoon,9,368.2,34.5,0.03,12.7,12.76,1.005,observed,B,21.0,2
C-S4-BLR,S4,BLR,K10,afternoon,13,325.4,16.2,0.011,5.28,4.46,0.845,observed,B,21.0,2
C-S4-BLR,S4,BLR,K10,evening,1,423.7,239.2,0.455,101.34,192.86,1.903,observed,B,21.0,2
C-S4-BLR,S4,BLR,K10,evening,5,398.3,98.1,0.132,39.06,55.82,1.429,observed,B,21.0,2
C-S4-BLR,S4,BLR,K10,evening,9,364.4,40.7,0.035,14.82,15.04,1.015,observed,B,21.0,2
C-S4-BLR,S4,BLR,K10,evening,13,322.0,19.1,0.012,6.16,5.26,0.854,observed,B,21.0,2
C-S4-HYD,S4,HYD,K01,night,1,193.0,57.7,0.939,11.14,398.11,35.724,observed,A,64.0,5
C-S4-HYD,S4,HYD,K01,night,5,181.5,23.7,0.272,4.29,115.22,26.826,observed,A,64.0,5
C-S4-HYD,S4,HYD,K01,night,9,166.0,9.8,0.073,1.63,31.05,19.059,observed,A,64.0,5
C-S4-HYD,S4,HYD,K01,night,13,146.7,4.6,0.026,0.68,10.87,16.037,observed,A,64.0,5
C-S4-HYD,S4,HYD,K01,morning,1,198.8,156.2,2.541,31.05,1077.28,34.694,observed,A,64.0,5
C-S4-HYD,S4,HYD,K01,morning,5,186.8,64.0,0.735,11.97,311.78,26.053,observed,A,64.0,5
C-S4-HYD,S4,HYD,K01,morning,9,170.9,26.6,0.198,4.54,84.03,18.51,observed,A,64.0,5
C-S4-HYD,S4,HYD,K01,morning,13,151.1,12.5,0.069,1.89,29.4,15.575,observed,A,64.0,5
C-S4-HYD,S4,HYD,K01,afternoon,1,200.0,185.3,3.014,37.05,1277.78,34.487,observed,A,64.0,5
C-S4-HYD,S4,HYD,K01,afternoon,5,188.0,76.0,0.872,14.28,369.81,25.898,observed,A,64.0,5
C-S4-HYD,S4,HYD,K01,afternoon,9,172.0,31.5,0.235,5.42,99.67,18.399,observed,A,64.0,5
C-S4-HYD,S4,HYD,K01,afternoon,13,152.0,14.8,0.082,2.25,34.88,15.482,observed,A,64.0,5
C-S4-HYD,S4,HYD,K01,evening,1,198.5,172.8,2.811,34.31,1191.82,34.736,observed,A,64.0,5
C-S4-HYD,S4,HYD,K01,evening,5,186.6,70.9,0.814,13.22,344.93,26.085,observed,A,64.0,5
C-S4-HYD,S4,HYD,K01,evening,9,170.7,29.4,0.219,5.02,92.96,18.532,observed,A,64.0,5
C-S4-HYD,S4,HYD,K01,evening,13,150.9,13.8,0.077,2.09,32.53,15.594,observed,A,64.0,5
C-S4-HYD,S4,HYD,K05,night,1,320.9,108.3,0.59,34.77,250.16,7.196,observed,A,63.0,3
C-S4-HYD,S4,HYD,K05,night,5,301.7,44.4,0.171,13.4,72.4,5.403,observed,A,63.0,3
C-S4-HYD,S4,HYD,K05,night,9,276.0,18.4,0.046,5.08,19.51,3.839,observed,A,63.0,3
C-S4-HYD,S4,HYD,K05,night,13,243.9,8.7,0.016,2.11,6.83,3.23,observed,A,63.0,3
C-S4-HYD,S4,HYD,K05,morning,1,310.0,250.9,1.366,77.78,579.35,7.449,observed,A,63.0,3
C-S4-HYD,S4,HYD,K05,morning,5,291.4,102.9,0.395,29.98,167.67,5.593,observed,A,63.0,3
C-S4-HYD,S4,HYD,K05,morning,9,266.6,42.7,0.107,11.37,45.19,3.974,observed,A,63.0,3
C-S4-HYD,S4,HYD,K05,morning,13,235.6,20.1,0.037,4.73,15.81,3.344,observed,A,63.0,3
C-S4-HYD,S4,HYD,K05,afternoon,1,306.7,315.5,1.718,96.77,728.5,7.528,observed,A,63.0,3
C-S4-HYD,S4,HYD,K05,afternoon,5,288.3,129.3,0.497,37.29,210.84,5.653,observed,A,63.0,3
C-S4-HYD,S4,HYD,K05,afternoon,9,263.8,53.6,0.134,14.15,56.82,4.017,observed,A,63.0,3
C-S4-HYD,S4,HYD,K05,afternoon,13,233.1,25.2,0.047,5.88,19.88,3.38,observed,A,63.0,3
C-S4-HYD,S4,HYD,K05,evening,1,307.5,278.4,1.517,85.61,643.0,7.51,observed,A,63.0,3
C-S4-HYD,S4,HYD,K05,evening,5,289.0,114.2,0.439,33.0,186.09,5.64,observed,A,63.0,3
C-S4-HYD,S4,HYD,K05,evening,9,264.4,47.3,0.118,12.52,50.15,4.007,observed,A,63.0,3
C-S4-HYD,S4,HYD,K05,evening,13,233.7,22.3,0.041,5.21,17.55,3.372,observed,A,63.0,3
C-S4-HYD,S4,HYD,K06,night,1,357.2,47.8,0.324,17.06,137.38,8.052,observed,A,45.0,2
C-S4-HYD,S4,HYD,K06,night,5,335.8,19.6,0.094,6.58,39.76,6.046,observed,A,45.0,2
C-S4-HYD,S4,HYD,K06,night,9,307.2,8.1,0.025,2.49,10.72,4.296,observed,A,45.0,2
C-S4-HYD,S4,HYD,K06,night,13,271.5,3.8,0.009,1.04,3.75,3.615,observed,A,45.0,2
C-S4-HYD,S4,HYD,K06,morning,1,349.0,133.0,0.902,46.41,382.43,8.241,observed,A,45.0,3
C-S4-HYD,S4,HYD,K06,morning,5,328.1,54.5,0.261,17.89,110.68,6.188,observed,A,45.0,3
C-S4-HYD,S4,HYD,K06,morning,9,300.1,22.6,0.07,6.78,29.83,4.396,observed,A,45.0,3
C-S4-HYD,S4,HYD,K06,morning,13,265.2,10.6,0.025,2.82,10.44,3.699,observed,A,45.0,3
C-S4-HYD,S4,HYD,K06,afternoon,1,347.6,163.0,1.106,56.66,468.88,8.275,observed,A,45.0,3
C-S4-HYD,S4,HYD,K06,afternoon,5,326.7,66.8,0.32,21.84,135.7,6.214,observed,A,45.0,3
C-S4-HYD,S4,HYD,K06,afternoon,9,298.9,27.7,0.086,8.28,36.57,4.415,observed,A,45.0,3
C-S4-HYD,S4,HYD,K06,afternoon,13,264.1,13.0,0.03,3.45,12.8,3.715,observed,A,45.0,3
C-S4-HYD,S4,HYD,K06,evening,1,346.3,143.2,0.971,49.6,411.91,8.305,observed,A,45.0,3
C-S4-HYD,S4,HYD,K06,evening,5,325.5,58.7,0.281,19.12,119.21,6.236,observed,A,45.0,3
C-S4-HYD,S4,HYD,K06,evening,9,297.8,24.3,0.076,7.25,32.13,4.431,observed,A,45.0,3
C-S4-HYD,S4,HYD,K06,evening,13,263.2,11.5,0.027,3.02,11.24,3.728,observed,A,45.0,3
C-S4-HYD,S4,HYD,K10,night,1,383.8,27.1,0.049,10.41,20.78,1.997,observed,C,8.0,3
C-S4-HYD,S4,HYD,K10,night,5,360.8,11.1,0.014,4.01,6.01,1.499,observed,C,8.0,3
C-S4-HYD,S4,HYD,K10,night,9,330.1,4.6,0.004,1.52,1.62,1.065,observed,C,8.0,3
C-S4-HYD,S4,HYD,K10,night,13,291.7,2.2,0.001,0.63,0.57,0.896,observed,C,8.0,3
C-S4-HYD,S4,HYD,K10,morning,1,378.0,90.2,0.163,34.11,69.16,2.027,observed,C,8.0,3
C-S4-HYD,S4,HYD,K10,morning,5,355.3,37.0,0.047,13.15,20.01,1.522,observed,C,8.0,3
C-S4-HYD,S4,HYD,K10,morning,9,325.1,15.3,0.013,4.99,5.39,1.082,observed,C,8.0,3
C-S4-HYD,S4,HYD,K10,morning,13,287.3,7.2,0.004,2.07,1.89,0.91,observed,C,8.0,3
C-S4-HYD,S4,HYD,K10,afternoon,1,374.6,122.0,0.22,45.68,93.45,2.046,observed,C,8.0,3
C-S4-HYD,S4,HYD,K10,afternoon,5,352.1,50.0,0.064,17.6,27.05,1.536,observed,C,8.0,3
C-S4-HYD,S4,HYD,K10,afternoon,9,322.1,20.7,0.017,6.68,7.29,1.092,observed,C,8.0,3
C-S4-HYD,S4,HYD,K10,afternoon,13,284.7,9.8,0.006,2.78,2.55,0.918,observed,C,8.0,3
C-S4-HYD,S4,HYD,K10,evening,1,374.6,97.0,0.175,36.34,74.34,2.045,observed,C,8.0,3
C-S4-HYD,S4,HYD,K10,evening,5,352.1,39.8,0.051,14.01,21.52,1.536,observed,C,8.0,3
C-S4-HYD,S4,HYD,K10,evening,9,322.2,16.5,0.014,5.31,5.8,1.091,observed,C,8.0,3
C-S4-HYD,S4,HYD,K10,evening,13,284.7,7.8,0.005,2.21,2.03,0.918,observed,C,8.0,3
C-S4-PUN,S4,PUN,K01,night,1,178.4,31.0,0.423,5.52,179.45,32.49,observed,A,70.0,2
C-S4-PUN,S4,PUN,K01,night,5,167.7,12.7,0.122,2.13,51.93,24.398,observed,A,70.0,2
C-S4-PUN,S4,PUN,K01,night,9,153.4,5.3,0.033,0.81,14.0,17.334,observed,A,70.0,2
C-S4-PUN,S4,PUN,K01,night,13,135.6,2.5,0.012,0.34,4.9,14.585,observed,A,70.0,2
C-S4-PUN,S4,PUN,K01,morning,1,178.0,92.6,1.267,16.49,537.01,32.562,observed,A,70.0,2
C-S4-PUN,S4,PUN,K01,morning,5,167.3,38.0,0.367,6.36,155.42,24.452,observed,A,70.0,2
C-S4-PUN,S4,PUN,K01,morning,9,153.1,15.7,0.099,2.41,41.89,17.372,observed,A,70.0,2
C-S4-PUN,S4,PUN,K01,morning,13,135.3,7.4,0.035,1.0,14.66,14.618,observed,A,70.0,2
C-S4-PUN,S4,PUN,K01,afternoon,1,179.2,114.5,1.565,20.51,663.56,32.352,observed,A,70.0,2
C-S4-PUN,S4,PUN,K01,afternoon,5,168.4,46.9,0.453,7.9,192.04,24.294,observed,A,70.0,2
C-S4-PUN,S4,PUN,K01,afternoon,9,154.1,19.5,0.122,3.0,51.76,17.26,observed,A,70.0,2
C-S4-PUN,S4,PUN,K01,afternoon,13,136.2,9.2,0.043,1.25,18.11,14.523,observed,A,70.0,2
C-S4-PUN,S4,PUN,K01,evening,1,175.7,94.6,1.293,16.62,548.09,32.987,observed,A,70.0,2
C-S4-PUN,S4,PUN,K01,evening,5,165.2,38.8,0.374,6.4,158.62,24.771,observed,A,70.0,2
C-S4-PUN,S4,PUN,K01,evening,9,151.1,16.1,0.101,2.43,42.75,17.599,observed,A,70.0,2
C-S4-PUN,S4,PUN,K01,evening,13,133.5,7.6,0.035,1.01,14.96,14.809,observed,A,70.0,2
C-S4-PUN,S4,PUN,K05,night,1,320.1,28.2,0.155,9.03,65.93,7.301,observed,B,16.0,3
C-S4-PUN,S4,PUN,K05,night,5,300.9,11.6,0.045,3.48,19.08,5.483,observed,B,16.0,3
C-S4-PUN,S4,PUN,K05,night,9,275.3,4.8,0.012,1.32,5.14,3.895,observed,B,16.0,3
C-S4-PUN,S4,PUN,K05,night,13,243.2,2.3,0.004,0.55,1.8,3.278,observed,B,16.0,3
C-S4-PUN,S4,PUN,K05,morning,1,309.1,88.7,0.489,27.4,207.19,7.561,observed,B,16.0,4
C-S4-PUN,S4,PUN,K05,morning,5,290.5,36.3,0.141,10.56,59.96,5.678,observed,B,16.0,4
C-S4-PUN,S4,PUN,K05,morning,9,265.8,15.1,0.038,4.01,16.16,4.034,observed,B,16.0,4
C-S4-PUN,S4,PUN,K05,morning,13,234.9,7.1,0.013,1.67,5.65,3.394,observed,B,16.0,4
C-S4-PUN,S4,PUN,K05,afternoon,1,309.8,100.1,0.551,31.0,233.82,7.543,observed,B,16.0,4
C-S4-PUN,S4,PUN,K05,afternoon,5,291.2,41.0,0.16,11.95,67.67,5.664,observed,B,16.0,4
C-S4-PUN,S4,PUN,K05,afternoon,9,266.4,17.0,0.043,4.53,18.24,4.024,observed,B,16.0,4
C-S4-PUN,S4,PUN,K05,afternoon,13,235.5,8.0,0.015,1.88,6.38,3.386,observed,B,16.0,4
C-S4-PUN,S4,PUN,K05,evening,1,305.3,93.4,0.515,28.53,218.38,7.655,observed,B,16.0,4
C-S4-PUN,S4,PUN,K05,evening,5,287.0,38.3,0.149,10.99,63.2,5.749,observed,B,16.0,4
C-S4-PUN,S4,PUN,K05,evening,9,262.5,15.9,0.04,4.17,17.03,4.084,observed,B,16.0,4
C-S4-PUN,S4,PUN,K05,evening,13,232.0,7.5,0.014,1.73,5.96,3.437,observed,B,16.0,4
C-S4-PUN,S4,PUN,K06,night,1,345.5,23.1,0.178,7.99,75.54,9.454,observed,A,43.0,1
C-S4-PUN,S4,PUN,K06,night,5,324.7,9.5,0.052,3.08,21.86,7.1,observed,A,43.0,1
C-S4-PUN,S4,PUN,K06,night,9,297.1,3.9,0.014,1.17,5.89,5.044,observed,A,43.0,1
C-S4-PUN,S4,PUN,K06,night,13,262.6,1.9,0.005,0.49,2.06,4.244,observed,A,43.0,1
C-S4-PUN,S4,PUN,K06,morning,1,341.1,71.0,0.547,24.23,231.99,9.575,observed,A,43.0,2
C-S4-PUN,S4,PUN,K06,morning,5,320.7,29.1,0.158,9.34,67.14,7.19,observed,A,43.0,2
C-S4-PUN,S4,PUN,K06,morning,9,293.4,12.1,0.043,3.54,18.1,5.108,observed,A,43.0,2
C-S4-PUN,S4,PUN,K06,morning,13,259.3,5.7,0.015,1.47,6.33,4.298,observed,A,43.0,2
C-S4-PUN,S4,PUN,K06,afternoon,1,339.1,94.1,0.725,31.89,307.23,9.633,observed,A,43.0,2
C-S4-PUN,S4,PUN,K06,afternoon,5,318.7,38.6,0.21,12.29,88.92,7.234,observed,A,43.0,2
C-S4-PUN,S4,PUN,K06,afternoon,9,291.6,16.0,0.057,4.66,23.96,5.139,observed,A,43.0,2
C-S4-PUN,S4,PUN,K06,afternoon,13,257.7,7.5,0.02,1.94,8.39,4.324,observed,A,43.0,2
C-S4-PUN,S4,PUN,K06,evening,1,336.4,76.4,0.588,25.69,249.48,9.71,observed,A,43.0,2
C-S4-PUN,S4,PUN,K06,evening,5,316.2,31.3,0.17,9.9,72.2,7.292,observed,A,43.0,2
C-S4-PUN,S4,PUN,K06,evening,9,289.3,13.0,0.046,3.76,19.46,5.181,observed,A,43.0,2
C-S4-PUN,S4,PUN,K06,evening,13,255.6,6.1,0.016,1.56,6.81,4.359,observed,A,43.0,2
C-S4-PUN,S4,PUN,K10,night,1,372.7,13.8,0.024,5.16,10.08,1.954,observed,C,4.0,3
C-S4-PUN,S4,PUN,K10,night,5,350.3,5.7,0.007,1.99,2.92,1.467,observed,C,4.0,3
C-S4-PUN,S4,PUN,K10,night,9,320.5,2.4,0.002,0.75,0.79,1.042,observed,C,4.0,3
C-S4-PUN,S4,PUN,K10,night,13,283.2,1.1,0.001,0.31,0.28,0.877,observed,C,4.0,3
C-S4-PUN,S4,PUN,K10,morning,1,372.9,43.7,0.075,16.31,31.85,1.953,observed,C,4.0,3
C-S4-PUN,S4,PUN,K10,morning,5,350.5,17.9,0.022,6.29,9.22,1.466,observed,C,4.0,3
C-S4-PUN,S4,PUN,K10,morning,9,320.7,7.4,0.006,2.38,2.48,1.042,observed,C,4.0,3
C-S4-PUN,S4,PUN,K10,morning,13,283.4,3.5,0.002,0.99,0.87,0.877,observed,C,4.0,3
C-S4-PUN,S4,PUN,K10,afternoon,1,371.8,62.1,0.107,23.07,45.18,1.958,observed,C,4.0,3
C-S4-PUN,S4,PUN,K10,afternoon,5,349.5,25.4,0.031,8.89,13.08,1.471,observed,C,4.0,3
C-S4-PUN,S4,PUN,K10,afternoon,9,319.7,10.5,0.008,3.37,3.52,1.045,observed,C,4.0,3
C-S4-PUN,S4,PUN,K10,afternoon,13,282.5,5.0,0.003,1.4,1.23,0.879,observed,C,4.0,3
C-S4-PUN,S4,PUN,K10,evening,1,369.2,49.8,0.085,18.37,36.23,1.972,observed,C,4.0,3
C-S4-PUN,S4,PUN,K10,evening,5,347.0,20.4,0.025,7.08,10.48,1.481,observed,C,4.0,3
C-S4-PUN,S4,PUN,K10,evening,9,317.5,8.5,0.007,2.69,2.83,1.052,observed,C,4.0,3
C-S4-PUN,S4,PUN,K10,evening,13,280.6,4.0,0.002,1.12,0.99,0.885,observed,C,4.0,3
C-S5-DEL,S5,DEL,K01,night,1,196.3,180.2,2.481,35.38,312.58,8.834,observed,A,246.0,2
C-S5-DEL,S5,DEL,K01,night,5,184.5,73.9,0.718,13.64,90.46,6.634,observed,A,246.0,2
C-S5-DEL,S5,DEL,K01,night,9,168.8,30.6,0.194,5.17,24.38,4.713,observed,A,246.0,2
C-S5-DEL,S5,DEL,K01,night,13,149.2,14.4,0.068,2.15,8.53,3.966,observed,A,246.0,2
C-S5-DEL,S5,DEL,K01,morning,1,197.7,416.7,5.735,82.4,722.63,8.77,observed,A,246.0,2
C-S5-DEL,S5,DEL,K01,morning,5,185.9,170.8,1.66,31.76,209.14,6.586,observed,A,246.0,2
C-S5-DEL,S5,DEL,K01,morning,9,170.1,70.8,0.447,12.05,56.37,4.679,observed,A,246.0,2
C-S5-DEL,S5,DEL,K01,morning,13,150.3,33.3,0.157,5.01,19.72,3.937,observed,A,246.0,2
C-S5-DEL,S5,DEL,K01,afternoon,1,197.7,291.6,4.013,57.64,505.63,8.772,truncated,A,246.0,2
C-S5-DEL,S5,DEL,K01,afternoon,5,185.8,119.5,1.161,22.22,146.34,6.587,truncated,A,246.0,2
C-S5-DEL,S5,DEL,K01,afternoon,9,170.0,49.6,0.313,8.43,39.44,4.68,truncated,A,246.0,2
C-S5-DEL,S5,DEL,K01,afternoon,13,150.3,23.3,0.11,3.5,13.8,3.938,truncated,A,246.0,2
C-S5-DEL,S5,DEL,K01,evening,1,207.9,509.2,7.008,105.86,883.03,8.342,prior,A,246.0,0
C-S5-DEL,S5,DEL,K01,evening,5,195.4,208.8,2.028,40.8,255.56,6.264,prior,A,246.0,0
C-S5-DEL,S5,DEL,K01,evening,9,178.8,86.6,0.547,15.48,68.88,4.45,prior,A,246.0,0
C-S5-DEL,S5,DEL,K01,evening,13,158.0,40.7,0.191,6.44,24.1,3.745,prior,A,246.0,0
C-S5-DEL,S5,DEL,K03,night,1,289.6,593.1,2.098,171.77,264.33,1.539,observed,A,84.0,4
C-S5-DEL,S5,DEL,K03,night,5,272.2,243.2,0.607,66.2,76.5,1.156,observed,A,84.0,4
C-S5-DEL,S5,DEL,K03,night,9,249.1,100.8,0.164,25.11,20.62,0.821,observed,A,84.0,4
C-S5-DEL,S5,DEL,K03,night,13,220.1,47.5,0.057,10.44,7.21,0.691,observed,A,84.0,4
C-S5-DEL,S5,DEL,K03,morning,1,280.6,1340.3,4.74,376.1,597.29,1.588,observed,A,84.0,4
C-S5-DEL,S5,DEL,K03,morning,5,263.8,549.5,1.372,144.95,172.86,1.193,observed,A,84.0,4
C-S5-DEL,S5,DEL,K03,morning,9,241.3,227.8,0.37,54.99,46.59,0.847,observed,A,84.0,4
C-S5-DEL,S5,DEL,K03,morning,13,213.3,107.2,0.129,22.87,16.3,0.713,observed,A,84.0,4
C-S5-DEL,S5,DEL,K03,afternoon,1,284.0,1431.4,5.063,406.54,637.89,1.569,truncated,A,84.0,4
C-S5-DEL,S5,DEL,K03,afternoon,5,267.0,586.9,1.465,156.68,184.61,1.178,truncated,A,84.0,4
C-S5-DEL,S5,DEL,K03,afternoon,9,244.3,243.3,0.395,59.44,49.76,0.837,truncated,A,84.0,4
C-S5-DEL,S5,DEL,K03,afternoon,13,215.9,114.5,0.138,24.72,17.41,0.704,truncated,A,84.0,4
C-S5-DEL,S5,DEL,K03,evening,1,356.4,2602.5,9.205,927.53,1159.8,1.25,prior,A,84.0,0
C-S5-DEL,S5,DEL,K03,evening,5,335.0,1067.0,2.664,357.47,335.66,0.939,prior,A,84.0,0
C-S5-DEL,S5,DEL,K03,evening,9,306.5,442.4,0.718,135.6,90.46,0.667,prior,A,84.0,0
C-S5-DEL,S5,DEL,K03,evening,13,270.9,208.2,0.251,56.39,31.66,0.561,prior,A,84.0,0
C-S5-DEL,S5,DEL,K08,night,1,261.0,28.8,0.295,7.51,37.19,4.95,observed,A,31.0,2
C-S5-DEL,S5,DEL,K08,night,5,245.3,11.8,0.085,2.9,10.76,3.717,observed,A,31.0,2
C-S5-DEL,S5,DEL,K08,night,9,224.4,4.9,0.023,1.1,2.9,2.641,observed,A,31.0,2
C-S5-DEL,S5,DEL,K08,night,13,198.3,2.3,0.008,0.46,1.02,2.222,observed,A,31.0,2
C-S5-DEL,S5,DEL,K08,morning,1,256.3,63.3,0.649,16.22,81.78,5.041,observed,A,31.0,2
C-S5-DEL,S5,DEL,K08,morning,5,240.9,26.0,0.188,6.25,23.67,3.785,observed,A,31.0,2
C-S5-DEL,S5,DEL,K08,morning,9,220.4,10.8,0.051,2.37,6.38,2.689,observed,A,31.0,2
C-S5-DEL,S5,DEL,K08,morning,13,194.8,5.1,0.018,0.99,2.23,2.263,observed,A,31.0,2
C-S5-DEL,S5,DEL,K08,afternoon,1,263.4,70.0,0.718,18.44,90.45,4.906,truncated,A,31.0,2
C-S5-DEL,S5,DEL,K08,afternoon,5,247.6,28.7,0.208,7.11,26.18,3.684,truncated,A,31.0,2
C-S5-DEL,S5,DEL,K08,afternoon,9,226.5,11.9,0.056,2.7,7.06,2.617,truncated,A,31.0,2
C-S5-DEL,S5,DEL,K08,afternoon,13,200.2,5.6,0.02,1.12,2.47,2.202,truncated,A,31.0,2
C-S5-DEL,S5,DEL,K08,evening,1,277.2,127.3,1.305,35.29,164.46,4.661,prior,A,31.0,0
C-S5-DEL,S5,DEL,K08,evening,5,260.6,52.2,0.378,13.6,47.6,3.5,prior,A,31.0,0
C-S5-DEL,S5,DEL,K08,evening,9,238.4,21.6,0.102,5.16,12.83,2.487,prior,A,31.0,0
C-S5-DEL,S5,DEL,K08,evening,13,210.7,10.2,0.036,2.15,4.49,2.092,prior,A,31.0,0
C-S5-MUM,S5,MUM,K01,night,1,230.0,66.6,0.961,15.31,121.07,7.907,observed,A,40.0,6
C-S5-MUM,S5,MUM,K01,night,5,216.2,27.3,0.278,5.9,35.04,5.938,observed,A,40.0,6
C-S5-MUM,S5,MUM,K01,night,9,197.8,11.3,0.075,2.24,9.44,4.219,observed,A,40.0,6
C-S5-MUM,S5,MUM,K01,night,13,174.8,5.3,0.026,0.93,3.3,3.55,observed,A,40.0,6
C-S5-MUM,S5,MUM,K01,morning,1,232.1,137.0,1.978,31.8,249.19,7.836,observed,A,40.0,6
C-S5-MUM,S5,MUM,K01,morning,5,218.2,56.2,0.572,12.26,72.12,5.884,observed,A,40.0,6
C-S5-MUM,S5,MUM,K01,morning,9,199.6,23.3,0.154,4.65,19.44,4.181,observed,A,40.0,6
C-S5-MUM,S5,MUM,K01,morning,13,176.4,11.0,0.054,1.93,6.8,3.518,observed,A,40.0,6
C-S5-MUM,S5,MUM,K01,afternoon,1,233.1,168.1,2.427,39.18,305.79,7.804,observed,A,40.0,6
C-S5-MUM,S5,MUM,K01,afternoon,5,219.1,68.9,0.702,15.1,88.5,5.861,observed,A,40.0,6
C-S5-MUM,S5,MUM,K01,afternoon,9,200.4,28.6,0.189,5.73,23.85,4.164,observed,A,40.0,6
C-S5-MUM,S5,MUM,K01,afternoon,13,177.1,13.4,0.066,2.38,8.35,3.503,observed,A,40.0,6
C-S5-MUM,S5,MUM,K01,evening,1,229.8,193.1,2.788,44.37,351.27,7.916,observed,A,40.0,6
C-S5-MUM,S5,MUM,K01,evening,5,216.0,79.2,0.807,17.1,101.66,5.945,observed,A,40.0,6
C-S5-MUM,S5,MUM,K01,evening,9,197.6,32.8,0.217,6.49,27.4,4.223,observed,A,40.0,6
C-S5-MUM,S5,MUM,K01,evening,13,174.6,15.4,0.076,2.7,9.59,3.554,observed,A,40.0,6
C-S5-MUM,S5,MUM,K03,night,1,330.5,589.4,2.341,194.81,294.96,1.514,observed,A,307.0,2
C-S5-MUM,S5,MUM,K03,night,5,310.7,241.6,0.677,75.08,85.36,1.137,observed,A,307.0,2
C-S5-MUM,S5,MUM,K03,night,9,284.3,100.2,0.183,28.48,23.01,0.808,observed,A,307.0,2
C-S5-MUM,S5,MUM,K03,night,13,251.2,47.1,0.064,11.84,8.05,0.68,observed,A,307.0,2
C-S5-MUM,S5,MUM,K03,morning,1,334.8,1136.5,4.514,380.46,568.77,1.495,observed,A,307.0,2
C-S5-MUM,S5,MUM,K03,morning,5,314.7,465.9,1.306,146.63,164.61,1.123,observed,A,307.0,2
C-S5-MUM,S5,MUM,K03,morning,9,287.9,193.2,0.352,55.62,44.36,0.798,observed,A,307.0,2
C-S5-MUM,S5,MUM,K03,morning,13,254.4,90.9,0.123,23.13,15.52,0.671,observed,A,307.0,2
C-S5-MUM,S5,MUM,K03,afternoon,1,332.3,1482.9,5.89,492.85,742.18,1.506,observed,A,307.0,2
C-S5-MUM,S5,MUM,K03,afternoon,5,312.4,608.0,1.705,189.95,214.8,1.131,observed,A,307.0,2
C-S5-MUM,S5,MUM,K03,afternoon,9,285.8,252.1,0.459,72.06,57.89,0.803,observed,A,307.0,2
C-S5-MUM,S5,MUM,K03,afternoon,13,252.6,118.6,0.161,29.97,20.26,0.676,observed,A,307.0,2
C-S5-MUM,S5,MUM,K03,evening,1,328.8,1521.3,6.043,500.28,761.39,1.522,observed,A,307.0,2
C-S5-MUM,S5,MUM,K03,evening,5,309.1,623.7,1.749,192.81,220.36,1.143,observed,A,307.0,2
C-S5-MUM,S5,MUM,K03,evening,9,282.8,258.6,0.471,73.14,59.39,0.812,observed,A,307.0,2
C-S5-MUM,S5,MUM,K03,evening,13,249.9,121.7,0.165,30.42,20.78,0.683,observed,A,307.0,2
C-S5-MUM,S5,MUM,K08,night,1,296.2,25.4,0.305,7.52,38.42,5.108,observed,A,64.0,2
C-S5-MUM,S5,MUM,K08,night,5,278.4,10.4,0.088,2.9,11.12,3.836,observed,A,64.0,2
C-S5-MUM,S5,MUM,K08,night,9,254.7,4.3,0.024,1.1,3.0,2.725,observed,A,64.0,2
C-S5-MUM,S5,MUM,K08,night,13,225.1,2.0,0.008,0.46,1.05,2.293,observed,A,64.0,2
C-S5-MUM,S5,MUM,K08,morning,1,292.1,55.3,0.664,16.16,83.67,5.179,observed,A,64.0,2
C-S5-MUM,S5,MUM,K08,morning,5,274.6,22.7,0.192,6.23,24.22,3.889,observed,A,64.0,2
C-S5-MUM,S5,MUM,K08,morning,9,251.2,9.4,0.052,2.36,6.53,2.763,observed,A,64.0,2
C-S5-MUM,S5,MUM,K08,morning,13,222.0,4.4,0.018,0.98,2.28,2.325,observed,A,64.0,2
C-S5-MUM,S5,MUM,K08,afternoon,1,290.3,67.8,0.814,19.69,102.6,5.211,observed,A,64.0,2
C-S5-MUM,S5,MUM,K08,afternoon,5,272.9,27.8,0.236,7.59,29.69,3.913,observed,A,64.0,2
C-S5-MUM,S5,MUM,K08,afternoon,9,249.7,11.5,0.064,2.88,8.0,2.78,observed,A,64.0,2
C-S5-MUM,S5,MUM,K08,afternoon,13,220.7,5.4,0.022,1.2,2.8,2.339,observed,A,64.0,2
C-S5-MUM,S5,MUM,K08,evening,1,285.4,74.6,0.895,21.29,112.82,5.3,observed,A,64.0,2
C-S5-MUM,S5,MUM,K08,evening,5,268.3,30.6,0.259,8.2,32.65,3.98,observed,A,64.0,2
C-S5-MUM,S5,MUM,K08,evening,9,245.5,12.7,0.07,3.11,8.8,2.828,observed,A,64.0,2
C-S5-MUM,S5,MUM,K08,evening,13,216.9,6.0,0.024,1.29,3.08,2.379,observed,A,64.0,2
C-S5-BLR,S5,BLR,K01,night,1,221.6,61.8,0.811,13.69,102.21,7.468,observed,A,53.0,5
C-S5-BLR,S5,BLR,K01,night,5,208.3,25.3,0.235,5.27,29.58,5.608,observed,A,53.0,5
C-S5-BLR,S5,BLR,K01,night,9,190.6,10.5,0.063,2.0,7.97,3.984,observed,A,53.0,5
C-S5-BLR,S5,BLR,K01,night,13,168.4,4.9,0.022,0.83,2.79,3.352,observed,A,53.0,5
C-S5-BLR,S5,BLR,K01,morning,1,225.9,159.6,2.097,36.06,264.2,7.326,observed,A,53.0,5
C-S5-BLR,S5,BLR,K01,morning,5,212.4,65.4,0.607,13.9,76.46,5.502,observed,A,53.0,5
C-S5-BLR,S5,BLR,K01,morning,9,194.3,27.1,0.164,5.27,20.61,3.909,observed,A,53.0,5
C-S5-BLR,S5,BLR,K01,morning,13,171.7,12.8,0.057,2.19,7.21,3.289,observed,A,53.0,5
C-S5-BLR,S5,BLR,K01,afternoon,1,228.0,215.9,2.836,49.23,357.33,7.258,observed,A,53.0,5
C-S5-BLR,S5,BLR,K01,afternoon,5,214.4,88.5,0.821,18.97,103.41,5.451,observed,A,53.0,5
C-S5-BLR,S5,BLR,K01,afternoon,9,196.1,36.7,0.221,7.2,27.87,3.872,observed,A,53.0,5
C-S5-BLR,S5,BLR,K01,afternoon,13,173.3,17.3,0.077,2.99,9.75,3.258,observed,A,53.0,5
C-S5-BLR,S5,BLR,K01,evening,1,223.2,287.9,3.782,64.26,476.55,7.416,observed,A,53.0,5
C-S5-BLR,S5,BLR,K01,evening,5,209.8,118.0,1.095,24.77,137.92,5.569,observed,A,53.0,5
C-S5-BLR,S5,BLR,K01,evening,9,191.9,48.9,0.295,9.4,37.17,3.956,observed,A,53.0,5
C-S5-BLR,S5,BLR,K01,evening,13,169.6,23.0,0.103,3.91,13.01,3.329,observed,A,53.0,5
C-S5-BLR,S5,BLR,K03,night,1,315.6,455.0,1.753,143.6,220.88,1.538,observed,A,141.0,3
C-S5-BLR,S5,BLR,K03,night,5,296.7,186.5,0.507,55.34,63.92,1.155,observed,A,141.0,3
C-S5-BLR,S5,BLR,K03,night,9,271.4,77.3,0.137,20.99,17.23,0.821,observed,A,141.0,3
C-S5-BLR,S5,BLR,K03,night,13,239.9,36.4,0.048,8.73,6.03,0.691,observed,A,141.0,3
C-S5-BLR,S5,BLR,K03,morning,1,305.8,1093.9,4.215,334.48,531.06,1.588,observed,A,141.0,4
C-S5-BLR,S5,BLR,K03,morning,5,287.4,448.5,1.22,128.91,153.69,1.192,observed,A,141.0,4
C-S5-BLR,S5,BLR,K03,morning,9,263.0,186.0,0.329,48.9,41.42,0.847,observed,A,141.0,4
C-S5-BLR,S5,BLR,K03,morning,13,232.4,87.5,0.115,20.34,14.49,0.713,observed,A,141.0,4
C-S5-BLR,S5,BLR,K03,afternoon,1,305.3,1231.9,4.747,376.11,598.07,1.59,observed,A,141.0,3
C-S5-BLR,S5,BLR,K03,afternoon,5,287.0,505.1,1.374,144.95,173.09,1.194,observed,A,141.0,3
C-S5-BLR,S5,BLR,K03,afternoon,9,262.6,209.4,0.37,54.99,46.65,0.848,observed,A,141.0,3
C-S5-BLR,S5,BLR,K03,afternoon,13,232.0,98.6,0.13,22.87,16.32,0.714,observed,A,141.0,3
C-S5-BLR,S5,BLR,K03,evening,1,304.9,1224.9,4.72,373.53,594.69,1.592,observed,A,141.0,4
C-S5-BLR,S5,BLR,K03,evening,5,286.6,502.2,1.366,143.96,172.11,1.196,observed,A,141.0,4
C-S5-BLR,S5,BLR,K03,evening,9,262.2,208.2,0.368,54.61,46.39,0.849,observed,A,141.0,4
C-S5-BLR,S5,BLR,K03,evening,13,231.8,98.0,0.129,22.71,16.23,0.715,observed,A,141.0,4
C-S5-BLR,S5,BLR,K08,night,1,278.6,20.2,0.196,5.64,24.66,4.377,observed,A,33.0,2
C-S5-BLR,S5,BLR,K08,night,5,261.9,8.3,0.057,2.17,7.14,3.286,observed,A,33.0,2
C-S5-BLR,S5,BLR,K08,night,9,239.6,3.4,0.015,0.82,1.92,2.335,observed,A,33.0,2
C-S5-BLR,S5,BLR,K08,night,13,211.7,1.6,0.005,0.34,0.67,1.965,observed,A,33.0,2
C-S5-BLR,S5,BLR,K08,morning,1,272.5,47.3,0.458,12.9,57.71,4.475,observed,A,33.0,2
C-S5-BLR,S5,BLR,K08,morning,5,256.1,19.4,0.133,4.97,16.7,3.36,observed,A,33.0,2
C-S5-BLR,S5,BLR,K08,morning,9,234.3,8.0,0.036,1.89,4.5,2.387,observed,A,33.0,2
C-S5-BLR,S5,BLR,K08,morning,13,207.1,3.8,0.013,0.78,1.58,2.009,observed,A,33.0,2
C-S5-BLR,S5,BLR,K08,afternoon,1,270.4,60.1,0.582,16.26,73.3,4.509,observed,A,33.0,2
C-S5-BLR,S5,BLR,K08,afternoon,5,254.2,24.6,0.168,6.27,21.21,3.386,observed,A,33.0,2
C-S5-BLR,S5,BLR,K08,afternoon,9,232.6,10.2,0.045,2.38,5.72,2.405,observed,A,33.0,2
C-S5-BLR,S5,BLR,K08,afternoon,13,205.5,4.8,0.016,0.99,2.0,2.024,observed,A,33.0,2
C-S5-BLR,S5,BLR,K08,evening,1,272.4,70.2,0.68,19.14,85.65,4.475,observed,A,33.0,2
C-S5-BLR,S5,BLR,K08,evening,5,256.1,28.8,0.197,7.38,24.79,3.361,observed,A,33.0,2
C-S5-BLR,S5,BLR,K08,evening,9,234.3,11.9,0.053,2.8,6.68,2.388,observed,A,33.0,2
C-S5-BLR,S5,BLR,K08,evening,13,207.1,5.6,0.019,1.16,2.34,2.009,observed,A,33.0,2
C-S5-HYD,S5,HYD,K01,night,1,185.9,72.8,1.001,13.53,126.07,9.317,observed,A,201.0,2
C-S5-HYD,S5,HYD,K01,night,5,174.7,29.8,0.29,5.21,36.49,6.996,observed,A,201.0,2
C-S5-HYD,S5,HYD,K01,night,9,159.9,12.4,0.078,1.98,9.83,4.971,observed,A,201.0,2
C-S5-HYD,S5,HYD,K01,night,13,141.3,5.8,0.027,0.82,3.44,4.183,observed,A,201.0,2
C-S5-HYD,S5,HYD,K01,morning,1,186.2,192.6,2.648,35.88,333.64,9.3,observed,A,201.0,2
C-S5-HYD,S5,HYD,K01,morning,5,175.1,79.0,0.766,13.83,96.56,6.984,observed,A,201.0,2
C-S5-HYD,S5,HYD,K01,morning,9,160.2,32.7,0.207,5.25,26.02,4.962,observed,A,201.0,2
C-S5-HYD,S5,HYD,K01,morning,13,141.5,15.4,0.072,2.18,9.11,4.175,observed,A,201.0,2
C-S5-HYD,S5,HYD,K01,afternoon,1,187.3,231.6,3.184,43.39,401.19,9.246,observed,A,201.0,2
C-S5-HYD,S5,HYD,K01,afternoon,5,176.1,95.0,0.922,16.72,116.11,6.943,observed,A,201.0,2
C-S5-HYD,S5,HYD,K01,afternoon,9,161.1,39.4,0.248,6.34,31.29,4.933,observed,A,201.0,2
C-S5-HYD,S5,HYD,K01,afternoon,13,142.4,18.5,0.087,2.64,10.95,4.151,observed,A,201.0,2
C-S5-HYD,S5,HYD,K01,evening,1,185.5,211.1,2.901,39.15,365.56,9.338,observed,A,201.0,2
C-S5-HYD,S5,HYD,K01,evening,5,174.3,86.5,0.84,15.09,105.8,7.012,observed,A,201.0,2
C-S5-HYD,S5,HYD,K01,evening,9,159.5,35.9,0.226,5.72,28.51,4.982,observed,A,201.0,2
C-S5-HYD,S5,HYD,K01,evening,13,141.0,16.9,0.079,2.38,9.98,4.192,observed,A,201.0,2
C-S5-HYD,S5,HYD,K03,night,1,281.3,275.0,1.077,77.38,135.76,1.754,observed,A,98.0,3
C-S5-HYD,S5,HYD,K03,night,5,264.5,112.8,0.312,29.82,39.29,1.317,observed,A,98.0,3
C-S5-HYD,S5,HYD,K03,night,9,242.0,46.8,0.084,11.31,10.59,0.936,observed,A,98.0,3
C-S5-HYD,S5,HYD,K03,night,13,213.8,22.0,0.029,4.7,3.71,0.788,observed,A,98.0,3
C-S5-HYD,S5,HYD,K03,morning,1,271.0,655.9,2.569,177.73,323.74,1.822,observed,A,98.0,3
C-S5-HYD,S5,HYD,K03,morning,5,254.7,268.9,0.744,68.5,93.69,1.368,observed,A,98.0,3
C-S5-HYD,S5,HYD,K03,morning,9,233.0,111.5,0.2,25.98,25.25,0.972,observed,A,98.0,3
C-S5-HYD,S5,HYD,K03,morning,13,205.9,52.5,0.07,10.81,8.84,0.818,observed,A,98.0,3
C-S5-HYD,S5,HYD,K03,afternoon,1,269.8,776.1,3.041,209.4,383.12,1.83,observed,A,98.0,3
C-S5-HYD,S5,HYD,K03,afternoon,5,253.6,318.2,0.88,80.7,110.88,1.374,observed,A,98.0,3
C-S5-HYD,S5,HYD,K03,afternoon,9,232.0,131.9,0.237,30.61,29.88,0.976,observed,A,98.0,3
C-S5-HYD,S5,HYD,K03,afternoon,13,205.0,62.1,0.083,12.73,10.46,0.821,observed,A,98.0,3
C-S5-HYD,S5,HYD,K03,evening,1,268.9,691.0,2.707,185.79,341.09,1.836,observed,A,98.0,3
C-S5-HYD,S5,HYD,K03,evening,5,252.7,283.3,0.783,71.6,98.72,1.379,observed,A,98.0,3
C-S5-HYD,S5,HYD,K03,evening,9,231.2,117.5,0.211,27.16,26.6,0.979,observed,A,98.0,3
C-S5-HYD,S5,HYD,K03,evening,13,204.3,55.3,0.074,11.3,9.31,0.824,observed,A,98.0,3
C-S5-HYD,S5,HYD,K08,night,1,245.6,11.7,0.112,2.88,14.13,4.899,observed,B,18.0,2
C-S5-HYD,S5,HYD,K08,night,5,230.8,4.8,0.032,1.11,4.09,3.679,observed,B,18.0,2
C-S5-HYD,S5,HYD,K08,night,9,211.2,2.0,0.009,0.42,1.1,2.613,observed,B,18.0,2
C-S5-HYD,S5,HYD,K08,night,13,186.6,0.9,0.003,0.18,0.39,2.199,observed,B,18.0,2
C-S5-HYD,S5,HYD,K08,morning,1,243.1,26.9,0.257,6.54,32.38,4.949,observed,B,18.0,2
C-S5-HYD,S5,HYD,K08,morning,5,228.5,11.0,0.074,2.52,9.37,3.716,observed,B,18.0,2
C-S5-HYD,S5,HYD,K08,morning,9,209.1,4.6,0.02,0.96,2.53,2.64,observed,B,18.0,2
C-S5-HYD,S5,HYD,K08,morning,13,184.7,2.2,0.007,0.4,0.88,2.221,observed,B,18.0,2
C-S5-HYD,S5,HYD,K08,afternoon,1,243.3,32.3,0.308,7.85,38.82,4.945,observed,B,18.0,2
C-S5-HYD,S5,HYD,K08,afternoon,5,228.7,13.2,0.089,3.03,11.24,3.713,observed,B,18.0,2
C-S5-HYD,S5,HYD,K08,afternoon,9,209.2,5.5,0.024,1.15,3.03,2.638,observed,B,18.0,2
C-S5-HYD,S5,HYD,K08,afternoon,13,184.9,2.6,0.008,0.48,1.06,2.22,observed,B,18.0,2
C-S5-HYD,S5,HYD,K08,evening,1,239.7,29.9,0.286,7.18,36.01,5.019,observed,B,18.0,2
C-S5-HYD,S5,HYD,K08,evening,5,225.3,12.3,0.083,2.77,10.42,3.769,observed,B,18.0,2
C-S5-HYD,S5,HYD,K08,evening,9,206.1,5.1,0.022,1.05,2.81,2.678,observed,B,18.0,2
C-S5-HYD,S5,HYD,K08,evening,13,182.2,2.4,0.008,0.44,0.98,2.253,observed,B,18.0,2
C-S5-PUN,S5,PUN,K01,night,1,182.7,15.0,0.199,2.75,25.1,9.143,observed,B,10.0,8
C-S5-PUN,S5,PUN,K01,night,5,171.8,6.2,0.058,1.06,7.27,6.866,observed,B,10.0,8
C-S5-PUN,S5,PUN,K01,night,9,157.1,2.6,0.016,0.4,1.96,4.878,observed,B,10.0,8
C-S5-PUN,S5,PUN,K01,night,13,138.9,1.2,0.005,0.17,0.69,4.105,observed,B,10.0,8
C-S5-PUN,S5,PUN,K01,morning,1,188.2,55.9,0.741,10.52,93.37,8.878,observed,B,10.0,8
C-S5-PUN,S5,PUN,K01,morning,5,176.9,22.9,0.214,4.05,27.02,6.667,observed,B,10.0,8
C-S5-PUN,S5,PUN,K01,morning,9,161.8,9.5,0.058,1.54,7.28,4.737,observed,B,10.0,8
C-S5-PUN,S5,PUN,K01,morning,13,143.0,4.5,0.02,0.64,2.55,3.986,observed,B,10.0,8
C-S5-PUN,S5,PUN,K01,afternoon,1,190.1,73.9,0.98,14.06,123.52,8.787,observed,B,10.0,7
C-S5-PUN,S5,PUN,K01,afternoon,5,178.7,30.3,0.284,5.42,35.75,6.599,observed,B,10.0,7
C-S5-PUN,S5,PUN,K01,afternoon,9,163.5,12.6,0.076,2.06,9.63,4.688,observed,B,10.0,7
C-S5-PUN,S5,PUN,K01,afternoon,13,144.5,5.9,0.027,0.85,3.37,3.945,observed,B,10.0,7
C-S5-PUN,S5,PUN,K01,evening,1,186.4,53.0,0.703,9.87,88.52,8.965,observed,B,10.0,8
C-S5-PUN,S5,PUN,K01,evening,5,175.2,21.7,0.203,3.81,25.62,6.732,observed,B,10.0,8
C-S5-PUN,S5,PUN,K01,evening,9,160.3,9.0,0.055,1.44,6.9,4.783,observed,B,10.0,8
C-S5-PUN,S5,PUN,K01,evening,13,141.6,4.2,0.019,0.6,2.42,4.025,observed,B,10.0,8
C-S5-PUN,S5,PUN,K03,night,1,290.1,156.6,0.55,45.43,69.3,1.526,observed,A,36.0,5
C-S5-PUN,S5,PUN,K03,night,5,272.7,64.2,0.159,17.51,20.06,1.146,observed,A,36.0,5
C-S5-PUN,S5,PUN,K03,night,9,249.5,26.6,0.043,6.64,5.41,0.814,observed,A,36.0,5
C-S5-PUN,S5,PUN,K03,night,13,220.5,12.5,0.015,2.76,1.89,0.685,observed,A,36.0,5
C-S5-PUN,S5,PUN,K03,morning,1,280.4,402.3,1.413,112.83,178.05,1.578,observed,A,36.0,5
C-S5-PUN,S5,PUN,K03,morning,5,263.6,165.0,0.409,43.48,51.53,1.185,observed,A,36.0,5
C-S5-PUN,S5,PUN,K03,morning,9,241.2,68.4,0.11,16.5,13.89,0.842,observed,A,36.0,5
C-S5-PUN,S5,PUN,K03,morning,13,213.1,32.2,0.039,6.86,4.86,0.708,observed,A,36.0,5
C-S5-PUN,S5,PUN,K03,afternoon,1,278.4,497.1,1.746,138.39,219.97,1.59,observed,A,36.0,5
C-S5-PUN,S5,PUN,K03,afternoon,5,261.7,203.8,0.505,53.33,63.66,1.194,observed,A,36.0,5
C-S5-PUN,S5,PUN,K03,afternoon,9,239.4,84.5,0.136,20.23,17.16,0.848,observed,A,36.0,5
C-S5-PUN,S5,PUN,K03,afternoon,13,211.6,39.8,0.048,8.41,6.0,0.714,observed,A,36.0,5
C-S5-PUN,S5,PUN,K03,evening,1,279.5,386.1,1.356,107.91,170.87,1.583,observed,A,36.0,5
C-S5-PUN,S5,PUN,K03,evening,5,262.7,158.3,0.392,41.59,49.45,1.189,observed,A,36.0,5
C-S5-PUN,S5,PUN,K03,evening,9,240.3,65.6,0.106,15.78,13.33,0.845,observed,A,36.0,5
C-S5-PUN,S5,PUN,K03,evening,13,212.4,30.9,0.037,6.56,4.66,0.711,observed,A,36.0,5
C-S5-PUN,S5,PUN,K08,night,1,237.9,3.6,0.035,0.85,4.44,5.206,observed,C,7.0,1
C-S5-PUN,S5,PUN,K08,night,5,223.6,1.5,0.01,0.33,1.29,3.909,observed,C,7.0,1
C-S5-PUN,S5,PUN,K08,night,9,204.6,0.6,0.003,0.12,0.35,2.778,observed,C,7.0,1
C-S5-PUN,S5,PUN,K08,night,13,180.8,0.3,0.001,0.05,0.12,2.337,observed,C,7.0,1
C-S5-PUN,S5,PUN,K08,morning,1,238.3,12.2,0.12,2.9,15.06,5.198,observed,C,7.0,2
C-S5-PUN,S5,PUN,K08,morning,5,224.0,5.0,0.035,1.12,4.36,3.903,observed,C,7.0,2
C-S5-PUN,S5,PUN,K08,morning,9,204.9,2.1,0.009,0.42,1.18,2.773,observed,C,7.0,2
C-S5-PUN,S5,PUN,K08,morning,13,181.1,1.0,0.003,0.18,0.41,2.333,observed,C,7.0,2
C-S5-PUN,S5,PUN,K08,afternoon,1,239.3,14.2,0.14,3.41,17.65,5.175,observed,C,7.0,2
C-S5-PUN,S5,PUN,K08,afternoon,5,225.0,5.8,0.041,1.31,5.11,3.886,observed,C,7.0,2
C-S5-PUN,S5,PUN,K08,afternoon,9,205.8,2.4,0.011,0.5,1.38,2.761,observed,C,7.0,2
C-S5-PUN,S5,PUN,K08,afternoon,13,181.9,1.1,0.004,0.21,0.48,2.323,observed,C,7.0,2
C-S5-PUN,S5,PUN,K08,evening,1,235.7,12.8,0.126,3.01,15.82,5.255,observed,C,7.0,2
C-S5-PUN,S5,PUN,K08,evening,5,221.5,5.2,0.036,1.16,4.58,3.946,observed,C,7.0,2
C-S5-PUN,S5,PUN,K08,evening,9,202.7,2.2,0.01,0.44,1.23,2.804,observed,C,7.0,2
C-S5-PUN,S5,PUN,K08,evening,13,179.1,1.0,0.003,0.18,0.43,2.359,observed,C,7.0,2
