campaign_id,sku_id,city_id,keyword_id,daypart,slot,cpm_inr,impressions_day,orders_day,spend_day,revenue_day,droas,reach_source,tier,orders_28d,current_slot
C-S1-DEL,S1,DEL,K01,night,1,210.9,61.6,1.158,12.99,199.23,15.339,observed,B,17.0,9
C-S1-DEL,S1,DEL,K01,night,5,198.2,25.3,0.335,5.01,57.66,11.519,observed,B,17.0,9
C-S1-DEL,S1,DEL,K01,night,9,181.4,10.5,0.09,1.9,15.54,8.184,observed,B,17.0,9
C-S1-DEL,S1,DEL,K01,night,13,160.3,4.9,0.032,0.79,5.44,6.886,observed,B,17.0,9
C-S1-DEL,S1,DEL,K01,morning,1,218.5,152.3,2.863,33.26,492.51,14.806,observed,B,17.0,9
C-S1-DEL,S1,DEL,K01,morning,5,205.4,62.4,0.829,12.82,142.54,11.118,observed,B,17.0,9
C-S1-DEL,S1,DEL,K01,morning,9,187.9,25.9,0.223,4.86,38.42,7.899,observed,B,17.0,9
C-S1-DEL,S1,DEL,K01,morning,13,166.0,12.2,0.078,2.02,13.44,6.646,observed,B,17.0,9
C-S1-DEL,S1,DEL,K01,afternoon,1,220.0,190.2,3.577,41.84,615.23,14.704,observed,B,17.0,8
C-S1-DEL,S1,DEL,K01,afternoon,5,206.8,78.0,1.035,16.13,178.06,11.042,observed,B,17.0,8
C-S1-DEL,S1,DEL,K01,afternoon,9,189.2,32.3,0.279,6.12,47.99,7.845,observed,B,17.0,8
C-S1-DEL,S1,DEL,K01,afternoon,13,167.2,15.2,0.098,2.54,16.79,6.601,observed,B,17.0,8
C-S1-DEL,S1,DEL,K01,evening,1,208.1,267.8,5.037,55.74,866.38,15.543,truncated,B,17.0,8
C-S1-DEL,S1,DEL,K01,evening,5,195.6,109.8,1.458,21.48,250.74,11.672,truncated,B,17.0,8
C-S1-DEL,S1,DEL,K01,evening,9,179.0,45.5,0.393,8.15,67.58,8.292,truncated,B,17.0,8
C-S1-DEL,S1,DEL,K01,evening,13,158.2,21.4,0.137,3.39,23.65,6.977,truncated,B,17.0,8
C-S1-DEL,S1,DEL,K02,night,1,216.9,45.2,1.203,9.79,206.93,21.129,observed,A,66.0,3
C-S1-DEL,S1,DEL,K02,night,5,203.9,18.5,0.348,3.77,59.89,15.866,observed,A,66.0,3
C-S1-DEL,S1,DEL,K02,night,9,186.5,7.7,0.094,1.43,16.14,11.272,observed,A,66.0,3
C-S1-DEL,S1,DEL,K02,night,13,164.8,3.6,0.033,0.6,5.65,9.485,observed,A,66.0,3
C-S1-DEL,S1,DEL,K02,morning,1,212.9,107.7,2.869,22.92,493.42,21.524,observed,A,66.0,3
C-S1-DEL,S1,DEL,K02,morning,5,200.1,44.1,0.83,8.83,142.8,16.163,observed,A,66.0,3
C-S1-DEL,S1,DEL,K02,morning,9,183.1,18.3,0.224,3.35,38.49,11.483,observed,A,66.0,3
C-S1-DEL,S1,DEL,K02,morning,13,161.8,8.6,0.078,1.39,13.47,9.662,observed,A,66.0,3
C-S1-DEL,S1,DEL,K02,afternoon,1,214.8,116.5,3.104,25.03,533.84,21.33,observed,A,66.0,3
C-S1-DEL,S1,DEL,K02,afternoon,5,201.9,47.8,0.898,9.65,154.5,16.018,observed,A,66.0,3
C-S1-DEL,S1,DEL,K02,afternoon,9,184.8,19.8,0.242,3.66,41.64,11.38,observed,A,66.0,3
C-S1-DEL,S1,DEL,K02,afternoon,13,163.3,9.3,0.085,1.52,14.57,9.575,observed,A,66.0,3
C-S1-DEL,S1,DEL,K02,evening,1,227.4,92.3,2.458,20.98,422.74,20.154,truncated,A,66.0,3
C-S1-DEL,S1,DEL,K02,evening,5,213.7,37.8,0.711,8.08,122.35,15.135,truncated,A,66.0,3
C-S1-DEL,S1,DEL,K02,evening,9,195.5,15.7,0.192,3.07,32.97,10.753,truncated,A,66.0,3
C-S1-DEL,S1,DEL,K02,evening,13,172.8,7.4,0.067,1.28,11.54,9.048,truncated,A,66.0,3
C-S1-DEL,S1,DEL,K03,night,1,292.8,797.7,4.46,233.55,767.1,3.284,observed,A,262.0,3
C-S1-DEL,S1,DEL,K03,night,5,275.2,327.1,1.291,90.01,222.01,2.466,observed,A,262.0,3
C-S1-DEL,S1,DEL,K03,night,9,251.8,135.6,0.348,34.15,59.83,1.752,observed,A,262.0,3
C-S1-DEL,S1,DEL,K03,night,13,222.5,63.8,0.122,14.2,20.94,1.474,observed,A,262.0,3
C-S1-DEL,S1,DEL,K03,morning,1,286.4,1902.9,10.639,544.9,1829.84,3.358,observed,A,262.0,3
C-S1-DEL,S1,DEL,K03,morning,5,269.2,780.2,3.079,210.01,529.58,2.522,observed,A,262.0,3
C-S1-DEL,S1,DEL,K03,morning,9,246.3,323.5,0.83,79.66,142.73,1.792,observed,A,262.0,3
C-S1-DEL,S1,DEL,K03,morning,13,217.6,152.2,0.29,33.13,49.94,1.508,observed,A,262.0,3
C-S1-DEL,S1,DEL,K03,afternoon,1,289.1,1557.0,8.705,450.05,1497.21,3.327,observed,A,262.0,3
C-S1-DEL,S1,DEL,K03,afternoon,5,271.7,638.4,2.519,173.45,433.31,2.498,observed,A,262.0,3
C-S1-DEL,S1,DEL,K03,afternoon,9,248.6,264.7,0.679,65.8,116.78,1.775,observed,A,262.0,3
C-S1-DEL,S1,DEL,K03,afternoon,13,219.7,124.6,0.238,27.36,40.87,1.493,observed,A,262.0,3
C-S1-DEL,S1,DEL,K03,evening,1,347.4,1369.0,7.654,475.62,1316.43,2.768,truncated,A,262.0,3
C-S1-DEL,S1,DEL,K03,evening,5,326.6,561.3,2.215,183.3,380.99,2.078,truncated,A,262.0,3
C-S1-DEL,S1,DEL,K03,evening,9,298.8,232.7,0.597,69.54,102.68,1.477,truncated,A,262.0,3
C-S1-DEL,S1,DEL,K03,evening,13,264.0,109.5,0.209,28.92,35.93,1.243,truncated,A,262.0,3
C-S1-DEL,S1,DEL,K04,night,1,291.0,218.7,1.265,63.64,217.61,3.419,observed,A,80.0,3
C-S1-DEL,S1,DEL,K04,night,5,273.5,89.7,0.366,24.53,62.98,2.568,observed,A,80.0,3
C-S1-DEL,S1,DEL,K04,night,9,250.3,37.2,0.099,9.3,16.97,1.824,observed,A,80.0,3
C-S1-DEL,S1,DEL,K04,night,13,221.2,17.5,0.035,3.87,5.94,1.535,observed,A,80.0,3
C-S1-DEL,S1,DEL,K04,morning,1,283.8,490.0,2.835,139.05,487.57,3.506,observed,A,80.0,3
C-S1-DEL,S1,DEL,K04,morning,5,266.8,200.9,0.82,53.59,141.11,2.633,observed,A,80.0,3
C-S1-DEL,S1,DEL,K04,morning,9,244.1,83.3,0.221,20.33,38.03,1.871,observed,A,80.0,3
C-S1-DEL,S1,DEL,K04,morning,13,215.7,39.2,0.077,8.45,13.31,1.574,observed,A,80.0,3
C-S1-DEL,S1,DEL,K04,afternoon,1,284.7,583.4,3.375,166.12,580.51,3.495,observed,A,80.0,3
C-S1-DEL,S1,DEL,K04,afternoon,5,267.7,239.2,0.977,64.02,168.01,2.624,observed,A,80.0,3
C-S1-DEL,S1,DEL,K04,afternoon,9,244.9,99.2,0.263,24.29,45.28,1.864,observed,A,80.0,3
C-S1-DEL,S1,DEL,K04,afternoon,13,216.4,46.7,0.092,10.1,15.84,1.569,observed,A,80.0,3
C-S1-DEL,S1,DEL,K04,evening,1,325.0,357.1,2.066,116.06,355.35,3.062,truncated,A,80.0,3
C-S1-DEL,S1,DEL,K04,evening,5,305.5,146.4,0.598,44.73,102.84,2.299,truncated,A,80.0,3
C-S1-DEL,S1,DEL,K04,evening,9,279.5,60.7,0.161,16.97,27.72,1.634,truncated,A,80.0,3
C-S1-DEL,S1,DEL,K04,evening,13,247.0,28.6,0.056,7.06,9.7,1.375,truncated,A,80.0,3
C-S1-DEL,S1,DEL,K07,night,1,267.4,90.3,0.758,24.14,130.42,5.404,observed,A,64.0,2
C-S1-DEL,S1,DEL,K07,night,5,251.4,37.0,0.219,9.3,37.75,4.058,observed,A,64.0,2
C-S1-DEL,S1,DEL,K07,night,9,230.0,15.3,0.059,3.53,10.17,2.883,observed,A,64.0,2
C-S1-DEL,S1,DEL,K07,night,13,203.2,7.2,0.021,1.47,3.56,2.426,observed,A,64.0,2
C-S1-DEL,S1,DEL,K07,morning,1,260.0,212.8,1.788,55.33,307.56,5.559,observed,A,64.0,2
C-S1-DEL,S1,DEL,K07,morning,5,244.4,87.3,0.518,21.32,89.01,4.174,observed,A,64.0,2
C-S1-DEL,S1,DEL,K07,morning,9,223.6,36.2,0.139,8.09,23.99,2.966,observed,A,64.0,2
C-S1-DEL,S1,DEL,K07,morning,13,197.6,17.0,0.049,3.36,8.39,2.495,observed,A,64.0,2
C-S1-DEL,S1,DEL,K07,afternoon,1,263.5,256.8,2.157,67.66,371.07,5.485,observed,A,64.0,2
C-S1-DEL,S1,DEL,K07,afternoon,5,247.7,105.3,0.624,26.08,107.39,4.119,observed,A,64.0,2
C-S1-DEL,S1,DEL,K07,afternoon,9,226.6,43.7,0.168,9.89,28.94,2.926,observed,A,64.0,2
C-S1-DEL,S1,DEL,K07,afternoon,13,200.2,20.5,0.059,4.11,10.13,2.462,observed,A,64.0,2
C-S1-DEL,S1,DEL,K07,evening,1,296.3,141.4,1.188,41.89,204.27,4.877,truncated,A,64.0,1
C-S1-DEL,S1,DEL,K07,evening,5,278.5,58.0,0.344,16.14,59.12,3.662,truncated,A,64.0,1
C-S1-DEL,S1,DEL,K07,evening,9,254.8,24.0,0.093,6.12,15.93,2.602,truncated,A,64.0,1
C-S1-DEL,S1,DEL,K07,evening,13,225.2,11.3,0.032,2.55,5.58,2.189,truncated,A,64.0,1
C-S1-DEL,S1,DEL,K09,night,1,426.1,159.1,0.287,67.81,49.41,0.729,observed,B,21.0,3
C-S1-DEL,S1,DEL,K09,night,5,400.5,65.2,0.083,26.13,14.3,0.547,observed,B,21.0,3
C-S1-DEL,S1,DEL,K09,night,9,366.4,27.1,0.022,9.91,3.85,0.389,observed,B,21.0,3
C-S1-DEL,S1,DEL,K09,night,13,323.8,12.7,0.008,4.12,1.35,0.327,observed,B,21.0,3
C-S1-DEL,S1,DEL,K09,morning,1,415.0,383.0,0.691,158.95,118.92,0.748,observed,B,21.0,3
C-S1-DEL,S1,DEL,K09,morning,5,390.1,157.0,0.2,61.26,34.42,0.562,observed,B,21.0,3
C-S1-DEL,S1,DEL,K09,morning,9,356.9,65.1,0.054,23.24,9.28,0.399,observed,B,21.0,3
C-S1-DEL,S1,DEL,K09,morning,13,315.4,30.6,0.019,9.66,3.25,0.336,observed,B,21.0,3
C-S1-DEL,S1,DEL,K09,afternoon,1,420.0,371.5,0.671,156.06,115.35,0.739,observed,B,21.0,3
C-S1-DEL,S1,DEL,K09,afternoon,5,394.8,152.3,0.194,60.15,33.38,0.555,observed,B,21.0,3
C-S1-DEL,S1,DEL,K09,afternoon,9,361.2,63.2,0.052,22.82,9.0,0.394,observed,B,21.0,3
C-S1-DEL,S1,DEL,K09,afternoon,13,319.2,29.7,0.018,9.49,3.15,0.332,observed,B,21.0,3
C-S1-DEL,S1,DEL,K09,evening,1,463.9,386.9,0.698,179.49,120.11,0.669,truncated,B,21.0,3
C-S1-DEL,S1,DEL,K09,evening,5,436.1,158.6,0.202,69.18,34.76,0.503,truncated,B,21.0,3
C-S1-DEL,S1,DEL,K09,evening,9,399.0,65.8,0.054,26.24,9.37,0.357,truncated,B,21.0,3
C-S1-DEL,S1,DEL,K09,evening,13,352.6,31.0,0.019,10.91,3.28,0.3,truncated,B,21.0,3
C-S1-MUM,S1,MUM,K01,night,1,234.1,143.1,3.327,33.5,572.28,17.085,observed,A,328.0,3
C-S1-MUM,S1,MUM,K01,night,5,220.1,58.7,0.963,12.91,165.63,12.83,observed,A,328.0,3
C-S1-MUM,S1,MUM,K01,night,9,201.3,24.3,0.26,4.9,44.64,9.115,observed,A,328.0,3
C-S1-MUM,S1,MUM,K01,night,13,177.9,11.4,0.091,2.04,15.62,7.67,observed,A,328.0,3
C-S1-MUM,S1,MUM,K01,morning,1,236.9,303.6,7.06,71.92,1214.24,16.882,observed,A,328.0,3
C-S1-MUM,S1,MUM,K01,morning,5,222.7,124.5,2.043,27.72,351.42,12.677,observed,A,328.0,3
C-S1-MUM,S1,MUM,K01,morning,9,203.8,51.6,0.551,10.52,94.71,9.007,observed,A,328.0,3
C-S1-MUM,S1,MUM,K01,morning,13,180.1,24.3,0.193,4.37,33.14,7.579,observed,A,328.0,3
C-S1-MUM,S1,MUM,K01,afternoon,1,237.9,379.6,8.827,90.3,1518.25,16.814,observed,A,328.0,3
C-S1-MUM,S1,MUM,K01,afternoon,5,223.6,155.6,2.555,34.8,439.4,12.626,observed,A,328.0,3
C-S1-MUM,S1,MUM,K01,afternoon,9,204.6,64.5,0.689,13.2,118.42,8.97,observed,A,328.0,3
C-S1-MUM,S1,MUM,K01,afternoon,13,180.8,30.4,0.241,5.49,41.44,7.548,observed,A,328.0,3
C-S1-MUM,S1,MUM,K01,evening,1,236.5,396.7,9.226,93.82,1586.9,16.914,observed,A,328.0,3
C-S1-MUM,S1,MUM,K01,evening,5,222.3,162.7,2.67,36.16,459.27,12.701,observed,A,328.0,3
C-S1-MUM,S1,MUM,K01,evening,9,203.4,67.4,0.72,13.72,123.78,9.024,observed,A,328.0,3
C-S1-MUM,S1,MUM,K01,evening,13,179.7,31.7,0.252,5.7,43.31,7.593,observed,A,328.0,3
C-S1-MUM,S1,MUM,K02,night,1,247.4,36.1,1.046,8.94,179.98,20.142,observed,A,108.0,3
C-S1-MUM,S1,MUM,K02,night,5,232.5,14.8,0.303,3.44,52.09,15.126,observed,A,108.0,3
C-S1-MUM,S1,MUM,K02,night,9,212.7,6.1,0.082,1.31,14.04,10.746,observed,A,108.0,3
C-S1-MUM,S1,MUM,K02,night,13,188.0,2.9,0.029,0.54,4.91,9.042,observed,A,108.0,3
C-S1-MUM,S1,MUM,K02,morning,1,246.6,84.2,2.44,20.77,419.66,20.208,observed,A,108.0,3
C-S1-MUM,S1,MUM,K02,morning,5,231.8,34.5,0.706,8.0,121.45,15.175,observed,A,108.0,3
C-S1-MUM,S1,MUM,K02,morning,9,212.0,14.3,0.19,3.04,32.73,10.781,observed,A,108.0,3
C-S1-MUM,S1,MUM,K02,morning,13,187.4,6.7,0.067,1.26,11.45,9.072,observed,A,108.0,3
C-S1-MUM,S1,MUM,K02,afternoon,1,247.4,104.6,3.029,25.87,520.98,20.137,observed,A,108.0,3
C-S1-MUM,S1,MUM,K02,afternoon,5,232.6,42.9,0.877,9.97,150.78,15.121,observed,A,108.0,3
C-S1-MUM,S1,MUM,K02,afternoon,9,212.8,17.8,0.236,3.78,40.64,10.743,observed,A,108.0,3
C-S1-MUM,S1,MUM,K02,afternoon,13,188.1,8.4,0.083,1.57,14.22,9.04,observed,A,108.0,3
C-S1-MUM,S1,MUM,K02,evening,1,243.8,110.5,3.202,26.95,550.72,20.434,observed,A,108.0,3
C-S1-MUM,S1,MUM,K02,evening,5,229.2,45.3,0.927,10.39,159.38,15.345,observed,A,108.0,3
C-S1-MUM,S1,MUM,K02,evening,9,209.7,18.8,0.25,3.94,42.96,10.902,observed,A,108.0,3
C-S1-MUM,S1,MUM,K02,evening,13,185.3,8.8,0.087,1.64,15.03,9.173,observed,A,108.0,3
C-S1-MUM,S1,MUM,K03,night,1,347.6,476.6,2.859,165.69,491.67,2.967,observed,A,170.0,5
C-S1-MUM,S1,MUM,K03,night,5,326.8,195.4,0.827,63.86,142.29,2.228,observed,A,170.0,5
C-S1-MUM,S1,MUM,K03,night,9,299.0,81.0,0.223,24.22,38.35,1.583,observed,A,170.0,5
C-S1-MUM,S1,MUM,K03,night,13,264.2,38.1,0.078,10.07,13.42,1.332,observed,A,170.0,5
C-S1-MUM,S1,MUM,K03,morning,1,340.2,1004.1,6.022,341.55,1035.75,3.033,observed,A,170.0,5
C-S1-MUM,S1,MUM,K03,morning,5,319.7,411.7,1.743,131.63,299.76,2.277,observed,A,170.0,5
C-S1-MUM,S1,MUM,K03,morning,9,292.5,170.7,0.47,49.93,80.79,1.618,observed,A,170.0,5
C-S1-MUM,S1,MUM,K03,morning,13,258.5,80.3,0.164,20.77,28.27,1.361,observed,A,170.0,5
C-S1-MUM,S1,MUM,K03,afternoon,1,338.6,1135.7,6.811,384.57,1171.54,3.046,observed,A,170.0,4
C-S1-MUM,S1,MUM,K03,afternoon,5,318.3,465.6,1.971,148.21,339.06,2.288,observed,A,170.0,4
C-S1-MUM,S1,MUM,K03,afternoon,9,291.2,193.1,0.531,56.22,91.38,1.625,observed,A,170.0,4
C-S1-MUM,S1,MUM,K03,afternoon,13,257.4,90.9,0.186,23.38,31.98,1.368,observed,A,170.0,4
C-S1-MUM,S1,MUM,K03,evening,1,336.7,1247.5,7.482,420.04,1286.89,3.064,observed,A,170.0,5
C-S1-MUM,S1,MUM,K03,evening,5,316.5,511.5,2.165,161.88,372.44,2.301,observed,A,170.0,5
C-S1-MUM,S1,MUM,K03,evening,9,289.6,212.1,0.584,61.41,100.38,1.635,observed,A,170.0,5
C-S1-MUM,S1,MUM,K03,evening,13,255.9,99.8,0.204,25.54,35.12,1.375,observed,A,170.0,5
C-S1-MUM,S1,MUM,K04,night,1,346.4,174.8,1.114,60.53,191.63,3.166,observed,A,112.0,3
C-S1-MUM,S1,MUM,K04,night,5,325.6,71.7,0.322,23.33,55.46,2.377,observed,A,112.0,3
C-S1-MUM,S1,MUM,K04,night,9,297.9,29.7,0.087,8.85,14.95,1.689,observed,A,112.0,3
C-S1-MUM,S1,MUM,K04,night,13,263.2,14.0,0.03,3.68,5.23,1.421,observed,A,112.0,3
C-S1-MUM,S1,MUM,K04,morning,1,343.6,366.0,2.333,125.74,401.25,3.191,observed,A,112.0,3
C-S1-MUM,S1,MUM,K04,morning,5,323.0,150.0,0.675,48.46,116.13,2.396,observed,A,112.0,3
C-S1-MUM,S1,MUM,K04,morning,9,295.5,62.2,0.182,18.38,31.3,1.702,observed,A,112.0,3
C-S1-MUM,S1,MUM,K04,morning,13,261.1,29.3,0.064,7.65,10.95,1.433,observed,A,112.0,3
C-S1-MUM,S1,MUM,K04,afternoon,1,344.0,416.1,2.653,143.14,456.28,3.188,observed,A,112.0,3
C-S1-MUM,S1,MUM,K04,afternoon,5,323.3,170.6,0.768,55.17,132.05,2.394,observed,A,112.0,3
C-S1-MUM,S1,MUM,K04,afternoon,9,295.8,70.7,0.207,20.93,35.59,1.701,observed,A,112.0,3
C-S1-MUM,S1,MUM,K04,afternoon,13,261.4,33.3,0.072,8.7,12.45,1.431,observed,A,112.0,3
C-S1-MUM,S1,MUM,K04,evening,1,341.6,464.0,2.958,158.52,508.77,3.209,observed,A,112.0,3
C-S1-MUM,S1,MUM,K04,evening,5,321.1,190.2,0.856,61.09,147.24,2.41,observed,A,112.0,3
C-S1-MUM,S1,MUM,K04,evening,9,293.8,78.9,0.231,23.18,39.68,1.712,observed,A,112.0,3
C-S1-MUM,S1,MUM,K04,evening,13,259.6,37.1,0.081,9.64,13.89,1.441,observed,A,112.0,3
C-S1-MUM,S1,MUM,K07,night,1,308.1,46.6,0.342,14.37,58.84,4.096,observed,A,35.0,2
C-S1-MUM,S1,MUM,K07,night,5,289.6,19.1,0.099,5.54,17.03,3.076,observed,A,35.0,2
C-S1-MUM,S1,MUM,K07,night,9,264.9,7.9,0.027,2.1,4.59,2.185,observed,A,35.0,2
C-S1-MUM,S1,MUM,K07,night,13,234.1,3.7,0.009,0.87,1.61,1.839,observed,A,35.0,2
C-S1-MUM,S1,MUM,K07,morning,1,300.0,99.2,0.728,29.75,125.14,4.206,observed,A,35.0,2
C-S1-MUM,S1,MUM,K07,morning,5,282.0,40.7,0.211,11.47,36.22,3.159,observed,A,35.0,2
C-S1-MUM,S1,MUM,K07,morning,9,258.0,16.9,0.057,4.35,9.76,2.244,observed,A,35.0,2
C-S1-MUM,S1,MUM,K07,morning,13,228.0,7.9,0.02,1.81,3.42,1.888,observed,A,35.0,2
C-S1-MUM,S1,MUM,K07,afternoon,1,298.8,123.2,0.904,36.81,155.48,4.223,observed,A,35.0,2
C-S1-MUM,S1,MUM,K07,afternoon,5,280.8,50.5,0.262,14.19,45.0,3.172,observed,A,35.0,2
C-S1-MUM,S1,MUM,K07,afternoon,9,256.9,20.9,0.071,5.38,12.13,2.253,observed,A,35.0,2
C-S1-MUM,S1,MUM,K07,afternoon,13,227.1,9.9,0.025,2.24,4.24,1.896,observed,A,35.0,2
C-S1-MUM,S1,MUM,K07,evening,1,291.8,133.1,0.977,38.85,168.0,4.325,observed,A,35.0,2
C-S1-MUM,S1,MUM,K07,evening,5,274.3,54.6,0.283,14.97,48.62,3.247,observed,A,35.0,2
C-S1-MUM,S1,MUM,K07,evening,9,250.9,22.6,0.076,5.68,13.1,2.307,observed,A,35.0,2
C-S1-MUM,S1,MUM,K07,evening,13,221.7,10.7,0.027,2.36,4.59,1.941,observed,A,35.0,2
C-S1-MUM,S1,MUM,K09,night,1,504.8,211.0,0.385,106.52,66.2,0.622,observed,A,41.0,3
C-S1-MUM,S1,MUM,K09,night,5,474.5,86.5,0.111,41.05,19.16,0.467,observed,A,41.0,3
C-S1-MUM,S1,MUM,K09,night,9,434.1,35.9,0.03,15.57,5.16,0.332,observed,A,41.0,3
C-S1-MUM,S1,MUM,K09,night,13,383.6,16.9,0.011,6.48,1.81,0.279,observed,A,41.0,3
C-S1-MUM,S1,MUM,K09,morning,1,504.6,415.5,0.758,209.67,130.36,0.622,observed,A,41.0,3
C-S1-MUM,S1,MUM,K09,morning,5,474.3,170.4,0.219,80.81,37.73,0.467,observed,A,41.0,3
C-S1-MUM,S1,MUM,K09,morning,9,434.0,70.6,0.059,30.65,10.17,0.332,observed,A,41.0,3
C-S1-MUM,S1,MUM,K09,morning,13,383.5,33.2,0.021,12.75,3.56,0.279,observed,A,41.0,3
C-S1-MUM,S1,MUM,K09,afternoon,1,503.7,566.2,1.033,285.2,177.64,0.623,observed,A,41.0,3
C-S1-MUM,S1,MUM,K09,afternoon,5,473.5,232.1,0.299,109.92,51.41,0.468,observed,A,41.0,3
C-S1-MUM,S1,MUM,K09,afternoon,9,433.2,96.3,0.081,41.7,13.86,0.332,observed,A,41.0,3
C-S1-MUM,S1,MUM,K09,afternoon,13,382.8,45.3,0.028,17.34,4.85,0.28,observed,A,41.0,3
C-S1-MUM,S1,MUM,K09,evening,1,501.0,561.0,1.023,281.04,176.01,0.626,observed,A,41.0,3
C-S1-MUM,S1,MUM,K09,evening,5,470.9,230.0,0.296,108.31,50.94,0.47,observed,A,41.0,3
C-S1-MUM,S1,MUM,K09,evening,9,430.8,95.4,0.08,41.09,13.73,0.334,observed,A,41.0,3
C-S1-MUM,S1,MUM,K09,evening,13,380.7,44.9,0.028,17.09,4.8,0.281,observed,A,41.0,3
C-S1-BLR,S1,BLR,K01,night,1,206.9,104.2,1.664,21.56,286.29,13.277,observed,A,281.0,1
C-S1-BLR,S1,BLR,K01,night,5,194.5,42.7,0.482,8.31,82.86,9.97,observed,A,281.0,1
C-S1-BLR,S1,BLR,K01,night,9,177.9,17.7,0.13,3.15,22.33,7.083,observed,A,281.0,1
C-S1-BLR,S1,BLR,K01,night,13,157.2,8.3,0.045,1.31,7.81,5.96,observed,A,281.0,1
C-S1-BLR,S1,BLR,K01,morning,1,205.0,265.7,4.244,54.47,729.92,13.401,observed,A,281.0,1
C-S1-BLR,S1,BLR,K01,morning,5,192.7,109.0,1.228,20.99,211.25,10.064,observed,A,281.0,1
C-S1-BLR,S1,BLR,K01,morning,9,176.3,45.2,0.331,7.96,56.93,7.15,observed,A,281.0,1
C-S1-BLR,S1,BLR,K01,morning,13,155.8,21.3,0.116,3.31,19.92,6.016,observed,A,281.0,1
C-S1-BLR,S1,BLR,K01,afternoon,1,208.0,324.7,5.185,67.55,891.83,13.203,observed,A,281.0,1
C-S1-BLR,S1,BLR,K01,afternoon,5,195.6,133.1,1.501,26.03,258.11,9.915,observed,A,281.0,1
C-S1-BLR,S1,BLR,K01,afternoon,9,178.9,55.2,0.404,9.88,69.56,7.044,observed,A,281.0,1
C-S1-BLR,S1,BLR,K01,afternoon,13,158.1,26.0,0.142,4.11,24.34,5.927,observed,A,281.0,1
C-S1-BLR,S1,BLR,K01,evening,1,210.1,213.2,3.405,44.79,585.66,13.075,truncated,A,281.0,1
C-S1-BLR,S1,BLR,K01,evening,5,197.5,87.4,0.985,17.26,169.5,9.819,truncated,A,281.0,1
C-S1-BLR,S1,BLR,K01,evening,9,180.7,36.2,0.266,6.55,45.68,6.976,truncated,A,281.0,1
C-S1-BLR,S1,BLR,K01,evening,13,159.7,17.1,0.093,2.72,15.99,5.87,truncated,A,281.0,1
C-S1-BLR,S1,BLR,K02,night,1,237.0,23.5,0.633,5.56,108.81,19.568,observed,A,65.0,3
C-S1-BLR,S1,BLR,K02,night,5,222.7,9.6,0.183,2.14,31.49,14.694,observed,A,65.0,3
C-S1-BLR,S1,BLR,K02,night,9,203.8,4.0,0.049,0.81,8.49,10.44,observed,A,65.0,3
C-S1-BLR,S1,BLR,K02,night,13,180.1,1.9,0.017,0.34,2.97,8.784,observed,A,65.0,3
C-S1-BLR,S1,BLR,K02,morning,1,238.7,76.5,2.062,18.26,354.63,19.425,observed,A,65.0,3
C-S1-BLR,S1,BLR,K02,morning,5,224.4,31.4,0.597,7.04,102.63,14.587,observed,A,65.0,3
C-S1-BLR,S1,BLR,K02,morning,9,205.3,13.0,0.161,2.67,27.66,10.364,observed,A,65.0,3
C-S1-BLR,S1,BLR,K02,morning,13,181.4,6.1,0.056,1.11,9.68,8.72,observed,A,65.0,3
C-S1-BLR,S1,BLR,K02,afternoon,1,239.1,98.8,2.663,23.61,457.97,19.396,observed,A,65.0,3
C-S1-BLR,S1,BLR,K02,afternoon,5,224.7,40.5,0.771,9.1,132.54,14.565,observed,A,65.0,3
C-S1-BLR,S1,BLR,K02,afternoon,9,205.6,16.8,0.208,3.45,35.72,10.348,observed,A,65.0,3
C-S1-BLR,S1,BLR,K02,afternoon,13,181.7,7.9,0.073,1.44,12.5,8.707,observed,A,65.0,3
C-S1-BLR,S1,BLR,K02,evening,1,239.7,73.4,1.98,17.6,340.52,19.347,truncated,A,65.0,3
C-S1-BLR,S1,BLR,K02,evening,5,225.3,30.1,0.573,6.78,98.55,14.528,truncated,A,65.0,3
C-S1-BLR,S1,BLR,K02,evening,9,206.1,12.5,0.154,2.57,26.56,10.322,truncated,A,65.0,3
C-S1-BLR,S1,BLR,K02,evening,13,182.1,5.9,0.054,1.07,9.29,8.685,truncated,A,65.0,3
C-S1-BLR,S1,BLR,K03,night,1,307.4,577.8,3.421,177.63,588.34,3.312,observed,A,341.0,2
C-S1-BLR,S1,BLR,K03,night,5,289.0,236.9,0.99,68.46,170.27,2.487,observed,A,341.0,2
C-S1-BLR,S1,BLR,K03,night,9,264.4,98.2,0.267,25.97,45.89,1.767,observed,A,341.0,2
C-S1-BLR,S1,BLR,K03,night,13,233.7,46.2,0.093,10.8,16.06,1.487,observed,A,341.0,2
C-S1-BLR,S1,BLR,K03,morning,1,304.0,1351.7,8.002,410.88,1376.41,3.35,observed,A,341.0,2
C-S1-BLR,S1,BLR,K03,morning,5,285.7,554.2,2.316,158.35,398.35,2.516,observed,A,341.0,2
C-S1-BLR,S1,BLR,K03,morning,9,261.4,229.8,0.624,60.07,107.36,1.787,observed,A,341.0,2
C-S1-BLR,S1,BLR,K03,morning,13,231.0,108.1,0.218,24.98,37.57,1.504,observed,A,341.0,2
C-S1-BLR,S1,BLR,K03,afternoon,1,302.6,1599.9,9.472,484.19,1629.17,3.365,observed,A,341.0,2
C-S1-BLR,S1,BLR,K03,afternoon,5,284.5,655.9,2.741,186.61,471.5,2.527,observed,A,341.0,2
C-S1-BLR,S1,BLR,K03,afternoon,9,260.3,272.0,0.739,70.79,127.08,1.795,observed,A,341.0,2
C-S1-BLR,S1,BLR,K03,afternoon,13,230.0,128.0,0.259,29.44,44.47,1.51,observed,A,341.0,2
C-S1-BLR,S1,BLR,K03,evening,1,318.5,1089.8,6.452,347.12,1109.71,3.197,truncated,A,341.0,2
C-S1-BLR,S1,BLR,K03,evening,5,299.4,446.8,1.867,133.78,321.16,2.401,truncated,A,341.0,2
C-S1-BLR,S1,BLR,K03,evening,9,273.9,185.3,0.503,50.75,86.56,1.706,truncated,A,341.0,2
C-S1-BLR,S1,BLR,K03,evening,13,242.1,87.2,0.176,21.1,30.29,1.435,truncated,A,341.0,2
C-S1-BLR,S1,BLR,K04,night,1,325.1,84.6,0.531,27.52,91.3,3.318,observed,A,45.0,3
C-S1-BLR,S1,BLR,K04,night,5,305.6,34.7,0.154,10.61,26.42,2.492,observed,A,45.0,3
C-S1-BLR,S1,BLR,K04,night,9,279.6,14.4,0.041,4.02,7.12,1.77,observed,A,45.0,3
C-S1-BLR,S1,BLR,K04,night,13,247.1,6.8,0.014,1.67,2.49,1.489,observed,A,45.0,3
C-S1-BLR,S1,BLR,K04,morning,1,318.4,208.1,1.305,66.25,224.42,3.388,observed,A,45.0,3
C-S1-BLR,S1,BLR,K04,morning,5,299.3,85.3,0.378,25.53,64.95,2.544,observed,A,45.0,3
C-S1-BLR,S1,BLR,K04,morning,9,273.8,35.4,0.102,9.69,17.5,1.807,observed,A,45.0,3
C-S1-BLR,S1,BLR,K04,morning,13,242.0,16.6,0.036,4.03,6.13,1.521,observed,A,45.0,3
C-S1-BLR,S1,BLR,K04,afternoon,1,317.0,257.2,1.613,81.55,277.48,3.403,observed,A,45.0,3
C-S1-BLR,S1,BLR,K04,afternoon,5,298.0,105.5,0.467,31.43,80.3,2.555,observed,A,45.0,3
C-S1-BLR,S1,BLR,K04,afternoon,9,272.6,43.7,0.126,11.92,21.64,1.815,observed,A,45.0,3
C-S1-BLR,S1,BLR,K04,afternoon,13,240.9,20.6,0.044,4.96,7.57,1.527,observed,A,45.0,3
C-S1-BLR,S1,BLR,K04,evening,1,331.7,284.3,1.783,94.29,306.64,3.252,truncated,A,45.0,3
C-S1-BLR,S1,BLR,K04,evening,5,311.8,116.6,0.516,36.34,88.75,2.442,truncated,A,45.0,3
C-S1-BLR,S1,BLR,K04,evening,9,285.3,48.3,0.139,13.79,23.92,1.735,truncated,A,45.0,3
C-S1-BLR,S1,BLR,K04,evening,13,252.1,22.7,0.049,5.73,8.37,1.46,truncated,A,45.0,3
C-S1-BLR,S1,BLR,K07,night,1,291.4,55.7,0.417,16.22,71.75,4.425,observed,A,44.0,2
C-S1-BLR,S1,BLR,K07,night,5,273.9,22.8,0.121,6.25,20.76,3.323,observed,A,44.0,2
C-S1-BLR,S1,BLR,K07,night,9,250.6,9.5,0.033,2.37,5.6,2.361,observed,A,44.0,2
C-S1-BLR,S1,BLR,K07,night,13,221.4,4.5,0.011,0.99,1.96,1.986,observed,A,44.0,2
C-S1-BLR,S1,BLR,K07,morning,1,281.6,137.3,1.029,38.66,177.03,4.579,observed,A,44.0,2
C-S1-BLR,S1,BLR,K07,morning,5,264.7,56.3,0.298,14.9,51.23,3.438,observed,A,44.0,2
C-S1-BLR,S1,BLR,K07,morning,9,242.1,23.3,0.08,5.65,13.81,2.443,observed,A,44.0,2
C-S1-BLR,S1,BLR,K07,morning,13,214.0,11.0,0.028,2.35,4.83,2.055,observed,A,44.0,2
C-S1-BLR,S1,BLR,K07,afternoon,1,278.8,169.2,1.268,47.17,218.12,4.624,observed,A,44.0,2
C-S1-BLR,S1,BLR,K07,afternoon,5,262.1,69.4,0.367,18.18,63.13,3.472,observed,A,44.0,2
C-S1-BLR,S1,BLR,K07,afternoon,9,239.8,28.8,0.099,6.9,17.01,2.467,observed,A,44.0,2
C-S1-BLR,S1,BLR,K07,afternoon,13,211.9,13.5,0.035,2.87,5.95,2.076,observed,A,44.0,2
C-S1-BLR,S1,BLR,K07,evening,1,298.9,112.5,0.843,33.64,145.07,4.313,truncated,A,44.0,2
C-S1-BLR,S1,BLR,K07,evening,5,281.0,46.1,0.244,12.96,41.98,3.239,truncated,A,44.0,2
C-S1-BLR,S1,BLR,K07,evening,9,257.1,19.1,0.066,4.92,11.32,2.301,truncated,A,44.0,2
C-S1-BLR,S1,BLR,K07,evening,13,227.2,9.0,0.023,2.05,3.96,1.936,truncated,A,44.0,2
C-S1-BLR,S1,BLR,K09,night,1,458.4,147.2,0.216,67.47,37.24,0.552,observed,B,17.0,3
C-S1-BLR,S1,BLR,K09,night,5,430.9,60.3,0.063,26.0,10.78,0.414,observed,B,17.0,3
C-S1-BLR,S1,BLR,K09,night,9,394.2,25.0,0.017,9.86,2.9,0.294,observed,B,17.0,3
C-S1-BLR,S1,BLR,K09,night,13,348.4,11.8,0.006,4.1,1.02,0.248,observed,B,17.0,3
C-S1-BLR,S1,BLR,K09,morning,1,450.0,337.1,0.496,151.73,85.29,0.562,observed,B,17.0,3
C-S1-BLR,S1,BLR,K09,morning,5,423.0,138.2,0.144,58.48,24.68,0.422,observed,B,17.0,3
C-S1-BLR,S1,BLR,K09,morning,9,387.0,57.3,0.039,22.18,6.65,0.3,observed,B,17.0,3
C-S1-BLR,S1,BLR,K09,morning,13,342.0,27.0,0.014,9.22,2.33,0.252,observed,B,17.0,3
C-S1-BLR,S1,BLR,K09,afternoon,1,447.8,409.1,0.602,183.18,103.5,0.565,observed,B,17.0,3
C-S1-BLR,S1,BLR,K09,afternoon,5,420.9,167.7,0.174,70.6,29.95,0.424,observed,B,17.0,3
C-S1-BLR,S1,BLR,K09,afternoon,9,385.1,69.5,0.047,26.78,8.07,0.301,observed,B,17.0,3
C-S1-BLR,S1,BLR,K09,afternoon,13,340.3,32.7,0.016,11.14,2.82,0.254,observed,B,17.0,3
C-S1-BLR,S1,BLR,K09,evening,1,469.2,308.0,0.453,144.5,77.91,0.539,truncated,B,17.0,3
C-S1-BLR,S1,BLR,K09,evening,5,441.0,126.3,0.131,55.69,22.55,0.405,truncated,B,17.0,3
C-S1-BLR,S1,BLR,K09,evening,9,403.5,52.4,0.035,21.13,6.08,0.288,truncated,B,17.0,3
C-S1-BLR,S1,BLR,K09,evening,13,356.6,24.6,0.012,8.79,2.13,0.242,truncated,B,17.0,3
C-S1-HYD,S1,HYD,K01,night,1,182.0,72.5,1.343,13.2,230.95,17.491,observed,A,311.0,1
C-S1-HYD,S1,HYD,K01,night,5,171.1,29.7,0.389,5.09,66.84,13.135,observed,A,311.0,1
C-S1-HYD,S1,HYD,K01,night,9,156.6,12.3,0.105,1.93,18.01,9.332,observed,A,311.0,1
C-S1-HYD,S1,HYD,K01,night,13,138.3,5.8,0.037,0.8,6.3,7.852,observed,A,311.0,1
C-S1-HYD,S1,HYD,K01,morning,1,182.1,184.9,3.422,33.67,588.61,17.481,observed,A,311.0,1
C-S1-HYD,S1,HYD,K01,morning,5,171.2,75.8,0.99,12.98,170.35,13.127,observed,A,311.0,1
C-S1-HYD,S1,HYD,K01,morning,9,156.6,31.4,0.267,4.92,45.91,9.326,observed,A,311.0,1
C-S1-HYD,S1,HYD,K01,morning,13,138.4,14.8,0.093,2.05,16.07,7.848,observed,A,311.0,1
C-S1-HYD,S1,HYD,K01,afternoon,1,183.5,231.6,4.287,42.49,737.31,17.352,observed,A,311.0,1
C-S1-HYD,S1,HYD,K01,afternoon,5,172.5,94.9,1.241,16.38,213.39,13.03,observed,A,311.0,1
C-S1-HYD,S1,HYD,K01,afternoon,9,157.8,39.4,0.334,6.21,57.51,9.257,observed,A,311.0,1
C-S1-HYD,S1,HYD,K01,afternoon,13,139.5,18.5,0.117,2.58,20.12,7.789,observed,A,311.0,1
C-S1-HYD,S1,HYD,K01,evening,1,179.5,205.5,3.805,36.89,654.48,17.743,observed,A,311.0,1
C-S1-HYD,S1,HYD,K01,evening,5,168.7,84.3,1.101,14.22,189.41,13.324,observed,A,311.0,1
C-S1-HYD,S1,HYD,K01,evening,9,154.3,34.9,0.297,5.39,51.05,9.466,observed,A,311.0,1
C-S1-HYD,S1,HYD,K01,evening,13,136.4,16.4,0.104,2.24,17.86,7.965,observed,A,311.0,1
C-S1-HYD,S1,HYD,K02,night,1,204.8,13.4,0.397,2.74,68.35,24.974,observed,A,57.0,3
C-S1-HYD,S1,HYD,K02,night,5,192.5,5.5,0.115,1.05,19.78,18.754,observed,A,57.0,3
C-S1-HYD,S1,HYD,K02,night,9,176.1,2.3,0.031,0.4,5.33,13.324,observed,A,57.0,3
C-S1-HYD,S1,HYD,K02,night,13,155.6,1.1,0.011,0.17,1.87,11.211,observed,A,57.0,3
C-S1-HYD,S1,HYD,K02,morning,1,206.0,45.6,1.356,9.39,233.23,24.826,observed,A,57.0,3
C-S1-HYD,S1,HYD,K02,morning,5,193.6,18.7,0.392,3.62,67.5,18.643,observed,A,57.0,3
C-S1-HYD,S1,HYD,K02,morning,9,177.1,7.8,0.106,1.37,18.19,13.245,observed,A,57.0,3
C-S1-HYD,S1,HYD,K02,morning,13,156.5,3.6,0.037,0.57,6.37,11.145,observed,A,57.0,3
C-S1-HYD,S1,HYD,K02,afternoon,1,205.3,65.6,1.952,13.47,335.69,24.913,observed,A,57.0,4
C-S1-HYD,S1,HYD,K02,afternoon,5,192.9,26.9,0.565,5.19,97.15,18.708,observed,A,57.0,4
C-S1-HYD,S1,HYD,K02,afternoon,9,176.5,11.2,0.152,1.97,26.18,13.291,observed,A,57.0,4
C-S1-HYD,S1,HYD,K02,afternoon,13,156.0,5.3,0.053,0.82,9.16,11.184,observed,A,57.0,4
C-S1-HYD,S1,HYD,K02,evening,1,203.4,52.8,1.569,10.74,269.86,25.137,observed,A,57.0,3
C-S1-HYD,S1,HYD,K02,evening,5,191.2,21.6,0.454,4.14,78.1,18.876,observed,A,57.0,3
C-S1-HYD,S1,HYD,K02,evening,9,175.0,9.0,0.122,1.57,21.05,13.411,observed,A,57.0,3
C-S1-HYD,S1,HYD,K02,evening,13,154.6,4.2,0.043,0.65,7.37,11.284,observed,A,57.0,3
C-S1-HYD,S1,HYD,K03,night,1,280.9,329.4,1.861,92.53,320.13,3.46,observed,A,288.0,2
C-S1-HYD,S1,HYD,K03,night,5,264.1,135.0,0.539,35.66,92.65,2.598,observed,A,288.0,2
C-S1-HYD,S1,HYD,K03,night,9,241.6,56.0,0.145,13.53,24.97,1.846,observed,A,288.0,2
C-S1-HYD,S1,HYD,K03,night,13,213.5,26.3,0.051,5.63,8.74,1.553,observed,A,288.0,2
C-S1-HYD,S1,HYD,K03,morning,1,279.5,841.8,4.757,235.27,818.26,3.478,observed,A,288.0,2
C-S1-HYD,S1,HYD,K03,morning,5,262.7,345.1,1.377,90.67,236.81,2.612,observed,A,288.0,2
C-S1-HYD,S1,HYD,K03,morning,9,240.3,143.1,0.371,34.4,63.82,1.856,observed,A,288.0,2
C-S1-HYD,S1,HYD,K03,morning,13,212.4,67.3,0.13,14.3,22.33,1.561,observed,A,288.0,2
C-S1-HYD,S1,HYD,K03,afternoon,1,276.9,981.3,5.546,271.75,953.84,3.51,observed,A,288.0,2
C-S1-HYD,S1,HYD,K03,afternoon,5,260.3,402.3,1.605,104.73,276.05,2.636,observed,A,288.0,2
C-S1-HYD,S1,HYD,K03,afternoon,9,238.2,166.8,0.433,39.73,74.4,1.873,observed,A,288.0,2
C-S1-HYD,S1,HYD,K03,afternoon,13,210.5,78.5,0.151,16.52,26.03,1.576,observed,A,288.0,2
C-S1-HYD,S1,HYD,K03,evening,1,281.6,812.7,4.593,228.83,789.98,3.452,observed,A,288.0,2
C-S1-HYD,S1,HYD,K03,evening,5,264.7,333.2,1.329,88.19,228.63,2.592,observed,A,288.0,2
C-S1-HYD,S1,HYD,K03,evening,9,242.1,138.2,0.358,33.45,61.62,1.842,observed,A,288.0,2
C-S1-HYD,S1,HYD,K03,evening,13,214.0,65.0,0.125,13.91,21.56,1.55,observed,A,288.0,2
C-S1-HYD,S1,HYD,K04,night,1,271.1,67.6,0.359,18.33,61.7,3.366,observed,A,59.0,2
C-S1-HYD,S1,HYD,K04,night,5,254.8,27.7,0.104,7.06,17.86,2.528,observed,A,59.0,2
C-S1-HYD,S1,HYD,K04,night,9,233.1,11.5,0.028,2.68,4.81,1.796,observed,A,59.0,2
C-S1-HYD,S1,HYD,K04,night,13,206.0,5.4,0.01,1.11,1.68,1.511,observed,A,59.0,2
C-S1-HYD,S1,HYD,K04,morning,1,260.3,187.2,0.993,48.72,170.79,3.506,observed,A,59.0,2
C-S1-HYD,S1,HYD,K04,morning,5,244.7,76.7,0.287,18.78,49.43,2.632,observed,A,59.0,2
C-S1-HYD,S1,HYD,K04,morning,9,223.8,31.8,0.077,7.12,13.32,1.87,observed,A,59.0,2
C-S1-HYD,S1,HYD,K04,morning,13,197.8,15.0,0.027,2.96,4.66,1.574,observed,A,59.0,2
C-S1-HYD,S1,HYD,K04,afternoon,1,262.1,216.6,1.149,56.79,197.67,3.481,observed,A,59.0,2
C-S1-HYD,S1,HYD,K04,afternoon,5,246.4,88.8,0.333,21.89,57.21,2.614,observed,A,59.0,2
C-S1-HYD,S1,HYD,K04,afternoon,9,225.4,36.8,0.09,8.3,15.42,1.857,observed,A,59.0,2
C-S1-HYD,S1,HYD,K04,afternoon,13,199.2,17.3,0.031,3.45,5.4,1.563,observed,A,59.0,2
C-S1-HYD,S1,HYD,K04,evening,1,257.6,214.7,1.139,55.3,195.9,3.543,observed,A,59.0,2
C-S1-HYD,S1,HYD,K04,evening,5,242.1,88.0,0.33,21.31,56.69,2.66,observed,A,59.0,2
C-S1-HYD,S1,HYD,K04,evening,9,221.5,36.5,0.089,8.08,15.28,1.89,observed,A,59.0,2
C-S1-HYD,S1,HYD,K04,evening,13,195.8,17.2,0.031,3.36,5.35,1.59,observed,A,59.0,2
C-S1-HYD,S1,HYD,K07,night,1,258.8,20.7,0.18,5.35,30.96,5.79,observed,A,32.0,2
C-S1-HYD,S1,HYD,K07,night,5,243.3,8.5,0.052,2.06,8.96,4.348,observed,A,32.0,2
C-S1-HYD,S1,HYD,K07,night,9,222.6,3.5,0.014,0.78,2.41,3.089,observed,A,32.0,2
C-S1-HYD,S1,HYD,K07,night,13,196.7,1.7,0.005,0.33,0.85,2.599,observed,A,32.0,2
C-S1-HYD,S1,HYD,K07,morning,1,252.1,70.0,0.609,17.64,104.82,5.943,observed,A,32.0,2
C-S1-HYD,S1,HYD,K07,morning,5,237.0,28.7,0.176,6.8,30.34,4.463,observed,A,32.0,2
C-S1-HYD,S1,HYD,K07,morning,9,216.8,11.9,0.048,2.58,8.18,3.171,observed,A,32.0,2
C-S1-HYD,S1,HYD,K07,morning,13,191.6,5.6,0.017,1.07,2.86,2.668,observed,A,32.0,2
C-S1-HYD,S1,HYD,K07,afternoon,1,252.4,84.0,0.732,21.21,125.88,5.936,observed,A,32.0,2
C-S1-HYD,S1,HYD,K07,afternoon,5,237.3,34.4,0.212,8.17,36.43,4.457,observed,A,32.0,2
C-S1-HYD,S1,HYD,K07,afternoon,9,217.1,14.3,0.057,3.1,9.82,3.167,observed,A,32.0,2
C-S1-HYD,S1,HYD,K07,afternoon,13,191.8,6.7,0.02,1.29,3.44,2.665,observed,A,32.0,2
C-S1-HYD,S1,HYD,K07,evening,1,249.5,75.3,0.656,18.78,112.77,6.005,observed,A,32.0,2
C-S1-HYD,S1,HYD,K07,evening,5,234.5,30.9,0.19,7.24,32.64,4.509,observed,A,32.0,2
C-S1-HYD,S1,HYD,K07,evening,9,214.6,12.8,0.051,2.75,8.8,3.204,observed,A,32.0,2
C-S1-HYD,S1,HYD,K07,evening,13,189.6,6.0,0.018,1.14,3.08,2.696,observed,A,32.0,2
C-S1-HYD,S1,HYD,K09,night,1,411.6,105.5,0.214,43.41,36.85,0.849,observed,A,57.0,1
C-S1-HYD,S1,HYD,K09,night,5,386.9,43.2,0.062,16.73,10.66,0.637,observed,A,57.0,1
C-S1-HYD,S1,HYD,K09,night,9,354.0,17.9,0.017,6.35,2.87,0.453,observed,A,57.0,1
C-S1-HYD,S1,HYD,K09,night,13,312.8,8.4,0.006,2.64,1.01,0.381,observed,A,57.0,1
C-S1-HYD,S1,HYD,K09,morning,1,405.9,290.5,0.59,117.93,101.5,0.861,observed,A,57.0,1
C-S1-HYD,S1,HYD,K09,morning,5,381.5,119.1,0.171,45.45,29.38,0.646,observed,A,57.0,1
C-S1-HYD,S1,HYD,K09,morning,9,349.1,49.4,0.046,17.24,7.92,0.459,observed,A,57.0,1
C-S1-HYD,S1,HYD,K09,morning,13,308.5,23.2,0.016,7.17,2.77,0.386,observed,A,57.0,1
C-S1-HYD,S1,HYD,K09,afternoon,1,409.0,333.5,0.678,136.42,116.53,0.854,observed,A,57.0,1
C-S1-HYD,S1,HYD,K09,afternoon,5,384.5,136.8,0.196,52.58,33.73,0.641,observed,A,57.0,1
C-S1-HYD,S1,HYD,K09,afternoon,9,351.7,56.7,0.053,19.94,9.09,0.456,observed,A,57.0,1
C-S1-HYD,S1,HYD,K09,afternoon,13,310.8,26.7,0.018,8.29,3.18,0.383,observed,A,57.0,1
C-S1-HYD,S1,HYD,K09,evening,1,406.2,286.6,0.582,116.43,100.13,0.86,observed,A,57.0,1
C-S1-HYD,S1,HYD,K09,evening,5,381.9,117.5,0.168,44.87,28.98,0.646,observed,A,57.0,1
C-S1-HYD,S1,HYD,K09,evening,9,349.4,48.7,0.045,17.02,7.81,0.459,observed,A,57.0,1
C-S1-HYD,S1,HYD,K09,evening,13,308.7,22.9,0.016,7.08,2.73,0.386,observed,A,57.0,1
C-S1-PUN,S1,PUN,K01,night,1,174.0,44.2,0.852,7.7,146.49,19.034,observed,A,189.0,1
C-S1-PUN,S1,PUN,K01,night,5,163.5,18.1,0.246,2.97,42.4,14.294,observed,A,189.0,1
C-S1-PUN,S1,PUN,K01,night,9,149.6,7.5,0.066,1.13,11.43,10.155,observed,A,189.0,1
C-S1-PUN,S1,PUN,K01,night,13,132.2,3.5,0.023,0.47,4.0,8.545,observed,A,189.0,1
C-S1-PUN,S1,PUN,K01,morning,1,173.6,118.6,2.282,20.58,392.59,19.077,observed,A,189.0,1
C-S1-PUN,S1,PUN,K01,morning,5,163.2,48.6,0.661,7.93,113.62,14.325,observed,A,189.0,1
C-S1-PUN,S1,PUN,K01,morning,9,149.3,20.2,0.178,3.01,30.62,10.178,observed,A,189.0,1
C-S1-PUN,S1,PUN,K01,morning,13,131.9,9.5,0.062,1.25,10.72,8.564,observed,A,189.0,1
C-S1-PUN,S1,PUN,K01,afternoon,1,175.1,148.9,2.866,26.06,492.89,18.914,observed,A,189.0,1
C-S1-PUN,S1,PUN,K01,afternoon,5,164.6,61.0,0.829,10.04,142.65,14.203,observed,A,189.0,1
C-S1-PUN,S1,PUN,K01,afternoon,9,150.6,25.3,0.224,3.81,38.45,10.091,observed,A,189.0,1
C-S1-PUN,S1,PUN,K01,afternoon,13,133.1,11.9,0.078,1.58,13.45,8.491,observed,A,189.0,1
C-S1-PUN,S1,PUN,K01,evening,1,172.9,122.8,2.364,21.23,406.6,19.148,observed,A,189.0,1
C-S1-PUN,S1,PUN,K01,evening,5,162.6,50.3,0.684,8.18,117.67,14.379,observed,A,189.0,1
C-S1-PUN,S1,PUN,K01,evening,9,148.7,20.9,0.184,3.1,31.71,10.216,observed,A,189.0,1
C-S1-PUN,S1,PUN,K01,evening,13,131.4,9.8,0.065,1.29,11.1,8.596,observed,A,189.0,1
C-S1-PUN,S1,PUN,K02,night,1,196.5,12.5,0.371,2.46,63.82,25.899,observed,A,49.0,3
C-S1-PUN,S1,PUN,K02,night,5,184.7,5.1,0.107,0.95,18.47,19.448,observed,A,49.0,3
C-S1-PUN,S1,PUN,K02,night,9,169.0,2.1,0.029,0.36,4.98,13.817,observed,A,49.0,3
C-S1-PUN,S1,PUN,K02,night,13,149.3,1.0,0.01,0.15,1.74,11.626,observed,A,49.0,3
C-S1-PUN,S1,PUN,K02,morning,1,197.9,34.3,1.014,6.78,174.34,25.721,observed,A,49.0,3
C-S1-PUN,S1,PUN,K02,morning,5,186.0,14.0,0.293,2.61,50.46,19.315,observed,A,49.0,3
C-S1-PUN,S1,PUN,K02,morning,9,170.2,5.8,0.079,0.99,13.6,13.723,observed,A,49.0,3
C-S1-PUN,S1,PUN,K02,morning,13,150.4,2.7,0.028,0.41,4.76,11.547,observed,A,49.0,3
C-S1-PUN,S1,PUN,K02,afternoon,1,198.8,46.0,1.362,9.15,234.33,25.597,observed,A,49.0,3
C-S1-PUN,S1,PUN,K02,afternoon,5,186.9,18.9,0.394,3.53,67.82,19.222,observed,A,49.0,3
C-S1-PUN,S1,PUN,K02,afternoon,9,171.0,7.8,0.106,1.34,18.28,13.656,observed,A,49.0,3
C-S1-PUN,S1,PUN,K02,afternoon,13,151.1,3.7,0.037,0.56,6.4,11.491,observed,A,49.0,3
C-S1-PUN,S1,PUN,K02,evening,1,196.3,32.0,0.947,6.28,162.82,25.931,observed,A,49.0,3
C-S1-PUN,S1,PUN,K02,evening,5,184.5,13.1,0.274,2.42,47.12,19.472,observed,A,49.0,3
C-S1-PUN,S1,PUN,K02,evening,9,168.8,5.4,0.074,0.92,12.7,13.835,observed,A,49.0,3
C-S1-PUN,S1,PUN,K02,evening,13,149.2,2.6,0.026,0.38,4.44,11.641,observed,A,49.0,3
C-S1-PUN,S1,PUN,K03,night,1,291.0,201.4,0.87,58.61,149.57,2.552,observed,A,64.0,4
C-S1-PUN,S1,PUN,K03,night,5,273.5,82.6,0.252,22.59,43.29,1.916,observed,A,64.0,4
C-S1-PUN,S1,PUN,K03,night,9,250.3,34.2,0.068,8.57,11.67,1.361,observed,A,64.0,4
C-S1-PUN,S1,PUN,K03,night,13,221.2,16.1,0.024,3.56,4.08,1.146,observed,A,64.0,4
C-S1-PUN,S1,PUN,K03,morning,1,284.6,487.0,2.102,138.62,361.62,2.609,observed,A,64.0,4
C-S1-PUN,S1,PUN,K03,morning,5,267.6,199.7,0.608,53.42,104.66,1.959,observed,A,64.0,4
C-S1-PUN,S1,PUN,K03,morning,9,244.8,82.8,0.164,20.27,28.21,1.392,observed,A,64.0,4
C-S1-PUN,S1,PUN,K03,morning,13,216.3,39.0,0.057,8.43,9.87,1.171,observed,A,64.0,4
C-S1-PUN,S1,PUN,K03,afternoon,1,283.9,621.1,2.681,176.34,461.22,2.615,observed,A,64.0,4
C-S1-PUN,S1,PUN,K03,afternoon,5,266.9,254.7,0.776,67.96,133.48,1.964,observed,A,64.0,4
C-S1-PUN,S1,PUN,K03,afternoon,9,244.2,105.6,0.209,25.78,35.97,1.395,observed,A,64.0,4
C-S1-PUN,S1,PUN,K03,afternoon,13,215.8,49.7,0.073,10.72,12.59,1.174,observed,A,64.0,4
C-S1-PUN,S1,PUN,K03,evening,1,284.7,513.9,2.219,146.34,381.64,2.608,observed,A,64.0,4
C-S1-PUN,S1,PUN,K03,evening,5,267.7,210.7,0.642,56.4,110.45,1.958,observed,A,64.0,4
C-S1-PUN,S1,PUN,K03,evening,9,244.9,87.4,0.173,21.4,29.77,1.391,observed,A,64.0,4
C-S1-PUN,S1,PUN,K03,evening,13,216.4,41.1,0.061,8.9,10.42,1.171,observed,A,64.0,4
C-S1-PUN,S1,PUN,K04,night,1,263.4,54.2,0.446,14.28,76.65,5.366,observed,A,76.0,2
C-S1-PUN,S1,PUN,K04,night,5,247.6,22.2,0.129,5.51,22.18,4.03,observed,A,76.0,2
C-S1-PUN,S1,PUN,K04,night,9,226.5,9.2,0.035,2.09,5.98,2.863,observed,A,76.0,2
C-S1-PUN,S1,PUN,K04,night,13,200.2,4.3,0.012,0.87,2.09,2.409,observed,A,76.0,2
C-S1-PUN,S1,PUN,K04,morning,1,259.6,131.0,1.077,34.03,185.2,5.443,observed,A,76.0,2
C-S1-PUN,S1,PUN,K04,morning,5,244.1,53.7,0.312,13.11,53.6,4.087,observed,A,76.0,2
C-S1-PUN,S1,PUN,K04,morning,9,223.3,22.3,0.084,4.97,14.45,2.904,observed,A,76.0,2
C-S1-PUN,S1,PUN,K04,morning,13,197.3,10.5,0.029,2.07,5.05,2.443,observed,A,76.0,2
C-S1-PUN,S1,PUN,K04,afternoon,1,257.7,166.5,1.368,42.91,235.3,5.483,observed,A,76.0,2
C-S1-PUN,S1,PUN,K04,afternoon,5,242.3,68.3,0.396,16.54,68.1,4.118,observed,A,76.0,2
C-S1-PUN,S1,PUN,K04,afternoon,9,221.7,28.3,0.107,6.27,18.35,2.925,observed,A,76.0,2
C-S1-PUN,S1,PUN,K04,afternoon,13,195.9,13.3,0.037,2.61,6.42,2.461,observed,A,76.0,2
C-S1-PUN,S1,PUN,K04,evening,1,257.2,132.4,1.087,34.04,187.05,5.494,observed,A,76.0,2
C-S1-PUN,S1,PUN,K04,evening,5,241.8,54.3,0.315,13.12,54.13,4.126,observed,A,76.0,2
C-S1-PUN,S1,PUN,K04,evening,9,221.2,22.5,0.085,4.98,14.59,2.931,observed,A,76.0,2
C-S1-PUN,S1,PUN,K04,evening,13,195.5,10.6,0.03,2.07,5.11,2.466,observed,A,76.0,2
C-S1-PUN,S1,PUN,K07,night,1,248.3,16.4,0.125,4.07,21.49,5.285,observed,B,24.0,1
C-S1-PUN,S1,PUN,K07,night,5,233.4,6.7,0.036,1.57,6.22,3.969,observed,B,24.0,1
C-S1-PUN,S1,PUN,K07,night,9,213.5,2.8,0.01,0.59,1.68,2.82,observed,B,24.0,1
C-S1-PUN,S1,PUN,K07,night,13,188.7,1.3,0.003,0.25,0.59,2.373,observed,B,24.0,1
C-S1-PUN,S1,PUN,K07,morning,1,244.1,62.1,0.473,15.14,81.42,5.376,observed,B,24.0,2
C-S1-PUN,S1,PUN,K07,morning,5,229.4,25.4,0.137,5.84,23.56,4.037,observed,B,24.0,2
C-S1-PUN,S1,PUN,K07,morning,9,209.9,10.5,0.037,2.21,6.35,2.868,observed,B,24.0,2
C-S1-PUN,S1,PUN,K07,morning,13,185.5,5.0,0.013,0.92,2.22,2.414,observed,B,24.0,2
C-S1-PUN,S1,PUN,K07,afternoon,1,242.4,76.7,0.585,18.6,100.67,5.413,observed,B,24.0,2
C-S1-PUN,S1,PUN,K07,afternoon,5,227.9,31.5,0.169,7.17,29.14,4.064,observed,B,24.0,2
C-S1-PUN,S1,PUN,K07,afternoon,9,208.5,13.0,0.046,2.72,7.85,2.888,observed,B,24.0,2
C-S1-PUN,S1,PUN,K07,afternoon,13,184.3,6.1,0.016,1.13,2.75,2.43,observed,B,24.0,2
C-S1-PUN,S1,PUN,K07,evening,1,242.9,64.3,0.49,15.61,84.36,5.403,observed,B,24.0,2
C-S1-PUN,S1,PUN,K07,evening,5,228.3,26.4,0.142,6.02,24.41,4.057,observed,B,24.0,2
C-S1-PUN,S1,PUN,K07,evening,9,208.9,10.9,0.038,2.28,6.58,2.882,observed,B,24.0,2
C-S1-PUN,S1,PUN,K07,evening,13,184.6,5.1,0.013,0.95,2.3,2.425,observed,B,24.0,2
C-S1-PUN,S1,PUN,K09,night,1,385.4,58.8,0.108,22.66,18.6,0.821,observed,A,27.0,1
C-S1-PUN,S1,PUN,K09,night,5,362.3,24.1,0.031,8.73,5.38,0.616,observed,A,27.0,1
C-S1-PUN,S1,PUN,K09,night,9,331.4,10.0,0.008,3.31,1.45,0.438,observed,A,27.0,1
C-S1-PUN,S1,PUN,K09,night,13,292.9,4.7,0.003,1.38,0.51,0.368,observed,A,27.0,1
C-S1-PUN,S1,PUN,K09,morning,1,384.1,160.6,0.295,61.69,50.8,0.823,observed,A,27.0,1
C-S1-PUN,S1,PUN,K09,morning,5,361.1,65.8,0.085,23.77,14.7,0.618,observed,A,27.0,1
C-S1-PUN,S1,PUN,K09,morning,9,330.3,27.3,0.023,9.02,3.96,0.439,observed,A,27.0,1
C-S1-PUN,S1,PUN,K09,morning,13,291.9,12.8,0.008,3.75,1.39,0.37,observed,A,27.0,1
C-S1-PUN,S1,PUN,K09,afternoon,1,382.2,197.9,0.364,75.62,62.58,0.828,observed,A,27.0,1
C-S1-PUN,S1,PUN,K09,afternoon,5,359.3,81.1,0.105,29.15,18.11,0.621,observed,A,27.0,1
C-S1-PUN,S1,PUN,K09,afternoon,9,328.7,33.6,0.028,11.06,4.88,0.442,observed,A,27.0,1
C-S1-PUN,S1,PUN,K09,afternoon,13,290.5,15.8,0.01,4.6,1.71,0.372,observed,A,27.0,1
C-S1-PUN,S1,PUN,K09,evening,1,381.7,151.3,0.278,57.74,47.84,0.829,observed,A,27.0,1
C-S1-PUN,S1,PUN,K09,evening,5,358.8,62.0,0.081,22.25,13.85,0.622,observed,A,27.0,1
C-S1-PUN,S1,PUN,K09,evening,9,328.3,25.7,0.022,8.44,3.73,0.442,observed,A,27.0,1
C-S1-PUN,S1,PUN,K09,evening,13,290.1,12.1,0.008,3.51,1.31,0.372,observed,A,27.0,1
C-S2-DEL,S2,DEL,K01,night,1,220.7,167.5,3.27,36.95,912.3,24.687,observed,A,206.0,6
C-S2-DEL,S2,DEL,K01,night,5,207.4,68.7,0.946,14.24,264.03,18.539,observed,A,206.0,6
C-S2-DEL,S2,DEL,K01,night,9,189.8,28.5,0.255,5.4,71.16,13.171,observed,A,206.0,6
C-S2-DEL,S2,DEL,K01,night,13,167.7,13.4,0.089,2.25,24.9,11.083,observed,A,206.0,6
C-S2-DEL,S2,DEL,K01,morning,1,229.6,381.4,7.446,87.55,2077.56,23.731,observed,A,206.0,6
C-S2-DEL,S2,DEL,K01,morning,5,215.8,156.4,2.155,33.74,601.27,17.82,observed,A,206.0,6
C-S2-DEL,S2,DEL,K01,morning,9,197.4,64.8,0.581,12.8,162.05,12.661,observed,A,206.0,6
C-S2-DEL,S2,DEL,K01,morning,13,174.5,30.5,0.203,5.32,56.71,10.653,observed,A,206.0,6
C-S2-DEL,S2,DEL,K01,afternoon,1,231.2,489.9,9.566,113.29,2669.01,23.558,observed,A,206.0,5
C-S2-DEL,S2,DEL,K01,afternoon,5,217.4,200.9,2.769,43.66,772.44,17.691,observed,A,206.0,5
C-S2-DEL,S2,DEL,K01,afternoon,9,198.9,83.3,0.746,16.56,208.18,12.569,observed,A,206.0,5
C-S2-DEL,S2,DEL,K01,afternoon,13,175.7,39.2,0.261,6.89,72.85,10.576,observed,A,206.0,5
C-S2-DEL,S2,DEL,K01,evening,1,221.7,465.3,9.085,103.15,2534.84,24.573,observed,A,206.0,4
C-S2-DEL,S2,DEL,K01,evening,5,208.4,190.8,2.629,39.76,733.61,18.453,observed,A,206.0,4
C-S2-DEL,S2,DEL,K01,evening,9,190.7,79.1,0.709,15.08,197.72,13.11,observed,A,206.0,4
C-S2-DEL,S2,DEL,K01,evening,13,168.5,37.2,0.248,6.27,69.19,11.031,observed,A,206.0,4
C-S2-DEL,S2,DEL,K05,night,1,339.6,306.2,2.346,104.0,654.45,6.293,observed,A,402.0,2
C-S2-DEL,S2,DEL,K05,night,5,319.3,125.5,0.679,40.08,189.4,4.725,observed,A,402.0,2
C-S2-DEL,S2,DEL,K05,night,9,292.1,52.1,0.183,15.21,51.05,3.357,observed,A,402.0,2
C-S2-DEL,S2,DEL,K05,night,13,258.1,24.5,0.064,6.32,17.86,2.825,observed,A,402.0,2
C-S2-DEL,S2,DEL,K05,morning,1,336.5,720.3,5.518,242.41,1539.44,6.351,observed,A,402.0,2
C-S2-DEL,S2,DEL,K05,morning,5,316.3,295.3,1.597,93.42,445.53,4.769,observed,A,402.0,2
C-S2-DEL,S2,DEL,K05,morning,9,289.4,122.5,0.43,35.44,120.08,3.388,observed,A,402.0,2
C-S2-DEL,S2,DEL,K05,morning,13,255.8,57.6,0.151,14.74,42.02,2.851,observed,A,402.0,2
C-S2-DEL,S2,DEL,K05,afternoon,1,339.3,908.5,6.959,308.23,1941.69,6.299,observed,A,402.0,2
C-S2-DEL,S2,DEL,K05,afternoon,5,318.9,372.5,2.014,118.79,561.95,4.73,observed,A,402.0,2
C-S2-DEL,S2,DEL,K05,afternoon,9,291.8,154.4,0.543,45.06,151.45,3.361,observed,A,402.0,2
C-S2-DEL,S2,DEL,K05,afternoon,13,257.9,72.7,0.19,18.74,53.0,2.828,observed,A,402.0,2
C-S2-DEL,S2,DEL,K05,evening,1,339.8,810.5,6.209,275.4,1732.23,6.29,observed,A,402.0,2
C-S2-DEL,S2,DEL,K05,evening,5,319.4,332.3,1.797,106.14,501.33,4.723,observed,A,402.0,2
C-S2-DEL,S2,DEL,K05,evening,9,292.2,137.8,0.484,40.26,135.11,3.356,observed,A,402.0,2
C-S2-DEL,S2,DEL,K05,evening,13,258.2,64.8,0.169,16.74,47.28,2.824,observed,A,402.0,2
C-S2-DEL,S2,DEL,K06,night,1,378.4,91.1,0.455,34.49,126.82,3.677,observed,A,50.0,3
C-S2-DEL,S2,DEL,K06,night,5,355.7,37.4,0.132,13.29,36.7,2.761,observed,A,50.0,3
C-S2-DEL,S2,DEL,K06,night,9,325.4,15.5,0.035,5.04,9.89,1.962,observed,A,50.0,3
C-S2-DEL,S2,DEL,K06,night,13,287.6,7.3,0.012,2.1,3.46,1.651,observed,A,50.0,3
C-S2-DEL,S2,DEL,K06,morning,1,364.6,207.7,1.036,75.72,288.95,3.816,observed,A,50.0,3
C-S2-DEL,S2,DEL,K06,morning,5,342.8,85.1,0.3,29.18,83.63,2.866,observed,A,50.0,3
C-S2-DEL,S2,DEL,K06,morning,9,313.6,35.3,0.081,11.07,22.54,2.036,observed,A,50.0,3
C-S2-DEL,S2,DEL,K06,morning,13,277.1,16.6,0.028,4.6,7.89,1.713,observed,A,50.0,3
C-S2-DEL,S2,DEL,K06,afternoon,1,359.6,272.0,1.357,97.83,378.51,3.869,observed,A,50.0,3
C-S2-DEL,S2,DEL,K06,afternoon,5,338.1,111.5,0.393,37.7,109.55,2.905,observed,A,50.0,3
C-S2-DEL,S2,DEL,K06,afternoon,9,309.3,46.2,0.106,14.3,29.52,2.064,observed,A,50.0,3
C-S2-DEL,S2,DEL,K06,afternoon,13,273.3,21.8,0.037,5.95,10.33,1.737,observed,A,50.0,3
C-S2-DEL,S2,DEL,K06,evening,1,357.1,256.6,1.28,91.63,357.0,3.896,observed,A,50.0,3
C-S2-DEL,S2,DEL,K06,evening,5,335.7,105.2,0.37,35.31,103.32,2.926,observed,A,50.0,3
C-S2-DEL,S2,DEL,K06,evening,9,307.1,43.6,0.1,13.4,27.85,2.079,observed,A,50.0,3
C-S2-DEL,S2,DEL,K06,evening,13,271.4,20.5,0.035,5.57,9.74,1.749,observed,A,50.0,3
C-S2-DEL,S2,DEL,K10,night,1,433.4,127.3,0.289,55.2,80.5,1.458,observed,A,31.0,4
C-S2-DEL,S2,DEL,K10,night,5,407.4,52.2,0.084,21.27,23.3,1.095,observed,A,31.0,4
C-S2-DEL,S2,DEL,K10,night,9,372.8,21.6,0.023,8.07,6.28,0.778,observed,A,31.0,4
C-S2-DEL,S2,DEL,K10,night,13,329.4,10.2,0.008,3.36,2.2,0.655,observed,A,31.0,4
C-S2-DEL,S2,DEL,K10,morning,1,435.5,278.8,0.632,121.43,176.26,1.452,observed,A,31.0,3
C-S2-DEL,S2,DEL,K10,morning,5,409.4,114.3,0.183,46.8,51.01,1.09,observed,A,31.0,3
C-S2-DEL,S2,DEL,K10,morning,9,374.5,47.4,0.049,17.75,13.75,0.774,observed,A,31.0,3
C-S2-DEL,S2,DEL,K10,morning,13,331.0,22.3,0.017,7.38,4.81,0.652,observed,A,31.0,3
C-S2-DEL,S2,DEL,K10,afternoon,1,437.5,356.5,0.808,155.96,225.35,1.445,observed,A,31.0,3
C-S2-DEL,S2,DEL,K10,afternoon,5,411.2,146.2,0.234,60.11,65.22,1.085,observed,A,31.0,3
C-S2-DEL,S2,DEL,K10,afternoon,9,376.2,60.6,0.063,22.8,17.58,0.771,observed,A,31.0,3
C-S2-DEL,S2,DEL,K10,afternoon,13,332.5,28.5,0.022,9.48,6.15,0.649,observed,A,31.0,3
C-S2-DEL,S2,DEL,K10,evening,1,435.1,329.8,0.747,143.52,208.51,1.453,observed,A,31.0,3
C-S2-DEL,S2,DEL,K10,evening,5,409.0,135.2,0.216,55.31,60.35,1.091,observed,A,31.0,3
C-S2-DEL,S2,DEL,K10,evening,9,374.2,56.1,0.058,20.98,16.26,0.775,observed,A,31.0,3
C-S2-DEL,S2,DEL,K10,evening,13,330.7,26.4,0.02,8.73,5.69,0.652,observed,A,31.0,3
C-S2-MUM,S2,MUM,K01,night,1,235.3,130.4,2.353,30.68,656.45,21.397,observed,A,78.0,5
C-S2-MUM,S2,MUM,K01,night,5,221.2,53.5,0.681,11.82,189.98,16.068,observed,A,78.0,5
C-S2-MUM,S2,MUM,K01,night,9,202.4,22.2,0.184,4.49,51.2,11.416,observed,A,78.0,5
C-S2-MUM,S2,MUM,K01,night,13,178.8,10.4,0.064,1.87,17.92,9.606,observed,A,78.0,5
C-S2-MUM,S2,MUM,K01,morning,1,239.1,266.0,4.801,63.62,1339.49,21.054,observed,A,78.0,5
C-S2-MUM,S2,MUM,K01,morning,5,224.8,109.1,1.389,24.52,387.66,15.811,observed,A,78.0,5
C-S2-MUM,S2,MUM,K01,morning,9,205.7,45.2,0.374,9.3,104.48,11.233,observed,A,78.0,5
C-S2-MUM,S2,MUM,K01,morning,13,181.7,21.3,0.131,3.87,36.56,9.452,observed,A,78.0,5
C-S2-MUM,S2,MUM,K01,afternoon,1,240.0,315.3,5.689,75.65,1587.31,20.983,observed,A,78.0,5
C-S2-MUM,S2,MUM,K01,afternoon,5,225.6,129.3,1.647,29.15,459.39,15.757,observed,A,78.0,5
C-S2-MUM,S2,MUM,K01,afternoon,9,206.4,53.6,0.444,11.06,123.81,11.195,observed,A,78.0,5
C-S2-MUM,S2,MUM,K01,afternoon,13,182.4,25.2,0.155,4.6,43.32,9.419,observed,A,78.0,5
C-S2-MUM,S2,MUM,K01,evening,1,233.2,214.7,3.875,50.07,1081.19,21.592,truncated,A,78.0,4
C-S2-MUM,S2,MUM,K01,evening,5,219.2,88.0,1.122,19.3,312.91,16.214,truncated,A,78.0,4
C-S2-MUM,S2,MUM,K01,evening,9,200.5,36.5,0.302,7.32,84.33,11.519,truncated,A,78.0,4
C-S2-MUM,S2,MUM,K01,evening,13,177.2,17.2,0.106,3.04,29.51,9.693,truncated,A,78.0,4
C-S2-MUM,S2,MUM,K05,night,1,373.4,205.9,1.45,76.91,404.43,5.259,observed,A,121.0,2
C-S2-MUM,S2,MUM,K05,night,5,351.0,84.4,0.42,29.64,117.05,3.949,observed,A,121.0,2
C-S2-MUM,S2,MUM,K05,night,9,321.2,35.0,0.113,11.24,31.55,2.806,observed,A,121.0,2
C-S2-MUM,S2,MUM,K05,night,13,283.8,16.5,0.04,4.68,11.04,2.361,observed,A,121.0,2
C-S2-MUM,S2,MUM,K05,morning,1,358.4,443.0,3.118,158.75,869.97,5.48,observed,A,121.0,2
C-S2-MUM,S2,MUM,K05,morning,5,336.9,181.6,0.902,61.18,251.78,4.115,observed,A,121.0,2
C-S2-MUM,S2,MUM,K05,morning,9,308.2,75.3,0.243,23.21,67.86,2.924,observed,A,121.0,2
C-S2-MUM,S2,MUM,K05,morning,13,272.4,35.4,0.085,9.65,23.74,2.46,observed,A,121.0,2
C-S2-MUM,S2,MUM,K05,afternoon,1,368.5,449.9,3.167,165.78,883.47,5.329,observed,A,121.0,2
C-S2-MUM,S2,MUM,K05,afternoon,5,346.4,184.5,0.916,63.89,255.69,4.002,observed,A,121.0,2
C-S2-MUM,S2,MUM,K05,afternoon,9,316.9,76.5,0.247,24.24,68.91,2.843,observed,A,121.0,2
C-S2-MUM,S2,MUM,K05,afternoon,13,280.1,36.0,0.086,10.08,24.11,2.392,observed,A,121.0,2
C-S2-MUM,S2,MUM,K05,evening,1,422.7,369.8,2.603,156.34,726.25,4.645,truncated,A,121.0,2
C-S2-MUM,S2,MUM,K05,evening,5,397.4,151.6,0.753,60.25,210.18,3.488,truncated,A,121.0,2
C-S2-MUM,S2,MUM,K05,evening,9,363.6,62.9,0.203,22.86,56.65,2.478,truncated,A,121.0,2
C-S2-MUM,S2,MUM,K05,evening,13,321.3,29.6,0.071,9.51,19.82,2.085,truncated,A,121.0,2
C-S2-MUM,S2,MUM,K06,night,1,431.8,59.0,0.274,25.46,76.49,3.005,observed,B,15.0,3
C-S2-MUM,S2,MUM,K06,night,5,405.9,24.2,0.079,9.81,22.14,2.256,observed,B,15.0,3
C-S2-MUM,S2,MUM,K06,night,9,371.3,10.0,0.021,3.72,5.97,1.603,observed,B,15.0,3
C-S2-MUM,S2,MUM,K06,night,13,328.2,4.7,0.007,1.55,2.09,1.349,observed,B,15.0,3
C-S2-MUM,S2,MUM,K06,morning,1,421.4,116.8,0.543,49.24,151.58,3.079,observed,B,15.0,3
C-S2-MUM,S2,MUM,K06,morning,5,396.1,47.9,0.157,18.98,43.87,2.312,observed,B,15.0,3
C-S2-MUM,S2,MUM,K06,morning,9,362.4,19.9,0.042,7.2,11.82,1.643,observed,B,15.0,3
C-S2-MUM,S2,MUM,K06,morning,13,320.3,9.3,0.015,2.99,4.14,1.382,observed,B,15.0,3
C-S2-MUM,S2,MUM,K06,afternoon,1,423.7,134.8,0.627,57.12,174.88,3.062,observed,B,15.0,3
C-S2-MUM,S2,MUM,K06,afternoon,5,398.3,55.3,0.181,22.01,50.61,2.299,observed,B,15.0,3
C-S2-MUM,S2,MUM,K06,afternoon,9,364.4,22.9,0.049,8.35,13.64,1.634,observed,B,15.0,3
C-S2-MUM,S2,MUM,K06,afternoon,13,322.0,10.8,0.017,3.47,4.77,1.375,observed,B,15.0,3
C-S2-MUM,S2,MUM,K06,evening,1,463.5,167.0,0.777,77.42,216.68,2.799,truncated,B,15.0,2
C-S2-MUM,S2,MUM,K06,evening,5,435.7,68.5,0.225,29.84,62.71,2.102,truncated,B,15.0,2
C-S2-MUM,S2,MUM,K06,evening,9,398.6,28.4,0.061,11.32,16.9,1.493,truncated,B,15.0,2
C-S2-MUM,S2,MUM,K06,evening,13,352.3,13.4,0.021,4.71,5.91,1.256,truncated,B,15.0,2
C-S2-MUM,S2,MUM,K10,night,1,471.7,91.1,0.174,42.99,48.56,1.129,observed,B,11.0,3
C-S2-MUM,S2,MUM,K10,night,5,443.4,37.4,0.05,16.57,14.05,0.848,observed,B,11.0,3
C-S2-MUM,S2,MUM,K10,night,9,405.7,15.5,0.014,6.29,3.79,0.603,observed,B,11.0,3
C-S2-MUM,S2,MUM,K10,night,13,358.5,7.3,0.005,2.61,1.33,0.507,observed,B,11.0,3
C-S2-MUM,S2,MUM,K10,morning,1,470.4,180.4,0.345,84.85,96.12,1.133,observed,B,11.0,3
C-S2-MUM,S2,MUM,K10,morning,5,442.1,74.0,0.1,32.7,27.82,0.851,observed,B,11.0,3
C-S2-MUM,S2,MUM,K10,morning,9,404.5,30.7,0.027,12.41,7.5,0.604,observed,B,11.0,3
C-S2-MUM,S2,MUM,K10,morning,13,357.5,14.4,0.009,5.16,2.62,0.508,observed,B,11.0,3
C-S2-MUM,S2,MUM,K10,afternoon,1,472.8,217.1,0.415,102.66,115.68,1.127,observed,B,11.0,3
C-S2-MUM,S2,MUM,K10,afternoon,5,444.4,89.0,0.12,39.56,33.48,0.846,observed,B,11.0,3
C-S2-MUM,S2,MUM,K10,afternoon,9,406.6,36.9,0.032,15.01,9.02,0.601,observed,B,11.0,3
C-S2-MUM,S2,MUM,K10,afternoon,13,359.3,17.4,0.011,6.24,3.16,0.506,observed,B,11.0,3
C-S2-MUM,S2,MUM,K10,evening,1,486.4,131.2,0.251,63.83,69.92,1.095,truncated,B,11.0,3
C-S2-MUM,S2,MUM,K10,evening,5,457.2,53.8,0.073,24.6,20.23,0.823,truncated,B,11.0,3
C-S2-MUM,S2,MUM,K10,evening,9,418.3,22.3,0.02,9.33,5.45,0.584,truncated,B,11.0,3
C-S2-MUM,S2,MUM,K10,evening,13,369.7,10.5,0.007,3.88,1.91,0.492,truncated,B,11.0,3
C-S2-BLR,S2,BLR,K01,night,1,228.5,112.8,1.905,25.78,531.5,20.619,observed,A,239.0,3
C-S2-BLR,S2,BLR,K01,night,5,214.7,46.3,0.551,9.93,153.82,15.484,observed,A,239.0,3
C-S2-BLR,S2,BLR,K01,night,9,196.5,19.2,0.149,3.77,41.46,11.001,observed,A,239.0,3
C-S2-BLR,S2,BLR,K01,night,13,173.6,9.0,0.052,1.57,14.51,9.256,observed,A,239.0,3
C-S2-BLR,S2,BLR,K01,morning,1,235.7,282.0,4.761,66.48,1328.46,19.984,observed,A,239.0,4
C-S2-BLR,S2,BLR,K01,morning,5,221.6,115.6,1.378,25.62,384.47,15.006,observed,A,239.0,4
C-S2-BLR,S2,BLR,K01,morning,9,202.7,47.9,0.371,9.72,103.62,10.662,observed,A,239.0,4
C-S2-BLR,S2,BLR,K01,morning,13,179.1,22.6,0.13,4.04,36.26,8.971,observed,A,239.0,4
C-S2-BLR,S2,BLR,K01,afternoon,1,236.2,353.9,5.974,83.59,1666.87,19.941,observed,A,239.0,3
C-S2-BLR,S2,BLR,K01,afternoon,5,222.0,145.1,1.729,32.22,482.41,14.974,observed,A,239.0,3
C-S2-BLR,S2,BLR,K01,afternoon,9,203.2,60.2,0.466,12.22,130.02,10.639,observed,A,239.0,3
C-S2-BLR,S2,BLR,K01,afternoon,13,179.5,28.3,0.163,5.08,45.5,8.952,observed,A,239.0,3
C-S2-BLR,S2,BLR,K01,evening,1,226.6,401.7,6.782,91.04,1892.28,20.785,observed,A,239.0,3
C-S2-BLR,S2,BLR,K01,evening,5,213.0,164.7,1.963,35.09,547.65,15.609,observed,A,239.0,3
C-S2-BLR,S2,BLR,K01,evening,9,194.9,68.3,0.529,13.31,147.6,11.089,observed,A,239.0,3
C-S2-BLR,S2,BLR,K01,evening,13,172.2,32.1,0.185,5.54,51.65,9.331,observed,A,239.0,3
C-S2-BLR,S2,BLR,K05,night,1,365.9,189.6,1.457,69.37,406.47,5.859,observed,A,268.0,2
C-S2-BLR,S2,BLR,K05,night,5,343.9,77.7,0.422,26.74,117.64,4.4,observed,A,268.0,2
C-S2-BLR,S2,BLR,K05,night,9,314.7,32.2,0.114,10.14,31.7,3.126,observed,A,268.0,2
C-S2-BLR,S2,BLR,K05,night,13,278.1,15.2,0.04,4.22,11.09,2.63,observed,A,268.0,2
C-S2-BLR,S2,BLR,K05,morning,1,357.2,448.7,3.448,160.29,961.98,6.001,observed,A,268.0,2
C-S2-BLR,S2,BLR,K05,morning,5,335.8,184.0,0.998,61.78,278.41,4.507,observed,A,268.0,2
C-S2-BLR,S2,BLR,K05,morning,9,307.2,76.3,0.269,23.43,75.03,3.202,observed,A,268.0,2
C-S2-BLR,S2,BLR,K05,morning,13,271.5,35.9,0.094,9.75,26.26,2.694,observed,A,268.0,2
C-S2-BLR,S2,BLR,K05,afternoon,1,355.8,574.6,4.415,204.46,1231.84,6.025,observed,A,268.0,2
C-S2-BLR,S2,BLR,K05,afternoon,5,334.5,235.6,1.278,78.8,356.51,4.524,observed,A,268.0,2
C-S2-BLR,S2,BLR,K05,afternoon,9,306.0,97.7,0.344,29.89,96.08,3.214,observed,A,268.0,2
C-S2-BLR,S2,BLR,K05,afternoon,13,270.4,46.0,0.121,12.43,33.62,2.705,observed,A,268.0,2
C-S2-BLR,S2,BLR,K05,evening,1,347.7,651.7,5.008,226.59,1397.17,6.166,observed,A,268.0,2
C-S2-BLR,S2,BLR,K05,evening,5,326.8,267.2,1.449,87.33,404.36,4.63,observed,A,268.0,2
C-S2-BLR,S2,BLR,K05,evening,9,299.0,110.8,0.391,33.13,108.98,3.29,observed,A,268.0,2
C-S2-BLR,S2,BLR,K05,evening,13,264.2,52.1,0.137,13.78,38.13,2.768,observed,A,268.0,2
C-S2-BLR,S2,BLR,K06,night,1,412.4,57.0,0.269,23.51,75.02,3.191,observed,B,24.0,4
C-S2-BLR,S2,BLR,K06,night,5,387.6,23.4,0.078,9.06,21.71,2.396,observed,B,24.0,4
C-S2-BLR,S2,BLR,K06,night,9,354.6,9.7,0.021,3.44,5.85,1.702,observed,B,24.0,4
C-S2-BLR,S2,BLR,K06,night,13,313.4,4.6,0.007,1.43,2.05,1.432,observed,B,24.0,4
C-S2-BLR,S2,BLR,K06,morning,1,399.4,130.0,0.613,51.94,171.1,3.294,observed,B,24.0,4
C-S2-BLR,S2,BLR,K06,morning,5,375.5,53.3,0.177,20.02,49.52,2.474,observed,B,24.0,4
C-S2-BLR,S2,BLR,K06,morning,9,343.5,22.1,0.048,7.59,13.35,1.758,observed,B,24.0,4
C-S2-BLR,S2,BLR,K06,morning,13,303.6,10.4,0.017,3.16,4.67,1.479,observed,B,24.0,4
C-S2-BLR,S2,BLR,K06,afternoon,1,396.3,160.8,0.758,63.7,211.55,3.321,observed,B,24.0,4
C-S2-BLR,S2,BLR,K06,afternoon,5,372.5,65.9,0.219,24.55,61.22,2.494,observed,B,24.0,4
C-S2-BLR,S2,BLR,K06,afternoon,9,340.8,27.3,0.059,9.31,16.5,1.772,observed,B,24.0,4
C-S2-BLR,S2,BLR,K06,afternoon,13,301.2,12.9,0.021,3.87,5.77,1.491,observed,B,24.0,4
C-S2-BLR,S2,BLR,K06,evening,1,385.6,198.9,0.938,76.71,261.78,3.412,observed,B,24.0,4
C-S2-BLR,S2,BLR,K06,evening,5,362.5,81.6,0.272,29.56,75.76,2.563,observed,B,24.0,4
C-S2-BLR,S2,BLR,K06,evening,9,331.6,33.8,0.073,11.22,20.42,1.821,observed,B,24.0,4
C-S2-BLR,S2,BLR,K06,evening,13,293.1,15.9,0.026,4.66,7.14,1.532,observed,B,24.0,4
C-S2-BLR,S2,BLR,K10,night,1,446.9,64.4,0.131,28.79,36.5,1.268,observed,B,17.0,3
C-S2-BLR,S2,BLR,K10,night,5,420.1,26.4,0.038,11.1,10.56,0.952,observed,B,17.0,3
C-S2-BLR,S2,BLR,K10,night,9,384.3,11.0,0.01,4.21,2.85,0.676,observed,B,17.0,3
C-S2-BLR,S2,BLR,K10,night,13,339.6,5.2,0.004,1.75,1.0,0.569,observed,B,17.0,3
C-S2-BLR,S2,BLR,K10,morning,1,444.0,164.7,0.334,73.11,93.27,1.276,observed,B,17.0,4
C-S2-BLR,S2,BLR,K10,morning,5,417.4,67.5,0.097,28.18,26.99,0.958,observed,B,17.0,4
C-S2-BLR,S2,BLR,K10,morning,9,381.8,28.0,0.026,10.69,7.27,0.681,observed,B,17.0,4
C-S2-BLR,S2,BLR,K10,morning,13,337.4,13.2,0.009,4.44,2.55,0.573,observed,B,17.0,4
C-S2-BLR,S2,BLR,K10,afternoon,1,442.4,217.5,0.442,96.21,123.19,1.28,observed,B,17.0,4
C-S2-BLR,S2,BLR,K10,afternoon,5,415.8,89.2,0.128,37.08,35.65,0.962,observed,B,17.0,4
C-S2-BLR,S2,BLR,K10,afternoon,9,380.4,37.0,0.034,14.07,9.61,0.683,observed,B,17.0,4
C-S2-BLR,S2,BLR,K10,afternoon,13,336.2,17.4,0.012,5.85,3.36,0.575,observed,B,17.0,4
C-S2-BLR,S2,BLR,K10,evening,1,436.7,249.6,0.507,108.98,141.36,1.297,observed,B,17.0,4
C-S2-BLR,S2,BLR,K10,evening,5,410.5,102.3,0.147,42.0,40.91,0.974,observed,B,17.0,4
C-S2-BLR,S2,BLR,K10,evening,9,375.5,42.4,0.04,15.93,11.03,0.692,observed,B,17.0,4
C-S2-BLR,S2,BLR,K10,evening,13,331.9,20.0,0.014,6.63,3.86,0.582,observed,B,17.0,4
C-S2-HYD,S2,HYD,K01,night,1,197.7,65.4,1.229,12.93,342.94,26.516,observed,A,66.0,6
C-S2-HYD,S2,HYD,K01,night,5,185.8,26.8,0.356,4.98,99.25,19.912,observed,A,66.0,6
C-S2-HYD,S2,HYD,K01,night,9,170.0,11.1,0.096,1.89,26.75,14.147,observed,A,66.0,6
C-S2-HYD,S2,HYD,K01,night,13,150.2,5.2,0.034,0.79,9.36,11.903,observed,A,66.0,6
C-S2-HYD,S2,HYD,K01,morning,1,207.1,175.6,3.299,36.37,920.43,25.308,observed,A,66.0,6
C-S2-HYD,S2,HYD,K01,morning,5,194.7,72.0,0.955,14.02,266.38,19.005,observed,A,66.0,6
C-S2-HYD,S2,HYD,K01,morning,9,178.1,29.9,0.257,5.32,71.79,13.502,observed,A,66.0,6
C-S2-HYD,S2,HYD,K01,morning,13,157.4,14.0,0.09,2.21,25.12,11.361,observed,A,66.0,6
C-S2-HYD,S2,HYD,K01,afternoon,1,209.8,213.0,4.002,44.7,1116.59,24.978,observed,A,66.0,6
C-S2-HYD,S2,HYD,K01,afternoon,5,197.3,87.3,1.158,17.23,323.15,18.757,observed,A,66.0,6
C-S2-HYD,S2,HYD,K01,afternoon,9,180.5,36.2,0.312,6.54,87.09,13.326,observed,A,66.0,6
C-S2-HYD,S2,HYD,K01,afternoon,13,159.5,17.0,0.109,2.72,30.48,11.213,observed,A,66.0,6
C-S2-HYD,S2,HYD,K01,evening,1,207.8,198.0,3.719,41.14,1037.65,25.219,observed,A,66.0,6
C-S2-HYD,S2,HYD,K01,evening,5,195.4,81.2,1.076,15.86,300.31,18.938,observed,A,66.0,6
C-S2-HYD,S2,HYD,K01,evening,9,178.7,33.7,0.29,6.02,80.94,13.455,observed,A,66.0,6
C-S2-HYD,S2,HYD,K01,evening,13,158.0,15.8,0.102,2.5,28.32,11.321,observed,A,66.0,6
C-S2-HYD,S2,HYD,K05,night,1,320.1,78.2,0.567,25.04,158.11,6.314,observed,A,46.0,3
C-S2-HYD,S2,HYD,K05,night,5,300.9,32.1,0.164,9.65,45.76,4.741,observed,A,46.0,3
C-S2-HYD,S2,HYD,K05,night,9,275.3,13.3,0.044,3.66,12.33,3.369,observed,A,46.0,3
C-S2-HYD,S2,HYD,K05,night,13,243.3,6.3,0.015,1.52,4.32,2.834,observed,A,46.0,3
C-S2-HYD,S2,HYD,K05,morning,1,302.5,187.6,1.359,56.74,379.1,6.681,observed,A,46.0,3
C-S2-HYD,S2,HYD,K05,morning,5,284.3,76.9,0.393,21.87,109.72,5.017,observed,A,46.0,3
C-S2-HYD,S2,HYD,K05,morning,9,260.1,31.9,0.106,8.3,29.57,3.565,observed,A,46.0,3
C-S2-HYD,S2,HYD,K05,morning,13,229.9,15.0,0.037,3.45,10.35,2.999,observed,A,46.0,3
C-S2-HYD,S2,HYD,K05,afternoon,1,300.3,218.9,1.585,65.73,442.31,6.729,observed,A,46.0,3
C-S2-HYD,S2,HYD,K05,afternoon,5,282.3,89.7,0.459,25.33,128.01,5.053,observed,A,46.0,3
C-S2-HYD,S2,HYD,K05,afternoon,9,258.3,37.2,0.124,9.61,34.5,3.59,observed,A,46.0,3
C-S2-HYD,S2,HYD,K05,afternoon,13,228.2,17.5,0.043,4.0,12.07,3.021,observed,A,46.0,3
C-S2-HYD,S2,HYD,K05,evening,1,303.0,180.3,1.306,54.65,364.46,6.669,observed,A,46.0,4
C-S2-HYD,S2,HYD,K05,evening,5,284.9,73.9,0.378,21.06,105.48,5.008,observed,A,46.0,4
C-S2-HYD,S2,HYD,K05,evening,9,260.6,30.7,0.102,7.99,28.43,3.558,observed,A,46.0,4
C-S2-HYD,S2,HYD,K05,evening,13,230.3,14.4,0.036,3.32,9.95,2.994,observed,A,46.0,4
C-S2-HYD,S2,HYD,K06,night,1,358.4,40.5,0.204,14.5,56.78,3.916,observed,A,29.0,3
C-S2-HYD,S2,HYD,K06,night,5,336.9,16.6,0.059,5.59,16.43,2.941,observed,A,29.0,3
C-S2-HYD,S2,HYD,K06,night,9,308.2,6.9,0.016,2.12,4.43,2.089,observed,A,29.0,3
C-S2-HYD,S2,HYD,K06,night,13,272.4,3.2,0.006,0.88,1.55,1.758,observed,A,29.0,3
C-S2-HYD,S2,HYD,K06,morning,1,347.6,125.5,0.631,43.63,176.13,4.037,observed,A,29.0,3
C-S2-HYD,S2,HYD,K06,morning,5,326.8,51.5,0.183,16.82,50.98,3.032,observed,A,29.0,3
C-S2-HYD,S2,HYD,K06,morning,9,299.0,21.3,0.049,6.38,13.74,2.154,observed,A,29.0,3
C-S2-HYD,S2,HYD,K06,morning,13,264.2,10.0,0.017,2.65,4.81,1.812,observed,A,29.0,3
C-S2-HYD,S2,HYD,K06,afternoon,1,345.2,152.2,0.765,52.54,213.57,4.065,observed,A,29.0,3
C-S2-HYD,S2,HYD,K06,afternoon,5,324.5,62.4,0.222,20.25,61.81,3.053,observed,A,29.0,3
C-S2-HYD,S2,HYD,K06,afternoon,9,296.9,25.9,0.06,7.68,16.66,2.169,observed,A,29.0,3
C-S2-HYD,S2,HYD,K06,afternoon,13,262.4,12.2,0.021,3.19,5.83,1.825,observed,A,29.0,3
C-S2-HYD,S2,HYD,K06,evening,1,345.4,127.4,0.641,44.01,178.83,4.063,observed,A,29.0,3
C-S2-HYD,S2,HYD,K06,evening,5,324.7,52.2,0.186,16.96,51.76,3.051,observed,A,29.0,3
C-S2-HYD,S2,HYD,K06,evening,9,297.0,21.7,0.05,6.43,13.95,2.168,observed,A,29.0,3
C-S2-HYD,S2,HYD,K06,evening,13,262.5,10.2,0.017,2.68,4.88,1.824,observed,A,29.0,3
C-S2-HYD,S2,HYD,K10,night,1,374.7,41.6,0.075,15.58,20.86,1.339,observed,B,16.0,1
C-S2-HYD,S2,HYD,K10,night,5,352.2,17.0,0.022,6.0,6.04,1.005,observed,B,16.0,1
C-S2-HYD,S2,HYD,K10,night,9,322.2,7.1,0.006,2.28,1.63,0.714,observed,B,16.0,1
C-S2-HYD,S2,HYD,K10,night,13,284.8,3.3,0.002,0.95,0.57,0.601,observed,B,16.0,1
C-S2-HYD,S2,HYD,K10,morning,1,371.0,122.9,0.221,45.59,61.64,1.352,observed,B,16.0,2
C-S2-HYD,S2,HYD,K10,morning,5,348.7,50.4,0.064,17.57,17.84,1.015,observed,B,16.0,2
C-S2-HYD,S2,HYD,K10,morning,9,319.1,20.9,0.017,6.66,4.81,0.721,observed,B,16.0,2
C-S2-HYD,S2,HYD,K10,morning,13,282.0,9.8,0.006,2.77,1.68,0.607,observed,B,16.0,2
C-S2-HYD,S2,HYD,K10,afternoon,1,367.6,158.6,0.285,58.32,79.58,1.365,observed,B,16.0,2
C-S2-HYD,S2,HYD,K10,afternoon,5,345.6,65.0,0.083,22.48,23.03,1.025,observed,B,16.0,2
C-S2-HYD,S2,HYD,K10,afternoon,9,316.2,27.0,0.022,8.53,6.21,0.728,observed,B,16.0,2
C-S2-HYD,S2,HYD,K10,afternoon,13,279.4,12.7,0.008,3.55,2.17,0.613,observed,B,16.0,2
C-S2-HYD,S2,HYD,K10,evening,1,367.0,134.6,0.242,49.42,67.55,1.367,observed,B,16.0,2
C-S2-HYD,S2,HYD,K10,evening,5,345.0,55.2,0.07,19.04,19.55,1.026,observed,B,16.0,2
C-S2-HYD,S2,HYD,K10,evening,9,315.6,22.9,0.019,7.22,5.27,0.729,observed,B,16.0,2
C-S2-HYD,S2,HYD,K10,evening,13,278.9,10.8,0.007,3.0,1.84,0.614,observed,B,16.0,2
C-S2-PUN,S2,PUN,K01,night,1,184.3,44.4,0.758,8.19,211.44,25.815,observed,A,93.0,3
C-S2-PUN,S2,PUN,K01,night,5,173.2,18.2,0.219,3.16,61.19,19.386,observed,A,93.0,3
C-S2-PUN,S2,PUN,K01,night,9,158.5,7.6,0.059,1.2,16.49,13.773,observed,A,93.0,3
C-S2-PUN,S2,PUN,K01,night,13,140.1,3.6,0.021,0.5,5.77,11.589,observed,A,93.0,3
C-S2-PUN,S2,PUN,K01,morning,1,189.6,118.4,2.018,22.44,563.07,25.092,observed,A,93.0,3
C-S2-PUN,S2,PUN,K01,morning,5,178.2,48.5,0.584,8.65,162.96,18.843,observed,A,93.0,3
C-S2-PUN,S2,PUN,K01,morning,9,163.0,20.1,0.157,3.28,43.92,13.387,observed,A,93.0,3
C-S2-PUN,S2,PUN,K01,morning,13,144.1,9.5,0.055,1.36,15.37,11.264,observed,A,93.0,3
C-S2-PUN,S2,PUN,K01,afternoon,1,190.7,149.3,2.545,28.46,710.06,24.946,observed,A,93.0,3
C-S2-PUN,S2,PUN,K01,afternoon,5,179.3,61.2,0.737,10.97,205.5,18.733,observed,A,93.0,3
C-S2-PUN,S2,PUN,K01,afternoon,9,164.0,25.4,0.199,4.16,55.38,13.309,observed,A,93.0,3
C-S2-PUN,S2,PUN,K01,afternoon,13,144.9,11.9,0.069,1.73,19.38,11.199,observed,A,93.0,3
C-S2-PUN,S2,PUN,K01,evening,1,188.9,125.5,2.14,23.71,597.06,25.186,observed,A,93.0,3
C-S2-PUN,S2,PUN,K01,evening,5,177.6,51.5,0.619,9.14,172.79,18.913,observed,A,93.0,3
C-S2-PUN,S2,PUN,K01,evening,9,162.4,21.3,0.167,3.47,46.57,13.437,observed,A,93.0,3
C-S2-PUN,S2,PUN,K01,evening,13,143.6,10.0,0.058,1.44,16.3,11.306,observed,A,93.0,3
C-S2-PUN,S2,PUN,K05,night,1,309.5,60.9,0.445,18.84,124.27,6.595,observed,A,65.0,2
C-S2-PUN,S2,PUN,K05,night,5,290.9,25.0,0.129,7.26,35.97,4.952,observed,A,65.0,2
C-S2-PUN,S2,PUN,K05,night,9,266.1,10.4,0.035,2.75,9.69,3.519,observed,A,65.0,2
C-S2-PUN,S2,PUN,K05,night,13,235.2,4.9,0.012,1.15,3.39,2.961,observed,A,65.0,2
C-S2-PUN,S2,PUN,K05,morning,1,299.2,156.0,1.141,46.68,318.48,6.822,observed,A,65.0,2
C-S2-PUN,S2,PUN,K05,morning,5,281.2,64.0,0.33,17.99,92.17,5.123,observed,A,65.0,2
C-S2-PUN,S2,PUN,K05,morning,9,257.3,26.5,0.089,6.82,24.84,3.64,observed,A,65.0,2
C-S2-PUN,S2,PUN,K05,morning,13,227.4,12.5,0.031,2.84,8.69,3.063,observed,A,65.0,2
C-S2-PUN,S2,PUN,K05,afternoon,1,297.0,196.7,1.439,58.43,401.51,6.872,observed,A,65.0,2
C-S2-PUN,S2,PUN,K05,afternoon,5,279.2,80.7,0.416,22.52,116.2,5.16,observed,A,65.0,2
C-S2-PUN,S2,PUN,K05,afternoon,9,255.4,33.4,0.112,8.54,31.32,3.666,observed,A,65.0,2
C-S2-PUN,S2,PUN,K05,afternoon,13,225.7,15.7,0.039,3.55,10.96,3.085,observed,A,65.0,2
C-S2-PUN,S2,PUN,K05,evening,1,293.5,176.8,1.293,51.89,360.83,6.953,observed,A,65.0,2
C-S2-PUN,S2,PUN,K05,evening,5,275.9,72.5,0.374,20.0,104.43,5.221,observed,A,65.0,2
C-S2-PUN,S2,PUN,K05,evening,9,252.4,30.1,0.101,7.59,28.14,3.71,observed,A,65.0,2
C-S2-PUN,S2,PUN,K05,evening,13,223.1,14.1,0.035,3.16,9.85,3.121,observed,A,65.0,2
C-S2-PUN,S2,PUN,K06,night,1,351.4,21.8,0.098,7.66,27.27,3.563,observed,B,13.0,3
C-S2-PUN,S2,PUN,K06,night,5,330.4,8.9,0.028,2.95,7.89,2.675,observed,B,13.0,3
C-S2-PUN,S2,PUN,K06,night,9,302.2,3.7,0.008,1.12,2.13,1.901,observed,B,13.0,3
C-S2-PUN,S2,PUN,K06,night,13,267.1,1.7,0.003,0.47,0.74,1.599,observed,B,13.0,3
C-S2-PUN,S2,PUN,K06,morning,1,346.1,73.4,0.329,25.4,91.88,3.618,observed,B,13.0,3
C-S2-PUN,S2,PUN,K06,morning,5,325.3,30.1,0.095,9.79,26.59,2.717,observed,B,13.0,3
C-S2-PUN,S2,PUN,K06,morning,9,297.6,12.5,0.026,3.71,7.17,1.93,observed,B,13.0,3
C-S2-PUN,S2,PUN,K06,morning,13,263.0,5.9,0.009,1.54,2.51,1.624,observed,B,13.0,3
C-S2-PUN,S2,PUN,K06,afternoon,1,345.1,93.5,0.42,32.26,117.05,3.629,observed,B,13.0,3
C-S2-PUN,S2,PUN,K06,afternoon,5,324.4,38.3,0.121,12.43,33.88,2.725,observed,B,13.0,3
C-S2-PUN,S2,PUN,K06,afternoon,9,296.8,15.9,0.033,4.72,9.13,1.936,observed,B,13.0,3
C-S2-PUN,S2,PUN,K06,afternoon,13,262.2,7.5,0.011,1.96,3.19,1.629,observed,B,13.0,3
C-S2-PUN,S2,PUN,K06,evening,1,344.0,74.0,0.332,25.46,92.69,3.64,observed,B,13.0,3
C-S2-PUN,S2,PUN,K06,evening,5,323.3,30.4,0.096,9.81,26.83,2.734,observed,B,13.0,3
C-S2-PUN,S2,PUN,K06,evening,9,295.8,12.6,0.026,3.72,7.23,1.942,observed,B,13.0,3
C-S2-PUN,S2,PUN,K06,evening,13,261.4,5.9,0.009,1.55,2.53,1.634,observed,B,13.0,3
C-S2-PUN,S2,PUN,K10,night,1,365.1,22.3,0.043,8.14,11.86,1.458,observed,B,11.0,1
C-S2-PUN,S2,PUN,K10,night,5,343.2,9.1,0.012,3.14,3.43,1.095,observed,B,11.0,1
C-S2-PUN,S2,PUN,K10,night,9,314.0,3.8,0.003,1.19,0.93,0.778,observed,B,11.0,1
C-S2-PUN,S2,PUN,K10,night,13,277.5,1.8,0.001,0.49,0.32,0.654,observed,B,11.0,1
C-S2-PUN,S2,PUN,K10,morning,1,360.3,69.4,0.132,25.01,36.94,1.477,observed,B,11.0,2
C-S2-PUN,S2,PUN,K10,morning,5,338.7,28.5,0.038,9.64,10.69,1.109,observed,B,11.0,2
C-S2-PUN,S2,PUN,K10,morning,9,309.9,11.8,0.01,3.66,2.88,0.788,observed,B,11.0,2
C-S2-PUN,S2,PUN,K10,morning,13,273.8,5.6,0.004,1.52,1.01,0.663,observed,B,11.0,2
C-S2-PUN,S2,PUN,K10,afternoon,1,360.2,92.3,0.176,33.23,49.1,1.477,observed,B,11.0,2
C-S2-PUN,S2,PUN,K10,afternoon,5,338.6,37.8,0.051,12.81,14.21,1.109,observed,B,11.0,2
C-S2-PUN,S2,PUN,K10,afternoon,9,309.8,15.7,0.014,4.86,3.83,0.788,observed,B,11.0,2
C-S2-PUN,S2,PUN,K10,afternoon,13,273.8,7.4,0.005,2.02,1.34,0.663,observed,B,11.0,2
C-S2-PUN,S2,PUN,K10,evening,1,358.3,72.5,0.138,25.97,38.57,1.485,observed,B,11.0,2
C-S2-PUN,S2,PUN,K10,evening,5,336.8,29.7,0.04,10.01,11.16,1.115,observed,B,11.0,2
C-S2-PUN,S2,PUN,K10,evening,9,308.2,12.3,0.011,3.8,3.01,0.792,observed,B,11.0,2
C-S2-PUN,S2,PUN,K10,evening,13,272.3,5.8,0.004,1.58,1.05,0.667,observed,B,11.0,2
C-S3-DEL,S3,DEL,K01,night,1,197.1,190.9,2.933,37.63,436.99,11.612,observed,A,628.0,1
C-S3-DEL,S3,DEL,K01,night,5,185.3,78.3,0.849,14.5,126.47,8.72,observed,A,628.0,1
C-S3-DEL,S3,DEL,K01,night,9,169.5,32.5,0.229,5.5,34.09,6.195,observed,A,628.0,1
C-S3-DEL,S3,DEL,K01,night,13,149.8,15.3,0.08,2.29,11.93,5.213,observed,A,628.0,1
C-S3-DEL,S3,DEL,K01,morning,1,197.8,449.2,6.899,88.84,1027.99,11.572,observed,A,628.0,1
C-S3-DEL,S3,DEL,K01,morning,5,185.9,184.2,1.997,34.24,297.51,8.69,observed,A,628.0,1
C-S3-DEL,S3,DEL,K01,morning,9,170.1,76.4,0.538,12.99,80.18,6.174,observed,A,628.0,1
C-S3-DEL,S3,DEL,K01,morning,13,150.3,35.9,0.188,5.4,28.06,5.195,observed,A,628.0,1
C-S3-DEL,S3,DEL,K01,afternoon,1,198.5,577.2,8.866,114.6,1320.98,11.526,observed,A,628.0,1
C-S3-DEL,S3,DEL,K01,afternoon,5,186.6,236.7,2.566,44.17,382.31,8.656,observed,A,628.0,1
C-S3-DEL,S3,DEL,K01,afternoon,9,170.7,98.1,0.692,16.76,103.04,6.15,observed,A,628.0,1
C-S3-DEL,S3,DEL,K01,afternoon,13,150.9,46.2,0.242,6.97,36.05,5.174,observed,A,628.0,1
C-S3-DEL,S3,DEL,K01,evening,1,196.6,501.8,7.707,98.64,1148.38,11.642,observed,A,628.0,1
C-S3-DEL,S3,DEL,K01,evening,5,184.8,205.7,2.231,38.02,332.35,8.742,observed,A,628.0,1
C-S3-DEL,S3,DEL,K01,evening,9,169.1,85.3,0.601,14.42,89.57,6.211,observed,A,628.0,1
C-S3-DEL,S3,DEL,K01,evening,13,149.4,40.1,0.21,6.0,31.34,5.226,observed,A,628.0,1
C-S3-DEL,S3,DEL,K02,night,1,212.1,65.6,1.641,13.91,244.56,17.583,observed,A,293.0,2
C-S3-DEL,S3,DEL,K02,night,5,199.4,26.9,0.475,5.36,70.78,13.203,observed,A,293.0,2
C-S3-DEL,S3,DEL,K02,night,9,182.4,11.1,0.128,2.03,19.08,9.381,observed,A,293.0,2
C-S3-DEL,S3,DEL,K02,night,13,161.2,5.2,0.045,0.85,6.68,7.893,observed,A,293.0,2
C-S3-DEL,S3,DEL,K02,morning,1,207.9,160.5,4.017,33.37,598.5,17.936,observed,A,293.0,2
C-S3-DEL,S3,DEL,K02,morning,5,195.5,65.8,1.162,12.86,173.21,13.469,observed,A,293.0,2
C-S3-DEL,S3,DEL,K02,morning,9,178.8,27.3,0.313,4.88,46.68,9.569,observed,A,293.0,2
C-S3-DEL,S3,DEL,K02,morning,13,158.0,12.8,0.11,2.03,16.34,8.052,observed,A,293.0,2
C-S3-DEL,S3,DEL,K02,afternoon,1,206.3,204.5,5.118,42.19,762.63,18.077,observed,A,293.0,2
C-S3-DEL,S3,DEL,K02,afternoon,5,193.9,83.8,1.481,16.26,220.71,13.575,observed,A,293.0,2
C-S3-DEL,S3,DEL,K02,afternoon,9,177.4,34.8,0.399,6.17,59.49,9.644,observed,A,293.0,2
C-S3-DEL,S3,DEL,K02,afternoon,13,156.8,16.4,0.14,2.57,20.82,8.115,observed,A,293.0,2
C-S3-DEL,S3,DEL,K02,evening,1,202.6,182.7,4.574,37.02,681.49,18.409,observed,A,293.0,2
C-S3-DEL,S3,DEL,K02,evening,5,190.4,74.9,1.324,14.27,197.23,13.824,observed,A,293.0,2
C-S3-DEL,S3,DEL,K02,evening,9,174.2,31.1,0.357,5.41,53.16,9.822,observed,A,293.0,2
C-S3-DEL,S3,DEL,K02,evening,13,154.0,14.6,0.125,2.25,18.6,8.264,observed,A,293.0,2
C-S3-DEL,S3,DEL,K03,night,1,285.4,888.6,5.36,253.63,798.59,3.149,observed,A,671.0,2
C-S3-DEL,S3,DEL,K03,night,5,268.3,364.3,1.551,97.75,231.12,2.364,observed,A,671.0,2
C-S3-DEL,S3,DEL,K03,night,9,245.5,151.1,0.418,37.08,62.29,1.68,observed,A,671.0,2
C-S3-DEL,S3,DEL,K03,night,13,216.9,71.1,0.146,15.42,21.8,1.413,observed,A,671.0,2
C-S3-DEL,S3,DEL,K03,morning,1,278.3,2097.5,12.651,583.73,1885.05,3.229,observed,A,671.0,2
C-S3-DEL,S3,DEL,K03,morning,5,261.6,860.0,3.661,224.97,545.55,2.425,observed,A,671.0,2
C-S3-DEL,S3,DEL,K03,morning,9,239.3,356.6,0.987,85.34,147.03,1.723,observed,A,671.0,2
C-S3-DEL,S3,DEL,K03,morning,13,211.5,167.8,0.345,35.49,51.45,1.45,observed,A,671.0,2
C-S3-DEL,S3,DEL,K03,afternoon,1,282.0,2515.2,15.17,709.38,2260.38,3.186,observed,A,671.0,2
C-S3-DEL,S3,DEL,K03,afternoon,5,265.1,1031.2,4.39,273.4,654.18,2.393,observed,A,671.0,2
C-S3-DEL,S3,DEL,K03,afternoon,9,242.6,427.6,1.183,103.71,176.31,1.7,observed,A,671.0,2
C-S3-DEL,S3,DEL,K03,afternoon,13,214.4,201.2,0.414,43.13,61.7,1.43,observed,A,671.0,2
C-S3-DEL,S3,DEL,K03,evening,1,279.2,2401.1,14.482,670.31,2157.86,3.219,observed,A,671.0,2
C-S3-DEL,S3,DEL,K03,evening,5,262.4,984.4,4.191,258.34,624.51,2.417,observed,A,671.0,2
C-S3-DEL,S3,DEL,K03,evening,9,240.1,408.2,1.13,98.0,168.31,1.718,observed,A,671.0,2
C-S3-DEL,S3,DEL,K03,evening,13,212.2,192.1,0.395,40.75,58.9,1.445,observed,A,671.0,2
C-S3-DEL,S3,DEL,K04,night,1,278.8,243.2,1.881,67.82,280.29,4.133,observed,A,300.0,2
C-S3-DEL,S3,DEL,K04,night,5,262.1,99.7,0.544,26.14,81.12,3.104,observed,A,300.0,2
C-S3-DEL,S3,DEL,K04,night,9,239.8,41.3,0.147,9.91,21.86,2.205,observed,A,300.0,2
C-S3-DEL,S3,DEL,K04,night,13,211.9,19.5,0.051,4.12,7.65,1.855,observed,A,300.0,2
C-S3-DEL,S3,DEL,K04,morning,1,273.2,547.7,4.236,149.61,631.19,4.219,observed,A,300.0,2
C-S3-DEL,S3,DEL,K04,morning,5,256.8,224.6,1.226,57.66,182.67,3.168,observed,A,300.0,2
C-S3-DEL,S3,DEL,K04,morning,9,234.9,93.1,0.33,21.87,49.23,2.251,observed,A,300.0,2
C-S3-DEL,S3,DEL,K04,morning,13,207.6,43.8,0.116,9.1,17.23,1.894,observed,A,300.0,2
C-S3-DEL,S3,DEL,K04,afternoon,1,270.1,708.2,5.478,191.27,816.17,4.267,observed,A,300.0,2
C-S3-DEL,S3,DEL,K04,afternoon,5,253.9,290.4,1.585,73.72,236.21,3.204,observed,A,300.0,2
C-S3-DEL,S3,DEL,K04,afternoon,9,232.3,120.4,0.427,27.96,63.66,2.277,observed,A,300.0,2
C-S3-DEL,S3,DEL,K04,afternoon,13,205.3,56.7,0.15,11.63,22.28,1.916,observed,A,300.0,2
C-S3-DEL,S3,DEL,K04,evening,1,268.9,650.0,5.028,174.82,749.11,4.285,observed,A,300.0,2
C-S3-DEL,S3,DEL,K04,evening,5,252.8,266.5,1.455,67.37,216.8,3.218,observed,A,300.0,2
C-S3-DEL,S3,DEL,K04,evening,9,231.3,110.5,0.392,25.56,58.43,2.286,observed,A,300.0,2
C-S3-DEL,S3,DEL,K04,evening,13,204.4,52.0,0.137,10.63,20.45,1.924,observed,A,300.0,2
C-S3-DEL,S3,DEL,K09,night,1,416.9,208.5,0.48,86.92,71.56,0.823,observed,A,93.0,2
C-S3-DEL,S3,DEL,K09,night,5,391.9,85.5,0.139,33.5,20.71,0.618,observed,A,93.0,2
C-S3-DEL,S3,DEL,K09,night,9,358.6,35.4,0.037,12.71,5.58,0.439,observed,A,93.0,2
C-S3-DEL,S3,DEL,K09,night,13,316.9,16.7,0.013,5.29,1.95,0.37,observed,A,93.0,2
C-S3-DEL,S3,DEL,K09,morning,1,408.0,504.5,1.162,205.82,173.17,0.841,observed,A,93.0,2
C-S3-DEL,S3,DEL,K09,morning,5,383.5,206.8,0.336,79.32,50.12,0.632,observed,A,93.0,2
C-S3-DEL,S3,DEL,K09,morning,9,350.8,85.8,0.091,30.09,13.51,0.449,observed,A,93.0,2
C-S3-DEL,S3,DEL,K09,morning,13,310.1,40.4,0.032,12.51,4.73,0.378,observed,A,93.0,2
C-S3-DEL,S3,DEL,K09,afternoon,1,409.0,602.7,1.388,246.53,206.88,0.839,observed,A,93.0,2
C-S3-DEL,S3,DEL,K09,afternoon,5,384.5,247.1,0.402,95.01,59.87,0.63,observed,A,93.0,2
C-S3-DEL,S3,DEL,K09,afternoon,9,351.8,102.5,0.108,36.04,16.14,0.448,observed,A,93.0,2
C-S3-DEL,S3,DEL,K09,afternoon,13,310.9,48.2,0.038,14.99,5.65,0.377,observed,A,93.0,2
C-S3-DEL,S3,DEL,K09,evening,1,404.9,546.1,1.258,221.13,187.46,0.848,observed,A,93.0,2
C-S3-DEL,S3,DEL,K09,evening,5,380.6,223.9,0.364,85.22,54.25,0.637,observed,A,93.0,2
C-S3-DEL,S3,DEL,K09,evening,9,348.2,92.8,0.098,32.33,14.62,0.452,observed,A,93.0,2
C-S3-DEL,S3,DEL,K09,evening,13,307.7,43.7,0.034,13.44,5.12,0.381,observed,A,93.0,2
C-S3-MUM,S3,MUM,K01,night,1,231.5,99.9,1.661,23.12,247.51,10.703,observed,A,63.0,7
C-S3-MUM,S3,MUM,K01,night,5,217.6,41.0,0.481,8.91,71.63,8.038,observed,A,63.0,7
C-S3-MUM,S3,MUM,K01,night,9,199.1,17.0,0.13,3.38,19.31,5.71,observed,A,63.0,7
C-S3-MUM,S3,MUM,K01,night,13,175.9,8.0,0.045,1.41,6.76,4.805,observed,A,63.0,7
C-S3-MUM,S3,MUM,K01,morning,1,234.9,201.7,3.354,47.38,499.69,10.546,observed,A,63.0,7
C-S3-MUM,S3,MUM,K01,morning,5,220.8,82.7,0.971,18.26,144.62,7.919,observed,A,63.0,7
C-S3-MUM,S3,MUM,K01,morning,9,202.0,34.3,0.262,6.93,38.98,5.626,observed,A,63.0,7
C-S3-MUM,S3,MUM,K01,morning,13,178.5,16.1,0.092,2.88,13.64,4.734,observed,A,63.0,7
C-S3-MUM,S3,MUM,K01,afternoon,1,236.1,253.2,4.21,59.78,627.33,10.494,observed,A,63.0,7
C-S3-MUM,S3,MUM,K01,afternoon,5,221.9,103.8,1.219,23.04,181.56,7.88,observed,A,63.0,7
C-S3-MUM,S3,MUM,K01,afternoon,9,203.0,43.0,0.328,8.74,48.93,5.598,observed,A,63.0,7
C-S3-MUM,S3,MUM,K01,afternoon,13,179.4,20.3,0.115,3.63,17.12,4.711,observed,A,63.0,7
C-S3-MUM,S3,MUM,K01,evening,1,230.0,298.6,4.965,68.68,739.73,10.771,observed,A,63.0,5
C-S3-MUM,S3,MUM,K01,evening,5,216.2,122.4,1.437,26.47,214.09,8.088,observed,A,63.0,5
C-S3-MUM,S3,MUM,K01,evening,9,197.8,50.8,0.387,10.04,57.7,5.746,observed,A,63.0,5
C-S3-MUM,S3,MUM,K01,evening,13,174.8,23.9,0.136,4.18,20.19,4.835,observed,A,63.0,5
C-S3-MUM,S3,MUM,K02,night,1,240.9,49.0,1.25,11.82,186.18,15.756,observed,A,224.0,1
C-S3-MUM,S3,MUM,K02,night,5,226.5,20.1,0.362,4.55,53.88,11.832,observed,A,224.0,1
C-S3-MUM,S3,MUM,K02,night,9,207.2,8.3,0.097,1.73,14.52,8.406,observed,A,224.0,1
C-S3-MUM,S3,MUM,K02,night,13,183.1,3.9,0.034,0.72,5.08,7.073,observed,A,224.0,1
C-S3-MUM,S3,MUM,K02,morning,1,239.0,110.2,2.808,26.34,418.34,15.882,observed,A,224.0,2
C-S3-MUM,S3,MUM,K02,morning,5,224.7,45.2,0.813,10.15,121.07,11.926,observed,A,224.0,2
C-S3-MUM,S3,MUM,K02,morning,9,205.6,18.7,0.219,3.85,32.63,8.473,observed,A,224.0,2
C-S3-MUM,S3,MUM,K02,morning,13,181.7,8.8,0.077,1.6,11.42,7.13,observed,A,224.0,2
C-S3-MUM,S3,MUM,K02,afternoon,1,237.8,135.6,3.455,32.25,514.74,15.962,observed,A,224.0,2
C-S3-MUM,S3,MUM,K02,afternoon,5,223.6,55.6,1.0,12.43,148.97,11.987,observed,A,224.0,2
C-S3-MUM,S3,MUM,K02,afternoon,9,204.5,23.0,0.269,4.71,40.15,8.516,observed,A,224.0,2
C-S3-MUM,S3,MUM,K02,afternoon,13,180.8,10.8,0.094,1.96,14.05,7.166,observed,A,224.0,2
C-S3-MUM,S3,MUM,K02,evening,1,234.7,141.3,3.601,33.17,536.51,16.175,observed,A,224.0,2
C-S3-MUM,S3,MUM,K02,evening,5,220.6,57.9,1.042,12.78,155.27,12.146,observed,A,224.0,2
C-S3-MUM,S3,MUM,K02,evening,9,201.9,24.0,0.281,4.85,41.85,8.629,observed,A,224.0,2
C-S3-MUM,S3,MUM,K02,evening,13,178.4,11.3,0.098,2.02,14.64,7.261,observed,A,224.0,2
C-S3-MUM,S3,MUM,K03,night,1,343.0,553.4,3.298,189.78,491.47,2.59,observed,A,245.0,4
C-S3-MUM,S3,MUM,K03,night,5,322.4,226.9,0.955,73.14,142.24,1.945,observed,A,245.0,4
C-S3-MUM,S3,MUM,K03,night,9,294.9,94.1,0.257,27.75,38.33,1.382,observed,A,245.0,4
C-S3-MUM,S3,MUM,K03,night,13,260.6,44.3,0.09,11.54,13.41,1.163,observed,A,245.0,4
C-S3-MUM,S3,MUM,K03,morning,1,336.5,1156.9,6.896,389.32,1027.53,2.639,observed,A,245.0,4
C-S3-MUM,S3,MUM,K03,morning,5,316.3,474.3,1.996,150.04,297.38,1.982,observed,A,245.0,4
C-S3-MUM,S3,MUM,K03,morning,9,289.4,196.7,0.538,56.92,80.15,1.408,observed,A,245.0,4
C-S3-MUM,S3,MUM,K03,morning,13,255.7,92.6,0.188,23.67,28.05,1.185,observed,A,245.0,4
C-S3-MUM,S3,MUM,K03,afternoon,1,336.2,1323.8,7.891,445.04,1175.73,2.642,observed,A,245.0,4
C-S3-MUM,S3,MUM,K03,afternoon,5,316.0,542.8,2.284,171.52,340.27,1.984,observed,A,245.0,4
C-S3-MUM,S3,MUM,K03,afternoon,9,289.1,225.0,0.615,65.07,91.71,1.409,observed,A,245.0,4
C-S3-MUM,S3,MUM,K03,afternoon,13,255.5,105.9,0.215,27.06,32.09,1.186,observed,A,245.0,4
C-S3-MUM,S3,MUM,K03,evening,1,334.5,1445.7,8.618,483.57,1284.02,2.655,observed,A,245.0,4
C-S3-MUM,S3,MUM,K03,evening,5,314.4,592.8,2.494,186.37,371.61,1.994,observed,A,245.0,4
C-S3-MUM,S3,MUM,K03,evening,9,287.7,245.8,0.672,70.7,100.15,1.417,observed,A,245.0,4
C-S3-MUM,S3,MUM,K03,evening,13,254.2,115.7,0.235,29.4,35.05,1.192,observed,A,245.0,4
C-S3-MUM,S3,MUM,K04,night,1,324.7,178.1,1.069,57.84,159.23,2.753,observed,A,169.0,2
C-S3-MUM,S3,MUM,K04,night,5,305.3,73.0,0.309,22.29,46.08,2.067,observed,A,169.0,2
C-S3-MUM,S3,MUM,K04,night,9,279.3,30.3,0.083,8.46,12.42,1.469,observed,A,169.0,2
C-S3-MUM,S3,MUM,K04,night,13,246.8,14.2,0.029,3.52,4.35,1.236,observed,A,169.0,2
C-S3-MUM,S3,MUM,K04,morning,1,320.4,377.5,2.265,120.98,337.52,2.79,observed,A,169.0,2
C-S3-MUM,S3,MUM,K04,morning,5,301.2,154.8,0.656,46.62,97.68,2.095,observed,A,169.0,2
C-S3-MUM,S3,MUM,K04,morning,9,275.6,64.2,0.177,17.69,26.33,1.488,observed,A,169.0,2
C-S3-MUM,S3,MUM,K04,morning,13,243.5,30.2,0.062,7.36,9.21,1.252,observed,A,169.0,2
C-S3-MUM,S3,MUM,K04,afternoon,1,323.0,431.5,2.589,139.36,385.76,2.768,observed,A,169.0,2
C-S3-MUM,S3,MUM,K04,afternoon,5,303.6,176.9,0.749,53.71,111.64,2.079,observed,A,169.0,2
C-S3-MUM,S3,MUM,K04,afternoon,9,277.8,73.4,0.202,20.37,30.09,1.477,observed,A,169.0,2
C-S3-MUM,S3,MUM,K04,afternoon,13,245.5,34.5,0.071,8.47,10.53,1.243,observed,A,169.0,2
C-S3-MUM,S3,MUM,K04,evening,1,316.6,479.7,2.878,151.85,428.85,2.824,observed,A,169.0,2
C-S3-MUM,S3,MUM,K04,evening,5,297.6,196.7,0.833,58.52,124.11,2.121,observed,A,169.0,2
C-S3-MUM,S3,MUM,K04,evening,9,272.2,81.5,0.224,22.2,33.45,1.507,observed,A,169.0,2
C-S3-MUM,S3,MUM,K04,evening,13,240.6,38.4,0.079,9.23,11.71,1.268,observed,A,169.0,2
C-S3-MUM,S3,MUM,K09,night,1,474.8,244.3,0.513,115.99,76.37,0.658,observed,A,98.0,1
C-S3-MUM,S3,MUM,K09,night,5,446.3,100.2,0.148,44.7,22.1,0.494,observed,A,98.0,1
C-S3-MUM,S3,MUM,K09,night,9,408.4,41.5,0.04,16.96,5.96,0.351,observed,A,98.0,1
C-S3-MUM,S3,MUM,K09,night,13,360.9,19.5,0.014,7.05,2.08,0.296,observed,A,98.0,1
C-S3-MUM,S3,MUM,K09,morning,1,477.1,485.2,1.018,231.49,151.69,0.655,observed,A,98.0,1
C-S3-MUM,S3,MUM,K09,morning,5,448.5,198.9,0.295,89.22,43.9,0.492,observed,A,98.0,1
C-S3-MUM,S3,MUM,K09,morning,9,410.3,82.5,0.079,33.84,11.83,0.35,observed,A,98.0,1
C-S3-MUM,S3,MUM,K09,morning,13,362.6,38.8,0.028,14.07,4.14,0.294,observed,A,98.0,1
C-S3-MUM,S3,MUM,K09,afternoon,1,467.5,650.1,1.364,303.91,203.24,0.669,observed,A,98.0,1
C-S3-MUM,S3,MUM,K09,afternoon,5,439.4,266.5,0.395,117.13,58.82,0.502,observed,A,98.0,1
C-S3-MUM,S3,MUM,K09,afternoon,9,402.0,110.5,0.106,44.43,15.85,0.357,observed,A,98.0,1
C-S3-MUM,S3,MUM,K09,afternoon,13,355.3,52.0,0.037,18.48,5.55,0.3,observed,A,98.0,1
C-S3-MUM,S3,MUM,K09,evening,1,471.7,648.6,1.361,305.96,202.77,0.663,observed,A,98.0,1
C-S3-MUM,S3,MUM,K09,evening,5,443.4,265.9,0.394,117.92,58.68,0.498,observed,A,98.0,1
C-S3-MUM,S3,MUM,K09,evening,9,405.7,110.3,0.106,44.73,15.82,0.354,observed,A,98.0,1
C-S3-MUM,S3,MUM,K09,evening,13,358.5,51.9,0.037,18.6,5.53,0.298,observed,A,98.0,1
C-S3-BLR,S3,BLR,K01,night,1,225.2,82.3,1.26,18.53,187.75,10.13,observed,A,28.0,8
C-S3-BLR,S3,BLR,K01,night,5,211.7,33.7,0.365,7.14,54.34,7.607,observed,A,28.0,8
C-S3-BLR,S3,BLR,K01,night,9,193.7,14.0,0.098,2.71,14.64,5.404,observed,A,28.0,8
C-S3-BLR,S3,BLR,K01,night,13,171.1,6.6,0.034,1.13,5.12,4.547,observed,A,28.0,8
C-S3-BLR,S3,BLR,K01,morning,1,233.6,196.5,3.009,45.9,448.29,9.766,observed,A,28.0,8
C-S3-BLR,S3,BLR,K01,morning,5,219.6,80.6,0.871,17.69,129.74,7.334,observed,A,28.0,8
C-S3-BLR,S3,BLR,K01,morning,9,200.9,33.4,0.235,6.71,34.97,5.21,observed,A,28.0,8
C-S3-BLR,S3,BLR,K01,morning,13,177.5,15.7,0.082,2.79,12.24,4.384,observed,A,28.0,8
C-S3-BLR,S3,BLR,K01,afternoon,1,236.2,241.4,3.696,57.02,550.66,9.657,observed,A,28.0,7
C-S3-BLR,S3,BLR,K01,afternoon,5,222.0,99.0,1.07,21.98,159.37,7.252,observed,A,28.0,7
C-S3-BLR,S3,BLR,K01,afternoon,9,203.1,41.0,0.288,8.34,42.95,5.152,observed,A,28.0,7
C-S3-BLR,S3,BLR,K01,afternoon,13,179.5,19.3,0.101,3.47,15.03,4.335,observed,A,28.0,7
C-S3-BLR,S3,BLR,K01,evening,1,226.9,215.5,3.299,48.89,491.62,10.055,truncated,A,28.0,7
C-S3-BLR,S3,BLR,K01,evening,5,213.2,88.4,0.955,18.84,142.28,7.551,truncated,A,28.0,7
C-S3-BLR,S3,BLR,K01,evening,9,195.1,36.6,0.257,7.15,38.35,5.364,truncated,A,28.0,7
C-S3-BLR,S3,BLR,K01,evening,13,172.4,17.2,0.09,2.97,13.42,4.514,truncated,A,28.0,7
C-S3-BLR,S3,BLR,K02,night,1,231.7,32.8,0.858,7.61,127.84,16.802,observed,A,170.0,1
C-S3-BLR,S3,BLR,K02,night,5,217.8,13.5,0.248,2.93,37.0,12.617,observed,A,170.0,1
C-S3-BLR,S3,BLR,K02,night,9,199.2,5.6,0.067,1.11,9.97,8.964,observed,A,170.0,1
C-S3-BLR,S3,BLR,K02,night,13,176.1,2.6,0.023,0.46,3.49,7.543,observed,A,170.0,1
C-S3-BLR,S3,BLR,K02,morning,1,229.3,96.4,2.518,22.1,375.13,16.972,observed,A,170.0,1
C-S3-BLR,S3,BLR,K02,morning,5,215.6,39.5,0.729,8.52,108.57,12.745,observed,A,170.0,1
C-S3-BLR,S3,BLR,K02,morning,9,197.2,16.4,0.196,3.23,29.26,9.055,observed,A,170.0,1
C-S3-BLR,S3,BLR,K02,morning,13,174.3,7.7,0.069,1.34,10.24,7.619,observed,A,170.0,1
C-S3-BLR,S3,BLR,K02,afternoon,1,230.9,127.1,3.32,29.35,494.65,16.855,observed,A,170.0,1
C-S3-BLR,S3,BLR,K02,afternoon,5,217.1,52.1,0.961,11.31,143.16,12.657,observed,A,170.0,1
C-S3-BLR,S3,BLR,K02,afternoon,9,198.6,21.6,0.259,4.29,38.58,8.993,observed,A,170.0,1
C-S3-BLR,S3,BLR,K02,afternoon,13,175.5,10.2,0.091,1.78,13.5,7.567,observed,A,170.0,1
C-S3-BLR,S3,BLR,K02,evening,1,233.0,74.2,1.939,17.29,288.97,16.709,truncated,A,170.0,1
C-S3-BLR,S3,BLR,K02,evening,5,219.0,30.4,0.561,6.67,83.63,12.547,truncated,A,170.0,1
C-S3-BLR,S3,BLR,K02,evening,9,200.4,12.6,0.151,2.53,22.54,8.914,truncated,A,170.0,1
C-S3-BLR,S3,BLR,K02,evening,13,177.1,5.9,0.053,1.05,7.89,7.501,truncated,A,170.0,1
C-S3-BLR,S3,BLR,K03,night,1,328.9,499.1,2.661,164.18,396.45,2.415,observed,A,174.0,4
C-S3-BLR,S3,BLR,K03,night,5,309.2,204.6,0.77,63.27,114.74,1.813,observed,A,174.0,4
C-S3-BLR,S3,BLR,K03,night,9,282.9,84.9,0.208,24.0,30.92,1.288,observed,A,174.0,4
C-S3-BLR,S3,BLR,K03,night,13,250.0,39.9,0.073,9.98,10.82,1.084,observed,A,174.0,4
C-S3-BLR,S3,BLR,K03,morning,1,321.1,1150.6,6.134,369.45,913.9,2.474,observed,A,174.0,4
C-S3-BLR,S3,BLR,K03,morning,5,301.8,471.7,1.775,142.39,264.49,1.858,observed,A,174.0,4
C-S3-BLR,S3,BLR,K03,morning,9,276.1,195.6,0.478,54.01,71.28,1.32,observed,A,174.0,4
C-S3-BLR,S3,BLR,K03,morning,13,244.0,92.0,0.167,22.46,24.94,1.11,observed,A,174.0,4
C-S3-BLR,S3,BLR,K03,afternoon,1,320.0,1425.1,7.597,456.03,1131.94,2.482,observed,A,174.0,4
C-S3-BLR,S3,BLR,K03,afternoon,5,300.8,584.3,2.199,175.75,327.6,1.864,observed,A,174.0,4
C-S3-BLR,S3,BLR,K03,afternoon,9,275.2,242.3,0.593,66.67,88.29,1.324,observed,A,174.0,4
C-S3-BLR,S3,BLR,K03,afternoon,13,243.2,114.0,0.207,27.73,30.9,1.114,observed,A,174.0,4
C-S3-BLR,S3,BLR,K03,evening,1,326.0,1101.6,5.872,359.12,874.95,2.436,truncated,A,174.0,4
C-S3-BLR,S3,BLR,K03,evening,5,306.5,451.6,1.699,138.41,253.22,1.83,truncated,A,174.0,4
C-S3-BLR,S3,BLR,K03,evening,9,280.4,187.3,0.458,52.5,68.25,1.3,truncated,A,174.0,4
C-S3-BLR,S3,BLR,K03,evening,13,247.8,88.1,0.16,21.83,23.88,1.094,truncated,A,174.0,4
C-S3-BLR,S3,BLR,K04,night,1,310.0,97.5,0.642,30.23,95.66,3.164,observed,A,98.0,1
C-S3-BLR,S3,BLR,K04,night,5,291.4,40.0,0.186,11.65,27.69,2.376,observed,A,98.0,1
C-S3-BLR,S3,BLR,K04,night,9,266.6,16.6,0.05,4.42,7.46,1.688,observed,A,98.0,1
C-S3-BLR,S3,BLR,K04,night,13,235.6,7.8,0.018,1.84,2.61,1.42,observed,A,98.0,1
C-S3-BLR,S3,BLR,K04,morning,1,306.5,242.8,1.598,74.39,238.16,3.201,observed,A,98.0,2
C-S3-BLR,S3,BLR,K04,morning,5,288.1,99.5,0.463,28.67,68.93,2.404,observed,A,98.0,2
C-S3-BLR,S3,BLR,K04,morning,9,263.6,41.3,0.125,10.88,18.58,1.708,observed,A,98.0,2
C-S3-BLR,S3,BLR,K04,morning,13,232.9,19.4,0.044,4.52,6.5,1.437,observed,A,98.0,2
C-S3-BLR,S3,BLR,K04,afternoon,1,304.2,298.3,1.964,90.76,292.66,3.225,observed,A,98.0,2
C-S3-BLR,S3,BLR,K04,afternoon,5,286.0,122.3,0.568,34.98,84.7,2.422,observed,A,98.0,2
C-S3-BLR,S3,BLR,K04,afternoon,9,261.6,50.7,0.153,13.27,22.83,1.72,observed,A,98.0,2
C-S3-BLR,S3,BLR,K04,afternoon,13,231.2,23.9,0.054,5.52,7.99,1.448,observed,A,98.0,2
C-S3-BLR,S3,BLR,K04,evening,1,315.0,287.4,1.892,90.51,281.93,3.115,truncated,A,98.0,2
C-S3-BLR,S3,BLR,K04,evening,5,296.1,117.8,0.548,34.88,81.59,2.339,truncated,A,98.0,2
C-S3-BLR,S3,BLR,K04,evening,9,270.9,48.9,0.148,13.23,21.99,1.662,truncated,A,98.0,2
C-S3-BLR,S3,BLR,K04,evening,13,239.4,23.0,0.052,5.5,7.69,1.398,truncated,A,98.0,2
C-S3-BLR,S3,BLR,K09,night,1,437.2,184.5,0.314,80.65,46.8,0.58,observed,A,50.0,1
C-S3-BLR,S3,BLR,K09,night,5,411.0,75.6,0.091,31.08,13.55,0.436,observed,A,50.0,1
C-S3-BLR,S3,BLR,K09,night,9,376.0,31.4,0.025,11.79,3.65,0.31,observed,A,50.0,1
C-S3-BLR,S3,BLR,K09,night,13,332.3,14.8,0.009,4.9,1.28,0.261,observed,A,50.0,1
C-S3-BLR,S3,BLR,K09,morning,1,434.7,431.3,0.734,187.48,109.44,0.584,observed,A,50.0,2
C-S3-BLR,S3,BLR,K09,morning,5,408.6,176.8,0.213,72.25,31.67,0.438,observed,A,50.0,2
C-S3-BLR,S3,BLR,K09,morning,9,373.8,73.3,0.057,27.41,8.54,0.311,observed,A,50.0,2
C-S3-BLR,S3,BLR,K09,morning,13,330.4,34.5,0.02,11.4,2.99,0.262,observed,A,50.0,2
C-S3-BLR,S3,BLR,K09,afternoon,1,433.4,528.0,0.899,228.83,133.98,0.586,observed,A,50.0,2
C-S3-BLR,S3,BLR,K09,afternoon,5,407.4,216.5,0.26,88.19,38.78,0.44,observed,A,50.0,2
C-S3-BLR,S3,BLR,K09,afternoon,9,372.7,89.8,0.07,33.45,10.45,0.312,observed,A,50.0,2
C-S3-BLR,S3,BLR,K09,afternoon,13,329.4,42.2,0.025,13.91,3.66,0.263,observed,A,50.0,2
C-S3-BLR,S3,BLR,K09,evening,1,447.1,311.3,0.53,139.17,78.99,0.568,truncated,A,50.0,2
C-S3-BLR,S3,BLR,K09,evening,5,420.2,127.6,0.153,53.64,22.86,0.426,truncated,A,50.0,2
C-S3-BLR,S3,BLR,K09,evening,9,384.5,52.9,0.041,20.35,6.16,0.303,truncated,A,50.0,2
C-S3-BLR,S3,BLR,K09,evening,13,339.8,24.9,0.014,8.46,2.16,0.255,truncated,A,50.0,2
C-S3-HYD,S3,HYD,K01,night,1,191.0,20.6,0.32,3.94,47.71,12.112,observed,C,7.0,11
C-S3-HYD,S3,HYD,K01,night,5,179.6,8.5,0.093,1.52,13.81,9.096,observed,C,7.0,11
C-S3-HYD,S3,HYD,K01,night,9,164.3,3.5,0.025,0.58,3.72,6.462,observed,C,7.0,11
C-S3-HYD,S3,HYD,K01,night,13,145.2,1.6,0.009,0.24,1.3,5.437,observed,C,7.0,11
C-S3-HYD,S3,HYD,K01,morning,1,196.4,59.5,0.923,11.68,137.58,11.779,observed,C,7.0,9
C-S3-HYD,S3,HYD,K01,morning,5,184.6,24.4,0.267,4.5,39.82,8.845,observed,C,7.0,9
C-S3-HYD,S3,HYD,K01,morning,9,168.9,10.1,0.072,1.71,10.73,6.284,observed,C,7.0,9
C-S3-HYD,S3,HYD,K01,morning,13,149.3,4.8,0.025,0.71,3.76,5.288,observed,C,7.0,9
C-S3-HYD,S3,HYD,K01,afternoon,1,198.4,80.0,1.242,15.87,185.05,11.661,observed,C,7.0,8
C-S3-HYD,S3,HYD,K01,afternoon,5,186.5,32.8,0.359,6.12,53.56,8.756,observed,C,7.0,8
C-S3-HYD,S3,HYD,K01,afternoon,9,170.6,13.6,0.097,2.32,14.43,6.221,observed,C,7.0,8
C-S3-HYD,S3,HYD,K01,afternoon,13,150.8,6.4,0.034,0.96,5.05,5.235,observed,C,7.0,8
C-S3-HYD,S3,HYD,K01,evening,1,195.0,64.8,1.006,12.64,149.89,11.862,observed,C,7.0,9
C-S3-HYD,S3,HYD,K01,evening,5,183.3,26.6,0.291,4.87,43.38,8.908,observed,C,7.0,9
C-S3-HYD,S3,HYD,K01,evening,9,167.7,11.0,0.078,1.85,11.69,6.329,observed,C,7.0,9
C-S3-HYD,S3,HYD,K01,evening,13,148.2,5.2,0.027,0.77,4.09,5.325,observed,C,7.0,9
C-S3-HYD,S3,HYD,K02,night,1,201.7,19.8,0.463,4.0,69.05,17.258,observed,A,120.0,1
C-S3-HYD,S3,HYD,K02,night,5,189.6,8.1,0.134,1.54,19.99,12.96,observed,A,120.0,1
C-S3-HYD,S3,HYD,K02,night,9,173.5,3.4,0.036,0.58,5.39,9.207,observed,A,120.0,1
C-S3-HYD,S3,HYD,K02,night,13,153.3,1.6,0.013,0.24,1.88,7.747,observed,A,120.0,1
C-S3-HYD,S3,HYD,K02,morning,1,200.9,60.6,1.416,12.18,211.0,17.326,observed,A,120.0,1
C-S3-HYD,S3,HYD,K02,morning,5,188.9,24.8,0.41,4.69,61.07,13.01,observed,A,120.0,1
C-S3-HYD,S3,HYD,K02,morning,9,172.8,10.3,0.11,1.78,16.46,9.243,observed,A,120.0,1
C-S3-HYD,S3,HYD,K02,morning,13,152.7,4.8,0.039,0.74,5.76,7.778,observed,A,120.0,1
C-S3-HYD,S3,HYD,K02,afternoon,1,200.1,85.1,1.989,17.03,296.31,17.4,observed,A,120.0,1
C-S3-HYD,S3,HYD,K02,afternoon,5,188.1,34.9,0.576,6.56,85.76,13.066,observed,A,120.0,1
C-S3-HYD,S3,HYD,K02,afternoon,9,172.1,14.5,0.155,2.49,23.11,9.283,observed,A,120.0,1
C-S3-HYD,S3,HYD,K02,afternoon,13,152.1,6.8,0.054,1.04,8.09,7.811,observed,A,120.0,1
C-S3-HYD,S3,HYD,K02,evening,1,196.4,69.2,1.616,13.58,240.76,17.727,observed,A,120.0,1
C-S3-HYD,S3,HYD,K02,evening,5,184.6,28.4,0.468,5.23,69.68,13.312,observed,A,120.0,1
C-S3-HYD,S3,HYD,K02,evening,9,168.9,11.8,0.126,1.99,18.78,9.458,observed,A,120.0,1
C-S3-HYD,S3,HYD,K02,evening,13,149.3,5.5,0.044,0.83,6.57,7.958,observed,A,120.0,1
C-S3-HYD,S3,HYD,K03,night,1,288.9,206.7,1.194,59.71,177.89,2.979,observed,A,71.0,5
C-S3-HYD,S3,HYD,K03,night,5,271.5,84.7,0.346,23.01,51.48,2.237,observed,A,71.0,5
C-S3-HYD,S3,HYD,K03,night,9,248.4,35.1,0.093,8.73,13.88,1.59,observed,A,71.0,5
C-S3-HYD,S3,HYD,K03,night,13,219.5,16.5,0.033,3.63,4.86,1.337,observed,A,71.0,5
C-S3-HYD,S3,HYD,K03,morning,1,273.6,491.6,2.84,134.48,423.1,3.146,observed,A,71.0,5
C-S3-HYD,S3,HYD,K03,morning,5,257.1,201.6,0.822,51.83,122.45,2.363,observed,A,71.0,5
C-S3-HYD,S3,HYD,K03,morning,9,235.3,83.6,0.221,19.66,33.0,1.678,observed,A,71.0,5
C-S3-HYD,S3,HYD,K03,morning,13,207.9,39.3,0.078,8.18,11.55,1.412,observed,A,71.0,5
C-S3-HYD,S3,HYD,K03,afternoon,1,271.8,587.1,3.391,159.55,505.24,3.167,observed,A,71.0,5
C-S3-HYD,S3,HYD,K03,afternoon,5,255.5,240.7,0.981,61.49,146.22,2.378,observed,A,71.0,5
C-S3-HYD,S3,HYD,K03,afternoon,9,233.7,99.8,0.264,23.33,39.41,1.689,observed,A,71.0,5
C-S3-HYD,S3,HYD,K03,afternoon,13,206.6,47.0,0.093,9.7,13.79,1.422,observed,A,71.0,5
C-S3-HYD,S3,HYD,K03,evening,1,272.3,488.0,2.819,132.9,419.96,3.16,observed,A,71.0,5
C-S3-HYD,S3,HYD,K03,evening,5,256.0,200.1,0.816,51.22,121.54,2.373,observed,A,71.0,5
C-S3-HYD,S3,HYD,K03,evening,9,234.2,83.0,0.22,19.43,32.76,1.686,observed,A,71.0,5
C-S3-HYD,S3,HYD,K03,evening,13,207.0,39.0,0.077,8.08,11.46,1.419,observed,A,71.0,5
C-S3-HYD,S3,HYD,K04,night,1,279.8,40.7,0.245,11.39,36.46,3.201,observed,A,25.0,3
C-S3-HYD,S3,HYD,K04,night,5,263.0,16.7,0.071,4.39,10.55,2.404,observed,A,25.0,3
C-S3-HYD,S3,HYD,K04,night,9,240.7,6.9,0.019,1.67,2.84,1.708,observed,A,25.0,3
C-S3-HYD,S3,HYD,K04,night,13,212.7,3.3,0.007,0.69,1.0,1.437,observed,A,25.0,3
C-S3-HYD,S3,HYD,K04,morning,1,267.7,117.8,0.708,31.54,105.53,3.346,observed,A,25.0,4
C-S3-HYD,S3,HYD,K04,morning,5,251.7,48.3,0.205,12.16,30.54,2.512,observed,A,25.0,4
C-S3-HYD,S3,HYD,K04,morning,9,230.3,20.0,0.055,4.61,8.23,1.785,observed,A,25.0,4
C-S3-HYD,S3,HYD,K04,morning,13,203.5,9.4,0.019,1.92,2.88,1.502,observed,A,25.0,4
C-S3-HYD,S3,HYD,K04,afternoon,1,267.7,133.1,0.8,35.63,119.2,3.346,observed,A,25.0,4
C-S3-HYD,S3,HYD,K04,afternoon,5,251.7,54.6,0.232,13.73,34.5,2.512,observed,A,25.0,4
C-S3-HYD,S3,HYD,K04,afternoon,9,230.3,22.6,0.062,5.21,9.3,1.785,observed,A,25.0,4
C-S3-HYD,S3,HYD,K04,afternoon,13,203.5,10.6,0.022,2.17,3.25,1.502,observed,A,25.0,4
C-S3-HYD,S3,HYD,K04,evening,1,262.3,138.2,0.831,36.25,123.82,3.415,observed,A,25.0,4
C-S3-HYD,S3,HYD,K04,evening,5,246.5,56.7,0.241,13.97,35.84,2.565,observed,A,25.0,4
C-S3-HYD,S3,HYD,K04,evening,9,225.6,23.5,0.065,5.3,9.66,1.822,observed,A,25.0,4
C-S3-HYD,S3,HYD,K04,evening,13,199.3,11.1,0.023,2.2,3.38,1.533,observed,A,25.0,4
C-S3-HYD,S3,HYD,K09,night,1,421.9,83.9,0.137,35.42,20.46,0.578,observed,B,15.0,4
C-S3-HYD,S3,HYD,K09,night,5,396.6,34.4,0.04,13.65,5.92,0.434,observed,B,15.0,4
C-S3-HYD,S3,HYD,K09,night,9,362.9,14.3,0.011,5.18,1.6,0.308,observed,B,15.0,4
C-S3-HYD,S3,HYD,K09,night,13,320.7,6.7,0.004,2.15,0.56,0.259,observed,B,15.0,4
C-S3-HYD,S3,HYD,K09,morning,1,424.6,232.2,0.38,98.6,56.61,0.574,observed,B,15.0,4
C-S3-HYD,S3,HYD,K09,morning,5,399.2,95.2,0.11,38.0,16.38,0.431,observed,B,15.0,4
C-S3-HYD,S3,HYD,K09,morning,9,365.2,39.5,0.03,14.42,4.42,0.306,observed,B,15.0,4
C-S3-HYD,S3,HYD,K09,morning,13,322.7,18.6,0.01,6.0,1.55,0.258,observed,B,15.0,4
C-S3-HYD,S3,HYD,K09,afternoon,1,425.6,265.4,0.434,112.95,64.7,0.573,observed,B,15.0,4
C-S3-HYD,S3,HYD,K09,afternoon,5,400.1,108.8,0.126,43.53,18.73,0.43,observed,B,15.0,4
C-S3-HYD,S3,HYD,K09,afternoon,9,366.0,45.1,0.034,16.51,5.05,0.306,observed,B,15.0,4
C-S3-HYD,S3,HYD,K09,afternoon,13,323.5,21.2,0.012,6.87,1.77,0.257,observed,B,15.0,4
C-S3-HYD,S3,HYD,K09,evening,1,422.0,241.7,0.395,101.97,58.91,0.578,observed,B,15.0,4
C-S3-HYD,S3,HYD,K09,evening,5,396.6,99.1,0.114,39.3,17.05,0.434,observed,B,15.0,4
C-S3-HYD,S3,HYD,K09,evening,9,362.9,41.1,0.031,14.91,4.59,0.308,observed,B,15.0,4
C-S3-HYD,S3,HYD,K09,evening,13,320.7,19.3,0.011,6.2,1.61,0.259,observed,B,15.0,4
C-S3-PUN,S3,PUN,K01,night,1,184.2,35.3,0.795,6.5,118.44,18.23,observed,A,33.0,7
C-S3-PUN,S3,PUN,K01,night,5,173.1,14.5,0.23,2.5,34.28,13.69,observed,A,33.0,7
C-S3-PUN,S3,PUN,K01,night,9,158.4,6.0,0.062,0.95,9.24,9.726,observed,A,33.0,7
C-S3-PUN,S3,PUN,K01,night,13,140.0,2.8,0.022,0.4,3.23,8.184,observed,A,33.0,7
C-S3-PUN,S3,PUN,K01,morning,1,190.3,92.1,2.076,17.53,309.3,17.646,observed,A,33.0,7
C-S3-PUN,S3,PUN,K01,morning,5,178.9,37.8,0.601,6.76,89.52,13.251,observed,A,33.0,7
C-S3-PUN,S3,PUN,K01,morning,9,163.7,15.7,0.162,2.56,24.13,9.415,observed,A,33.0,7
C-S3-PUN,S3,PUN,K01,morning,13,144.6,7.4,0.057,1.07,8.44,7.922,observed,A,33.0,7
C-S3-PUN,S3,PUN,K01,afternoon,1,192.2,113.5,2.558,21.82,381.2,17.468,observed,A,33.0,7
C-S3-PUN,S3,PUN,K01,afternoon,5,180.7,46.5,0.74,8.41,110.32,13.117,observed,A,33.0,7
C-S3-PUN,S3,PUN,K01,afternoon,9,165.3,19.3,0.2,3.19,29.73,9.319,observed,A,33.0,7
C-S3-PUN,S3,PUN,K01,afternoon,13,146.1,9.1,0.07,1.33,10.4,7.842,observed,A,33.0,7
C-S3-PUN,S3,PUN,K01,evening,1,188.9,98.5,2.22,18.61,330.75,17.777,observed,A,33.0,7
C-S3-PUN,S3,PUN,K01,evening,5,177.6,40.4,0.642,7.17,95.72,13.349,observed,A,33.0,7
C-S3-PUN,S3,PUN,K01,evening,9,162.4,16.7,0.173,2.72,25.8,9.484,observed,A,33.0,7
C-S3-PUN,S3,PUN,K01,evening,13,143.6,7.9,0.061,1.13,9.03,7.98,observed,A,33.0,7
C-S3-PUN,S3,PUN,K02,night,1,192.9,15.4,0.41,2.98,61.12,20.536,observed,A,105.0,1
C-S3-PUN,S3,PUN,K02,night,5,181.3,6.3,0.119,1.15,17.69,15.421,observed,A,105.0,1
C-S3-PUN,S3,PUN,K02,night,9,165.9,2.6,0.032,0.44,4.77,10.956,observed,A,105.0,1
C-S3-PUN,S3,PUN,K02,night,13,146.6,1.2,0.011,0.18,1.67,9.219,observed,A,105.0,1
C-S3-PUN,S3,PUN,K02,morning,1,191.8,46.4,1.234,8.9,183.8,20.649,observed,A,105.0,1
C-S3-PUN,S3,PUN,K02,morning,5,180.3,19.0,0.357,3.43,53.19,15.506,observed,A,105.0,1
C-S3-PUN,S3,PUN,K02,morning,9,165.0,7.9,0.096,1.3,14.34,11.017,observed,A,105.0,1
C-S3-PUN,S3,PUN,K02,morning,13,145.8,3.7,0.034,0.54,5.02,9.27,observed,A,105.0,1
C-S3-PUN,S3,PUN,K02,afternoon,1,193.5,60.8,1.618,11.77,241.01,20.475,observed,A,105.0,1
C-S3-PUN,S3,PUN,K02,afternoon,5,181.9,24.9,0.468,4.54,69.75,15.375,observed,A,105.0,1
C-S3-PUN,S3,PUN,K02,afternoon,9,166.4,10.3,0.126,1.72,18.8,10.924,observed,A,105.0,1
C-S3-PUN,S3,PUN,K02,afternoon,13,147.0,4.9,0.044,0.72,6.58,9.192,observed,A,105.0,1
C-S3-PUN,S3,PUN,K02,evening,1,189.8,48.4,1.288,9.19,191.91,20.874,observed,A,105.0,1
C-S3-PUN,S3,PUN,K02,evening,5,178.4,19.9,0.373,3.54,55.54,15.675,observed,A,105.0,1
C-S3-PUN,S3,PUN,K02,evening,9,163.2,8.2,0.1,1.34,14.97,11.136,observed,A,105.0,1
C-S3-PUN,S3,PUN,K02,evening,13,144.2,3.9,0.035,0.56,5.24,9.371,observed,A,105.0,1
C-S3-PUN,S3,PUN,K03,night,1,287.5,238.0,1.318,68.42,196.43,2.871,observed,A,251.0,2
C-S3-PUN,S3,PUN,K03,night,5,270.2,97.6,0.382,26.37,56.85,2.156,observed,A,251.0,2
C-S3-PUN,S3,PUN,K03,night,9,247.2,40.5,0.103,10.0,15.32,1.532,observed,A,251.0,2
C-S3-PUN,S3,PUN,K03,night,13,218.5,19.0,0.036,4.16,5.36,1.289,observed,A,251.0,2
C-S3-PUN,S3,PUN,K03,morning,1,289.2,599.9,3.323,173.47,495.09,2.854,observed,A,251.0,2
C-S3-PUN,S3,PUN,K03,morning,5,271.8,246.0,0.962,66.86,143.29,2.143,observed,A,251.0,2
C-S3-PUN,S3,PUN,K03,morning,9,248.7,102.0,0.259,25.36,38.62,1.523,observed,A,251.0,2
C-S3-PUN,S3,PUN,K03,morning,13,219.8,48.0,0.091,10.55,13.51,1.281,observed,A,251.0,2
C-S3-PUN,S3,PUN,K03,afternoon,1,284.6,748.4,4.145,212.99,617.62,2.9,observed,A,251.0,2
C-S3-PUN,S3,PUN,K03,afternoon,5,267.5,306.8,1.2,82.08,178.75,2.178,observed,A,251.0,2
C-S3-PUN,S3,PUN,K03,afternoon,9,244.8,127.2,0.323,31.14,48.17,1.547,observed,A,251.0,2
C-S3-PUN,S3,PUN,K03,afternoon,13,216.3,59.9,0.113,12.95,16.86,1.302,observed,A,251.0,2
C-S3-PUN,S3,PUN,K03,evening,1,284.7,623.5,3.454,177.52,514.57,2.899,observed,A,251.0,2
C-S3-PUN,S3,PUN,K03,evening,5,267.6,255.6,0.999,68.42,148.92,2.177,observed,A,251.0,2
C-S3-PUN,S3,PUN,K03,evening,9,244.9,106.0,0.269,25.95,40.14,1.546,observed,A,251.0,2
C-S3-PUN,S3,PUN,K03,evening,13,216.4,49.9,0.094,10.79,14.04,1.301,observed,A,251.0,2
C-S3-PUN,S3,PUN,K04,night,1,270.4,40.1,0.236,10.84,35.13,3.24,observed,B,24.0,3
C-S3-PUN,S3,PUN,K04,night,5,254.1,16.4,0.068,4.18,10.17,2.433,observed,B,24.0,3
C-S3-PUN,S3,PUN,K04,night,9,232.5,6.8,0.018,1.58,2.74,1.729,observed,B,24.0,3
C-S3-PUN,S3,PUN,K04,night,13,205.5,3.2,0.006,0.66,0.96,1.455,observed,B,24.0,3
C-S3-PUN,S3,PUN,K04,morning,1,264.9,104.0,0.612,27.55,91.12,3.308,observed,B,24.0,3
C-S3-PUN,S3,PUN,K04,morning,5,249.0,42.6,0.177,10.62,26.37,2.484,observed,B,24.0,3
C-S3-PUN,S3,PUN,K04,morning,9,227.8,17.7,0.048,4.03,7.11,1.765,observed,B,24.0,3
C-S3-PUN,S3,PUN,K04,morning,13,201.3,8.3,0.017,1.68,2.49,1.485,observed,B,24.0,3
C-S3-PUN,S3,PUN,K04,afternoon,1,263.5,126.9,0.746,33.44,111.21,3.325,observed,B,24.0,3
C-S3-PUN,S3,PUN,K04,afternoon,5,247.7,52.0,0.216,12.89,32.18,2.497,observed,B,24.0,3
C-S3-PUN,S3,PUN,K04,afternoon,9,226.6,21.6,0.058,4.89,8.67,1.774,observed,B,24.0,3
C-S3-PUN,S3,PUN,K04,afternoon,13,200.2,10.2,0.02,2.03,3.04,1.493,observed,B,24.0,3
C-S3-PUN,S3,PUN,K04,evening,1,260.7,116.8,0.687,30.44,102.3,3.361,observed,B,24.0,3
C-S3-PUN,S3,PUN,K04,evening,5,245.1,47.9,0.199,11.73,29.61,2.524,observed,B,24.0,3
C-S3-PUN,S3,PUN,K04,evening,9,224.2,19.9,0.054,4.45,7.98,1.793,observed,B,24.0,3
C-S3-PUN,S3,PUN,K04,evening,13,198.1,9.3,0.019,1.85,2.79,1.509,observed,B,24.0,3
C-S3-PUN,S3,PUN,K09,night,1,397.3,45.3,0.119,17.98,17.75,0.987,observed,B,21.0,3
C-S3-PUN,S3,PUN,K09,night,5,373.5,18.6,0.034,6.93,5.14,0.741,observed,B,21.0,3
C-S3-PUN,S3,PUN,K09,night,9,341.7,7.7,0.009,2.63,1.38,0.527,observed,B,21.0,3
C-S3-PUN,S3,PUN,K09,night,13,302.0,3.6,0.003,1.09,0.48,0.443,observed,B,21.0,3
C-S3-PUN,S3,PUN,K09,morning,1,396.4,131.5,0.346,52.14,51.6,0.99,observed,B,21.0,3
C-S3-PUN,S3,PUN,K09,morning,5,372.6,53.9,0.1,20.09,14.93,0.743,observed,B,21.0,3
C-S3-PUN,S3,PUN,K09,morning,9,340.9,22.4,0.027,7.62,4.02,0.528,observed,B,21.0,3
C-S3-PUN,S3,PUN,K09,morning,13,301.3,10.5,0.009,3.17,1.41,0.444,observed,B,21.0,3
C-S3-PUN,S3,PUN,K09,afternoon,1,396.6,162.8,0.429,64.57,63.88,0.989,observed,B,21.0,3
C-S3-PUN,S3,PUN,K09,afternoon,5,372.8,66.8,0.124,24.89,18.49,0.743,observed,B,21.0,3
C-S3-PUN,S3,PUN,K09,afternoon,9,341.0,27.7,0.033,9.44,4.98,0.528,observed,B,21.0,3
C-S3-PUN,S3,PUN,K09,afternoon,13,301.4,13.0,0.012,3.93,1.74,0.444,observed,B,21.0,3
C-S3-PUN,S3,PUN,K09,evening,1,394.4,138.8,0.365,54.73,54.44,0.995,observed,B,21.0,3
C-S3-PUN,S3,PUN,K09,evening,5,370.8,56.9,0.106,21.09,15.75,0.747,observed,B,21.0,3
C-S3-PUN,S3,PUN,K09,evening,9,339.2,23.6,0.028,8.0,4.25,0.531,observed,B,21.0,3
C-S3-PUN,S3,PUN,K09,evening,13,299.8,11.1,0.01,3.33,1.49,0.446,observed,B,21.0,3
C-S4-DEL,S4,DEL,K01,night,1,218.8,147.4,2.334,32.25,989.73,30.692,observed,A,85.0,8
C-S4-DEL,S4,DEL,K01,night,5,205.6,60.4,0.676,12.43,286.44,23.048,observed,A,85.0,8
C-S4-DEL,S4,DEL,K01,night,9,188.1,25.1,0.182,4.71,77.2,16.375,observed,A,85.0,8
C-S4-DEL,S4,DEL,K01,night,13,166.3,11.8,0.064,1.96,27.01,13.778,observed,A,85.0,8
C-S4-DEL,S4,DEL,K01,morning,1,230.9,331.9,5.255,76.62,2228.22,29.082,observed,A,85.0,8
C-S4-DEL,S4,DEL,K01,morning,5,217.0,136.1,1.521,29.53,644.87,21.838,observed,A,85.0,8
C-S4-DEL,S4,DEL,K01,morning,9,198.6,56.4,0.41,11.2,173.8,15.515,observed,A,85.0,8
C-S4-DEL,S4,DEL,K01,morning,13,175.5,26.5,0.143,4.66,60.82,13.055,observed,A,85.0,8
C-S4-DEL,S4,DEL,K01,afternoon,1,234.1,430.2,6.812,100.69,2888.28,28.686,observed,A,85.0,7
C-S4-DEL,S4,DEL,K01,afternoon,5,220.0,176.4,1.971,38.8,835.9,21.541,observed,A,85.0,7
C-S4-DEL,S4,DEL,K01,afternoon,9,201.3,73.1,0.531,14.72,225.29,15.304,observed,A,85.0,7
C-S4-DEL,S4,DEL,K01,afternoon,13,177.9,34.4,0.186,6.12,78.83,12.878,observed,A,85.0,7
C-S4-DEL,S4,DEL,K01,evening,1,229.4,449.7,7.122,103.17,3019.54,29.269,observed,A,85.0,6
C-S4-DEL,S4,DEL,K01,evening,5,215.6,184.4,2.061,39.76,873.89,21.979,observed,A,85.0,6
C-S4-DEL,S4,DEL,K01,evening,9,197.3,76.5,0.555,15.08,235.52,15.615,observed,A,85.0,6
C-S4-DEL,S4,DEL,K01,evening,13,174.3,36.0,0.194,6.27,82.42,13.139,observed,A,85.0,6
C-S4-DEL,S4,DEL,K05,night,1,345.9,261.5,1.765,90.45,748.56,8.276,observed,A,155.0,4
C-S4-DEL,S4,DEL,K05,night,5,325.2,107.2,0.511,34.86,216.64,6.215,observed,A,155.0,4
C-S4-DEL,S4,DEL,K05,night,9,297.5,44.5,0.138,13.22,58.39,4.415,observed,A,155.0,4
C-S4-DEL,S4,DEL,K05,night,13,262.9,20.9,0.048,5.5,20.43,3.715,observed,A,155.0,4
C-S4-DEL,S4,DEL,K05,morning,1,337.0,608.3,4.107,204.99,1741.45,8.495,observed,A,155.0,4
C-S4-DEL,S4,DEL,K05,morning,5,316.8,249.4,1.189,79.0,504.0,6.379,observed,A,155.0,4
C-S4-DEL,S4,DEL,K05,morning,9,289.8,103.4,0.32,29.97,135.83,4.532,observed,A,155.0,4
C-S4-DEL,S4,DEL,K05,morning,13,256.1,48.7,0.112,12.46,47.53,3.814,observed,A,155.0,4
C-S4-DEL,S4,DEL,K05,afternoon,1,335.4,752.2,5.078,252.3,2153.23,8.535,observed,A,155.0,4
C-S4-DEL,S4,DEL,K05,afternoon,5,315.3,308.4,1.47,97.24,623.17,6.409,observed,A,155.0,4
C-S4-DEL,S4,DEL,K05,afternoon,9,288.5,127.9,0.396,36.89,167.95,4.553,observed,A,155.0,4
C-S4-DEL,S4,DEL,K05,afternoon,13,254.9,60.2,0.139,15.34,58.77,3.831,observed,A,155.0,4
C-S4-DEL,S4,DEL,K05,evening,1,335.4,665.3,4.492,223.14,1904.51,8.535,observed,A,155.0,4
C-S4-DEL,S4,DEL,K05,evening,5,315.3,272.8,1.3,86.0,551.19,6.409,observed,A,155.0,4
C-S4-DEL,S4,DEL,K05,evening,9,288.5,113.1,0.35,32.62,148.55,4.554,observed,A,155.0,4
C-S4-DEL,S4,DEL,K05,evening,13,254.9,53.2,0.123,13.57,51.98,3.831,observed,A,155.0,4
C-S4-DEL,S4,DEL,K06,night,1,365.3,108.8,0.688,39.74,291.89,7.346,observed,A,100.0,2
C-S4-DEL,S4,DEL,K06,night,5,343.4,44.6,0.199,15.31,84.48,5.516,observed,A,100.0,2
C-S4-DEL,S4,DEL,K06,night,9,314.2,18.5,0.054,5.81,22.77,3.919,observed,A,100.0,2
C-S4-DEL,S4,DEL,K06,night,13,277.7,8.7,0.019,2.42,7.97,3.298,observed,A,100.0,2
C-S4-DEL,S4,DEL,K06,morning,1,351.7,249.7,1.581,87.84,670.2,7.63,observed,A,100.0,2
C-S4-DEL,S4,DEL,K06,morning,5,330.6,102.4,0.457,33.85,193.96,5.729,observed,A,100.0,2
C-S4-DEL,S4,DEL,K06,morning,9,302.5,42.5,0.123,12.84,52.28,4.071,observed,A,100.0,2
C-S4-DEL,S4,DEL,K06,morning,13,267.3,20.0,0.043,5.34,18.29,3.425,observed,A,100.0,2
C-S4-DEL,S4,DEL,K06,afternoon,1,346.5,326.0,2.063,112.93,874.73,7.746,observed,A,100.0,2
C-S4-DEL,S4,DEL,K06,afternoon,5,325.7,133.6,0.597,43.52,253.16,5.817,observed,A,100.0,2
C-S4-DEL,S4,DEL,K06,afternoon,9,298.0,55.4,0.161,16.51,68.23,4.132,observed,A,100.0,2
C-S4-DEL,S4,DEL,K06,afternoon,13,263.3,26.1,0.056,6.87,23.88,3.477,observed,A,100.0,2
C-S4-DEL,S4,DEL,K06,evening,1,342.7,306.5,1.94,105.04,822.59,7.831,observed,A,100.0,2
C-S4-DEL,S4,DEL,K06,evening,5,322.1,125.7,0.561,40.48,238.07,5.881,observed,A,100.0,2
C-S4-DEL,S4,DEL,K06,evening,9,294.7,52.1,0.151,15.36,64.16,4.178,observed,A,100.0,2
C-S4-DEL,S4,DEL,K06,evening,13,260.4,24.5,0.053,6.39,22.45,3.515,observed,A,100.0,2
C-S4-DEL,S4,DEL,K10,night,1,400.8,125.5,0.211,50.31,89.55,1.78,observed,A,41.0,1
C-S4-DEL,S4,DEL,K10,night,5,376.7,51.5,0.061,19.39,25.92,1.337,observed,A,41.0,1
C-S4-DEL,S4,DEL,K10,night,9,344.7,21.3,0.016,7.35,6.99,0.95,observed,A,41.0,1
C-S4-DEL,S4,DEL,K10,night,13,304.6,10.0,0.006,3.06,2.44,0.799,observed,A,41.0,1
C-S4-DEL,S4,DEL,K10,morning,1,405.6,296.3,0.499,120.18,211.39,1.759,observed,A,41.0,2
C-S4-DEL,S4,DEL,K10,morning,5,381.3,121.5,0.144,46.32,61.18,1.321,observed,A,41.0,2
C-S4-DEL,S4,DEL,K10,morning,9,348.8,50.4,0.039,17.57,16.49,0.938,observed,A,41.0,2
C-S4-DEL,S4,DEL,K10,morning,13,308.3,23.7,0.014,7.31,5.77,0.79,observed,A,41.0,2
C-S4-DEL,S4,DEL,K10,afternoon,1,400.1,374.0,0.629,149.63,266.81,1.783,observed,A,41.0,1
C-S4-DEL,S4,DEL,K10,afternoon,5,376.1,153.3,0.182,57.67,77.22,1.339,observed,A,41.0,1
C-S4-DEL,S4,DEL,K10,afternoon,9,344.1,63.6,0.049,21.88,20.81,0.951,observed,A,41.0,1
C-S4-DEL,S4,DEL,K10,afternoon,13,304.1,29.9,0.017,9.1,7.28,0.801,observed,A,41.0,1
C-S4-DEL,S4,DEL,K10,evening,1,399.2,346.9,0.584,138.51,247.52,1.787,observed,A,41.0,1
C-S4-DEL,S4,DEL,K10,evening,5,375.3,142.2,0.169,53.38,71.63,1.342,observed,A,41.0,1
C-S4-DEL,S4,DEL,K10,evening,9,343.3,59.0,0.046,20.25,19.31,0.953,observed,A,41.0,1
C-S4-DEL,S4,DEL,K10,evening,13,303.4,27.8,0.016,8.42,6.76,0.802,observed,A,41.0,1
C-S4-MUM,S4,MUM,K01,night,1,216.4,137.8,1.947,29.83,825.35,27.671,observed,A,371.0,1
C-S4-MUM,S4,MUM,K01,night,5,203.4,56.5,0.563,11.5,238.87,20.779,observed,A,371.0,1
C-S4-MUM,S4,MUM,K01,night,9,186.1,23.4,0.152,4.36,64.38,14.763,observed,A,371.0,1
C-S4-MUM,S4,MUM,K01,night,13,164.5,11.0,0.053,1.81,22.53,12.422,observed,A,371.0,1
C-S4-MUM,S4,MUM,K01,morning,1,216.2,295.5,4.173,63.88,1769.41,27.699,observed,A,371.0,1
C-S4-MUM,S4,MUM,K01,morning,5,203.2,121.2,1.208,24.62,512.09,20.801,observed,A,371.0,1
C-S4-MUM,S4,MUM,K01,morning,9,185.9,50.2,0.326,9.34,138.01,14.778,observed,A,371.0,1
C-S4-MUM,S4,MUM,K01,morning,13,164.3,23.6,0.114,3.88,48.29,12.435,observed,A,371.0,1
C-S4-MUM,S4,MUM,K01,afternoon,1,215.6,371.3,5.244,80.06,2223.48,27.773,observed,A,371.0,1
C-S4-MUM,S4,MUM,K01,afternoon,5,202.7,152.2,1.518,30.85,643.5,20.856,observed,A,371.0,1
C-S4-MUM,S4,MUM,K01,afternoon,9,185.4,63.1,0.409,11.7,173.43,14.817,observed,A,371.0,1
C-S4-MUM,S4,MUM,K01,afternoon,13,163.9,29.7,0.143,4.87,60.69,12.468,observed,A,371.0,1
C-S4-MUM,S4,MUM,K01,evening,1,215.1,391.1,5.523,84.13,2341.85,27.836,observed,A,371.0,1
C-S4-MUM,S4,MUM,K01,evening,5,202.2,160.4,1.598,32.42,677.76,20.903,observed,A,371.0,1
C-S4-MUM,S4,MUM,K01,evening,9,185.0,66.5,0.431,12.3,182.66,14.851,observed,A,371.0,1
C-S4-MUM,S4,MUM,K01,evening,13,163.5,31.3,0.151,5.12,63.92,12.496,observed,A,371.0,1
C-S4-MUM,S4,MUM,K05,night,1,381.4,152.9,0.881,58.31,373.48,6.405,observed,A,81.0,3
C-S4-MUM,S4,MUM,K05,night,5,358.5,62.7,0.255,22.47,108.09,4.81,observed,A,81.0,3
C-S4-MUM,S4,MUM,K05,night,9,328.0,26.0,0.069,8.52,29.13,3.417,observed,A,81.0,3
C-S4-MUM,S4,MUM,K05,night,13,289.9,12.2,0.024,3.55,10.19,2.875,observed,A,81.0,3
C-S4-MUM,S4,MUM,K05,morning,1,364.5,339.9,1.959,123.92,830.55,6.702,observed,A,81.0,3
C-S4-MUM,S4,MUM,K05,morning,5,342.7,139.4,0.567,47.76,240.37,5.033,observed,A,81.0,3
C-S4-MUM,S4,MUM,K05,morning,9,313.5,57.8,0.153,18.12,64.78,3.576,observed,A,81.0,3
C-S4-MUM,S4,MUM,K05,morning,13,277.0,27.2,0.053,7.53,22.67,3.009,observed,A,81.0,3
C-S4-MUM,S4,MUM,K05,afternoon,1,365.8,370.4,2.134,135.47,904.9,6.68,observed,A,81.0,3
C-S4-MUM,S4,MUM,K05,afternoon,5,343.8,151.9,0.618,52.21,261.89,5.016,observed,A,81.0,3
C-S4-MUM,S4,MUM,K05,afternoon,9,314.5,63.0,0.166,19.81,70.58,3.564,observed,A,81.0,3
C-S4-MUM,S4,MUM,K05,afternoon,13,278.0,29.6,0.058,8.24,24.7,2.999,observed,A,81.0,3
C-S4-MUM,S4,MUM,K05,evening,1,348.4,412.2,2.375,143.6,1006.97,7.013,observed,A,81.0,3
C-S4-MUM,S4,MUM,K05,evening,5,327.5,169.0,0.687,55.34,291.43,5.266,observed,A,81.0,3
C-S4-MUM,S4,MUM,K05,evening,9,299.6,70.1,0.185,20.99,78.54,3.741,observed,A,81.0,3
C-S4-MUM,S4,MUM,K05,evening,13,264.8,33.0,0.065,8.73,27.48,3.148,observed,A,81.0,3
C-S4-MUM,S4,MUM,K06,night,1,421.7,75.3,0.48,31.74,203.53,6.412,observed,A,62.0,2
C-S4-MUM,S4,MUM,K06,night,5,396.4,30.9,0.139,12.23,58.91,4.815,observed,A,62.0,2
C-S4-MUM,S4,MUM,K06,night,9,362.7,12.8,0.037,4.64,15.88,3.421,observed,A,62.0,2
C-S4-MUM,S4,MUM,K06,night,13,320.5,6.0,0.013,1.93,5.56,2.879,observed,A,62.0,2
C-S4-MUM,S4,MUM,K06,morning,1,413.4,154.0,0.982,63.67,416.46,6.541,observed,A,62.0,2
C-S4-MUM,S4,MUM,K06,morning,5,388.6,63.1,0.284,24.54,120.53,4.912,observed,A,62.0,2
C-S4-MUM,S4,MUM,K06,morning,9,355.5,26.2,0.077,9.31,32.48,3.49,observed,A,62.0,2
C-S4-MUM,S4,MUM,K06,morning,13,314.2,12.3,0.027,3.87,11.37,2.937,observed,A,62.0,2
C-S4-MUM,S4,MUM,K06,afternoon,1,404.1,192.6,1.228,77.83,520.81,6.692,observed,A,62.0,2
C-S4-MUM,S4,MUM,K06,afternoon,5,379.8,79.0,0.355,30.0,150.73,5.025,observed,A,62.0,2
C-S4-MUM,S4,MUM,K06,afternoon,9,347.5,32.7,0.096,11.38,40.62,3.57,observed,A,62.0,2
C-S4-MUM,S4,MUM,K06,afternoon,13,307.1,15.4,0.034,4.73,14.22,3.004,observed,A,62.0,2
C-S4-MUM,S4,MUM,K06,evening,1,399.1,201.9,1.288,80.6,546.04,6.775,observed,A,62.0,2
C-S4-MUM,S4,MUM,K06,evening,5,375.2,82.8,0.373,31.06,158.03,5.088,observed,A,62.0,2
C-S4-MUM,S4,MUM,K06,evening,9,343.3,34.3,0.1,11.78,42.59,3.615,observed,A,62.0,2
C-S4-MUM,S4,MUM,K06,evening,13,303.3,16.2,0.035,4.9,14.9,3.041,observed,A,62.0,2
C-S4-MUM,S4,MUM,K10,night,1,450.0,86.8,0.161,39.07,68.15,1.744,observed,A,30.0,1
C-S4-MUM,S4,MUM,K10,night,5,423.0,35.6,0.047,15.06,19.72,1.31,observed,A,30.0,1
C-S4-MUM,S4,MUM,K10,night,9,387.0,14.8,0.013,5.71,5.32,0.931,observed,A,30.0,1
C-S4-MUM,S4,MUM,K10,night,13,342.0,6.9,0.004,2.38,1.86,0.783,observed,A,30.0,1
C-S4-MUM,S4,MUM,K10,morning,1,448.4,183.9,0.341,82.49,144.39,1.75,observed,A,30.0,2
C-S4-MUM,S4,MUM,K10,morning,5,421.5,75.4,0.099,31.79,41.79,1.314,observed,A,30.0,2
C-S4-MUM,S4,MUM,K10,morning,9,385.7,31.3,0.027,12.06,11.26,0.934,observed,A,30.0,2
C-S4-MUM,S4,MUM,K10,morning,13,340.8,14.7,0.009,5.02,3.94,0.786,observed,A,30.0,2
C-S4-MUM,S4,MUM,K10,afternoon,1,446.4,232.8,0.431,103.91,182.71,1.758,observed,A,30.0,2
C-S4-MUM,S4,MUM,K10,afternoon,5,419.6,95.4,0.125,40.05,52.88,1.32,observed,A,30.0,2
C-S4-MUM,S4,MUM,K10,afternoon,9,383.9,39.6,0.034,15.19,14.25,0.938,observed,A,30.0,2
C-S4-MUM,S4,MUM,K10,afternoon,13,339.3,18.6,0.012,6.32,4.99,0.789,observed,A,30.0,2
C-S4-MUM,S4,MUM,K10,evening,1,435.9,248.5,0.46,108.33,195.1,1.801,observed,A,30.0,2
C-S4-MUM,S4,MUM,K10,evening,5,409.7,101.9,0.133,41.75,56.46,1.352,observed,A,30.0,2
C-S4-MUM,S4,MUM,K10,evening,9,374.8,42.3,0.036,15.84,15.22,0.961,observed,A,30.0,2
C-S4-MUM,S4,MUM,K10,evening,13,331.3,19.9,0.013,6.59,5.32,0.808,observed,A,30.0,2
C-S4-BLR,S4,BLR,K01,night,1,227.1,97.7,1.452,22.19,615.84,27.75,observed,A,85.0,6
C-S4-BLR,S4,BLR,K01,night,5,213.4,40.1,0.42,8.55,178.23,20.839,observed,A,85.0,6
C-S4-BLR,S4,BLR,K01,night,9,195.3,16.6,0.113,3.24,48.04,14.805,observed,A,85.0,6
C-S4-BLR,S4,BLR,K01,night,13,172.6,7.8,0.04,1.35,16.81,12.457,observed,A,85.0,6
C-S4-BLR,S4,BLR,K01,morning,1,234.6,238.0,3.537,55.83,1499.73,26.86,observed,A,85.0,6
C-S4-BLR,S4,BLR,K01,morning,5,220.5,97.6,1.024,21.52,434.04,20.17,observed,A,85.0,6
C-S4-BLR,S4,BLR,K01,morning,9,201.7,40.5,0.276,8.16,116.98,14.33,observed,A,85.0,6
C-S4-BLR,S4,BLR,K01,morning,13,178.3,19.0,0.097,3.39,40.93,12.058,observed,A,85.0,6
C-S4-BLR,S4,BLR,K01,afternoon,1,236.2,294.6,4.377,69.57,1855.96,26.679,observed,A,85.0,5
C-S4-BLR,S4,BLR,K01,afternoon,5,222.0,120.8,1.267,26.81,537.14,20.034,observed,A,85.0,5
C-S4-BLR,S4,BLR,K01,afternoon,9,203.1,50.1,0.341,10.17,144.76,14.234,observed,A,85.0,5
C-S4-BLR,S4,BLR,K01,afternoon,13,179.5,23.6,0.119,4.23,50.66,11.977,observed,A,85.0,5
C-S4-BLR,S4,BLR,K01,evening,1,233.2,344.7,5.122,80.38,2171.7,27.018,observed,A,85.0,5
C-S4-BLR,S4,BLR,K01,evening,5,219.2,141.3,1.482,30.98,628.52,20.289,observed,A,85.0,5
C-S4-BLR,S4,BLR,K01,evening,9,200.6,58.6,0.4,11.75,169.39,14.414,observed,A,85.0,5
C-S4-BLR,S4,BLR,K01,evening,13,177.2,27.6,0.14,4.89,59.27,12.129,observed,A,85.0,5
C-S4-BLR,S4,BLR,K05,night,1,369.4,130.8,0.611,48.32,258.95,5.359,observed,A,50.0,4
C-S4-BLR,S4,BLR,K05,night,5,347.2,53.6,0.177,18.62,74.94,4.024,observed,A,50.0,4
C-S4-BLR,S4,BLR,K05,night,9,317.7,22.2,0.048,7.06,20.2,2.859,observed,A,50.0,4
C-S4-BLR,S4,BLR,K05,night,13,280.8,10.5,0.017,2.94,7.07,2.406,observed,A,50.0,4
C-S4-BLR,S4,BLR,K05,morning,1,355.2,306.0,1.429,108.7,605.81,5.573,observed,A,50.0,4
C-S4-BLR,S4,BLR,K05,morning,5,333.9,125.5,0.414,41.89,175.33,4.185,observed,A,50.0,4
C-S4-BLR,S4,BLR,K05,morning,9,305.5,52.0,0.111,15.89,47.25,2.973,observed,A,50.0,4
C-S4-BLR,S4,BLR,K05,morning,13,270.0,24.5,0.039,6.61,16.53,2.502,observed,A,50.0,4
C-S4-BLR,S4,BLR,K05,afternoon,1,351.1,395.9,1.849,139.0,783.8,5.639,observed,A,50.0,4
C-S4-BLR,S4,BLR,K05,afternoon,5,330.0,162.3,0.535,53.57,226.84,4.235,observed,A,50.0,4
C-S4-BLR,S4,BLR,K05,afternoon,9,301.9,67.3,0.144,20.32,61.14,3.008,observed,A,50.0,4
C-S4-BLR,S4,BLR,K05,afternoon,13,266.8,31.7,0.05,8.45,21.39,2.531,observed,A,50.0,4
C-S4-BLR,S4,BLR,K05,evening,1,345.4,463.1,2.162,159.98,916.83,5.731,observed,A,50.0,4
C-S4-BLR,S4,BLR,K05,evening,5,324.7,189.9,0.626,61.66,265.34,4.304,observed,A,50.0,4
C-S4-BLR,S4,BLR,K05,evening,9,297.1,78.7,0.169,23.39,71.51,3.058,observed,A,50.0,4
C-S4-BLR,S4,BLR,K05,evening,13,262.5,37.0,0.059,9.73,25.02,2.573,observed,A,50.0,4
C-S4-BLR,S4,BLR,K06,night,1,400.2,79.9,0.604,31.98,255.93,8.003,observed,A,117.0,2
C-S4-BLR,S4,BLR,K06,night,5,376.2,32.8,0.175,12.32,74.07,6.01,observed,A,117.0,2
C-S4-BLR,S4,BLR,K06,night,9,344.2,13.6,0.047,4.68,19.96,4.27,observed,A,117.0,2
C-S4-BLR,S4,BLR,K06,night,13,304.2,6.4,0.016,1.94,6.99,3.593,observed,A,117.0,2
C-S4-BLR,S4,BLR,K06,morning,1,393.2,197.1,1.489,77.5,631.27,8.145,observed,A,117.0,2
C-S4-BLR,S4,BLR,K06,morning,5,369.7,80.8,0.431,29.87,182.7,6.116,observed,A,117.0,2
C-S4-BLR,S4,BLR,K06,morning,9,338.2,33.5,0.116,11.33,49.24,4.346,observed,A,117.0,2
C-S4-BLR,S4,BLR,K06,morning,13,298.9,15.8,0.041,4.71,17.23,3.656,observed,A,117.0,2
C-S4-BLR,S4,BLR,K06,afternoon,1,391.9,247.8,1.872,97.13,793.82,8.173,observed,A,117.0,2
C-S4-BLR,S4,BLR,K06,afternoon,5,368.4,101.6,0.542,37.43,229.74,6.137,observed,A,117.0,2
C-S4-BLR,S4,BLR,K06,afternoon,9,337.1,42.1,0.146,14.2,61.92,4.36,observed,A,117.0,2
C-S4-BLR,S4,BLR,K06,afternoon,13,297.9,19.8,0.051,5.91,21.67,3.669,observed,A,117.0,2
C-S4-BLR,S4,BLR,K06,evening,1,384.6,298.7,2.256,114.87,956.62,8.328,observed,A,117.0,2
C-S4-BLR,S4,BLR,K06,evening,5,361.5,122.5,0.653,44.27,276.86,6.254,observed,A,117.0,2
C-S4-BLR,S4,BLR,K06,evening,9,330.8,50.8,0.176,16.79,74.62,4.443,observed,A,117.0,2
C-S4-BLR,S4,BLR,K06,evening,13,292.3,23.9,0.062,6.98,26.11,3.738,observed,A,117.0,2
C-S4-BLR,S4,BLR,K10,night,1,431.3,62.7,0.125,27.05,52.87,1.955,observed,A,33.0,1
C-S4-BLR,S4,BLR,K10,night,5,405.4,25.7,0.036,10.42,15.3,1.468,observed,A,33.0,1
C-S4-BLR,S4,BLR,K10,night,9,370.9,10.7,0.01,3.95,4.12,1.043,observed,A,33.0,1
C-S4-BLR,S4,BLR,K10,night,13,327.8,5.0,0.003,1.64,1.44,0.878,observed,A,33.0,1
C-S4-BLR,S4,BLR,K10,morning,1,422.3,172.7,0.343,72.92,145.59,1.996,observed,A,33.0,2
C-S4-BLR,S4,BLR,K10,morning,5,396.9,70.8,0.099,28.1,42.13,1.499,observed,A,33.0,2
C-S4-BLR,S4,BLR,K10,morning,9,363.1,29.4,0.027,10.66,11.36,1.065,observed,A,33.0,2
C-S4-BLR,S4,BLR,K10,morning,13,320.9,13.8,0.009,4.43,3.97,0.896,observed,A,33.0,2
C-S4-BLR,S4,BLR,K10,afternoon,1,419.7,222.8,0.443,93.51,187.84,2.009,observed,A,33.0,2
C-S4-BLR,S4,BLR,K10,afternoon,5,394.5,91.4,0.128,36.04,54.36,1.508,observed,A,33.0,2
C-S4-BLR,S4,BLR,K10,afternoon,9,360.9,37.9,0.035,13.67,14.65,1.072,observed,A,33.0,2
C-S4-BLR,S4,BLR,K10,afternoon,13,319.0,17.8,0.012,5.69,5.13,0.902,observed,A,33.0,2
C-S4-BLR,S4,BLR,K10,evening,1,414.8,257.2,0.511,106.69,216.86,2.033,observed,A,33.0,2
C-S4-BLR,S4,BLR,K10,evening,5,389.9,105.5,0.148,41.12,62.76,1.526,observed,A,33.0,2
C-S4-BLR,S4,BLR,K10,evening,9,356.7,43.7,0.04,15.6,16.92,1.084,observed,A,33.0,2
C-S4-BLR,S4,BLR,K10,evening,13,315.2,20.6,0.014,6.49,5.92,0.912,observed,A,33.0,2
C-S4-HYD,S4,HYD,K01,night,1,193.9,56.2,0.856,10.9,362.76,33.283,observed,B,21.0,9
C-S4-HYD,S4,HYD,K01,night,5,182.2,23.0,0.248,4.2,104.99,24.993,observed,B,21.0,9
C-S4-HYD,S4,HYD,K01,night,9,166.7,9.6,0.067,1.59,28.3,17.757,observed,B,21.0,9
C-S4-HYD,S4,HYD,K01,night,13,147.3,4.5,0.023,0.66,9.9,14.941,observed,B,21.0,9
C-S4-HYD,S4,HYD,K01,morning,1,201.3,131.8,2.006,26.54,850.58,32.054,observed,B,21.0,8
C-S4-HYD,S4,HYD,K01,morning,5,189.2,54.0,0.581,10.23,246.17,24.071,observed,B,21.0,8
C-S4-HYD,S4,HYD,K01,morning,9,173.1,22.4,0.156,3.88,66.34,17.101,observed,B,21.0,8
C-S4-HYD,S4,HYD,K01,morning,13,153.0,10.5,0.055,1.61,23.22,14.39,observed,B,21.0,8
C-S4-HYD,S4,HYD,K01,afternoon,1,203.7,162.7,2.477,33.15,1050.15,31.683,observed,B,21.0,8
C-S4-HYD,S4,HYD,K01,afternoon,5,191.4,66.7,0.717,12.77,303.93,23.792,observed,B,21.0,8
C-S4-HYD,S4,HYD,K01,afternoon,9,175.2,27.7,0.193,4.85,81.91,16.903,observed,B,21.0,8
C-S4-HYD,S4,HYD,K01,afternoon,13,154.8,13.0,0.068,2.02,28.66,14.223,observed,B,21.0,8
C-S4-HYD,S4,HYD,K01,evening,1,201.1,150.8,2.295,30.33,973.25,32.084,observed,B,21.0,8
C-S4-HYD,S4,HYD,K01,evening,5,189.1,61.8,0.664,11.69,281.67,24.093,observed,B,21.0,8
C-S4-HYD,S4,HYD,K01,evening,9,173.0,25.6,0.179,4.43,75.91,17.117,observed,B,21.0,8
C-S4-HYD,S4,HYD,K01,evening,13,152.9,12.1,0.063,1.84,26.56,14.403,observed,B,21.0,8
C-S4-HYD,S4,HYD,K05,night,1,312.5,106.7,0.659,33.35,279.3,8.374,observed,A,84.0,2
C-S4-HYD,S4,HYD,K05,night,5,293.7,43.8,0.191,12.85,80.83,6.288,observed,A,84.0,2
C-S4-HYD,S4,HYD,K05,night,9,268.7,18.1,0.051,4.88,21.79,4.468,observed,A,84.0,2
C-S4-HYD,S4,HYD,K05,night,13,237.5,8.5,0.018,2.03,7.62,3.759,observed,A,84.0,2
C-S4-HYD,S4,HYD,K05,morning,1,297.3,256.1,1.581,76.16,670.16,8.8,observed,A,84.0,2
C-S4-HYD,S4,HYD,K05,morning,5,279.5,105.0,0.457,29.35,193.95,6.608,observed,A,84.0,2
C-S4-HYD,S4,HYD,K05,morning,9,255.7,43.5,0.123,11.13,52.27,4.695,observed,A,84.0,2
C-S4-HYD,S4,HYD,K05,morning,13,226.0,20.5,0.043,4.63,18.29,3.95,observed,A,84.0,2
C-S4-HYD,S4,HYD,K05,afternoon,1,295.9,304.6,1.88,90.14,797.09,8.843,observed,A,84.0,2
C-S4-HYD,S4,HYD,K05,afternoon,5,278.1,124.9,0.544,34.74,230.69,6.641,observed,A,84.0,2
C-S4-HYD,S4,HYD,K05,afternoon,9,254.4,51.8,0.147,13.18,62.17,4.718,observed,A,84.0,2
C-S4-HYD,S4,HYD,K05,afternoon,13,224.9,24.4,0.051,5.48,21.76,3.97,observed,A,84.0,2
C-S4-HYD,S4,HYD,K05,evening,1,298.9,255.1,1.574,76.23,667.41,8.755,observed,A,84.0,2
C-S4-HYD,S4,HYD,K05,evening,5,280.9,104.6,0.456,29.38,193.16,6.574,observed,A,84.0,2
C-S4-HYD,S4,HYD,K05,evening,9,257.0,43.4,0.123,11.15,52.06,4.671,observed,A,84.0,2
C-S4-HYD,S4,HYD,K05,evening,13,227.1,20.4,0.043,4.64,18.22,3.93,observed,A,84.0,2
C-S4-HYD,S4,HYD,K06,night,1,349.0,46.5,0.344,16.21,145.7,8.988,observed,A,64.0,2
C-S4-HYD,S4,HYD,K06,night,5,328.0,19.0,0.099,6.25,42.17,6.749,observed,A,64.0,2
C-S4-HYD,S4,HYD,K06,night,9,300.1,7.9,0.027,2.37,11.36,4.795,observed,A,64.0,2
C-S4-HYD,S4,HYD,K06,night,13,265.2,3.7,0.009,0.99,3.98,4.035,observed,A,64.0,2
C-S4-HYD,S4,HYD,K06,morning,1,335.6,138.5,1.024,46.47,434.32,9.347,observed,A,64.0,2
C-S4-HYD,S4,HYD,K06,morning,5,315.4,56.8,0.296,17.91,125.7,7.019,observed,A,64.0,2
C-S4-HYD,S4,HYD,K06,morning,9,288.6,23.5,0.08,6.79,33.88,4.987,observed,A,64.0,2
C-S4-HYD,S4,HYD,K06,morning,13,255.0,11.1,0.028,2.83,11.85,4.196,observed,A,64.0,2
C-S4-HYD,S4,HYD,K06,afternoon,1,334.3,168.2,1.244,56.24,527.66,9.382,observed,A,64.0,2
C-S4-HYD,S4,HYD,K06,afternoon,5,314.3,69.0,0.36,21.68,152.71,7.045,observed,A,64.0,2
C-S4-HYD,S4,HYD,K06,afternoon,9,287.5,28.6,0.097,8.22,41.16,5.005,observed,A,64.0,2
C-S4-HYD,S4,HYD,K06,afternoon,13,254.1,13.5,0.034,3.42,14.4,4.212,observed,A,64.0,2
C-S4-HYD,S4,HYD,K06,evening,1,334.3,142.9,1.057,47.77,448.19,9.383,observed,A,64.0,2
C-S4-HYD,S4,HYD,K06,evening,5,314.2,58.6,0.306,18.41,129.71,7.046,observed,A,64.0,2
C-S4-HYD,S4,HYD,K06,evening,9,287.5,24.3,0.082,6.98,34.96,5.006,observed,A,64.0,2
C-S4-HYD,S4,HYD,K06,evening,13,254.1,11.4,0.029,2.9,12.23,4.212,observed,A,64.0,2
C-S4-HYD,S4,HYD,K10,night,1,384.6,29.3,0.066,11.27,27.91,2.476,observed,B,12.0,3
C-S4-HYD,S4,HYD,K10,night,5,361.6,12.0,0.019,4.34,8.08,1.859,observed,B,12.0,3
C-S4-HYD,S4,HYD,K10,night,9,330.8,5.0,0.005,1.65,2.18,1.321,observed,B,12.0,3
C-S4-HYD,S4,HYD,K10,night,13,292.3,2.3,0.002,0.69,0.76,1.111,observed,B,12.0,3
C-S4-HYD,S4,HYD,K10,morning,1,379.1,94.6,0.212,35.85,90.05,2.512,observed,B,12.0,4
C-S4-HYD,S4,HYD,K10,morning,5,356.4,38.8,0.061,13.82,26.06,1.886,observed,B,12.0,4
C-S4-HYD,S4,HYD,K10,morning,9,326.0,16.1,0.017,5.24,7.02,1.34,observed,B,12.0,4
C-S4-HYD,S4,HYD,K10,morning,13,288.1,7.6,0.006,2.18,2.46,1.128,observed,B,12.0,4
C-S4-HYD,S4,HYD,K10,afternoon,1,378.4,118.8,0.267,44.97,113.16,2.517,observed,B,12.0,4
C-S4-HYD,S4,HYD,K10,afternoon,5,355.7,48.7,0.077,17.33,32.75,1.89,observed,B,12.0,4
C-S4-HYD,S4,HYD,K10,afternoon,9,325.4,20.2,0.021,6.57,8.83,1.343,observed,B,12.0,4
C-S4-HYD,S4,HYD,K10,afternoon,13,287.6,9.5,0.007,2.73,3.09,1.13,observed,B,12.0,4
C-S4-HYD,S4,HYD,K10,evening,1,375.3,102.2,0.229,38.35,97.29,2.537,observed,B,12.0,4
C-S4-HYD,S4,HYD,K10,evening,5,352.8,41.9,0.066,14.78,28.16,1.905,observed,B,12.0,4
C-S4-HYD,S4,HYD,K10,evening,9,322.7,17.4,0.018,5.61,7.59,1.354,observed,B,12.0,4
C-S4-HYD,S4,HYD,K10,evening,13,285.2,8.2,0.006,2.33,2.66,1.139,observed,B,12.0,4
C-S4-PUN,S4,PUN,K01,night,1,184.1,33.8,0.572,6.22,242.61,38.978,observed,A,40.0,5
C-S4-PUN,S4,PUN,K01,night,5,173.0,13.9,0.166,2.4,70.21,29.27,observed,A,40.0,5
C-S4-PUN,S4,PUN,K01,night,9,158.3,5.7,0.045,0.91,18.92,20.795,observed,A,40.0,5
C-S4-PUN,S4,PUN,K01,night,13,139.9,2.7,0.016,0.38,6.62,17.498,observed,A,40.0,5
C-S4-PUN,S4,PUN,K01,morning,1,191.0,92.4,1.564,17.65,662.93,37.566,observed,A,40.0,5
C-S4-PUN,S4,PUN,K01,morning,5,179.5,37.9,0.453,6.8,191.86,28.21,observed,A,40.0,5
C-S4-PUN,S4,PUN,K01,morning,9,164.3,15.7,0.122,2.58,51.71,20.042,observed,A,40.0,5
C-S4-PUN,S4,PUN,K01,morning,13,145.2,7.4,0.043,1.07,18.09,16.864,observed,A,40.0,5
C-S4-PUN,S4,PUN,K01,afternoon,1,191.8,118.2,1.999,22.67,847.79,37.402,observed,A,40.0,5
C-S4-PUN,S4,PUN,K01,afternoon,5,180.3,48.4,0.579,8.74,245.36,28.087,observed,A,40.0,5
C-S4-PUN,S4,PUN,K01,afternoon,9,165.0,20.1,0.156,3.31,66.13,19.955,observed,A,40.0,5
C-S4-PUN,S4,PUN,K01,afternoon,13,145.8,9.5,0.055,1.38,23.14,16.79,observed,A,40.0,5
C-S4-PUN,S4,PUN,K01,evening,1,189.7,99.7,1.687,18.91,715.27,37.828,observed,A,40.0,5
C-S4-PUN,S4,PUN,K01,evening,5,178.3,40.9,0.488,7.29,207.01,28.407,observed,A,40.0,5
C-S4-PUN,S4,PUN,K01,evening,9,163.1,16.9,0.132,2.76,55.79,20.182,observed,A,40.0,5
C-S4-PUN,S4,PUN,K01,evening,13,144.2,8.0,0.046,1.15,19.52,16.982,observed,A,40.0,5
C-S4-PUN,S4,PUN,K05,night,1,320.6,27.1,0.17,8.69,72.26,8.313,observed,B,20.0,3
C-S4-PUN,S4,PUN,K05,night,5,301.4,11.1,0.049,3.35,20.91,6.243,observed,B,20.0,3
C-S4-PUN,S4,PUN,K05,night,9,275.7,4.6,0.013,1.27,5.64,4.435,observed,B,20.0,3
C-S4-PUN,S4,PUN,K05,night,13,243.7,2.2,0.005,0.53,1.97,3.732,observed,B,20.0,3
C-S4-PUN,S4,PUN,K05,morning,1,310.7,83.5,0.525,25.94,222.49,8.577,observed,B,20.0,4
C-S4-PUN,S4,PUN,K05,morning,5,292.1,34.2,0.152,10.0,64.39,6.441,observed,B,20.0,4
C-S4-PUN,S4,PUN,K05,morning,9,267.2,14.2,0.041,3.79,17.35,4.576,observed,B,20.0,4
C-S4-PUN,S4,PUN,K05,morning,13,236.2,6.7,0.014,1.58,6.07,3.851,observed,B,20.0,4
C-S4-PUN,S4,PUN,K05,afternoon,1,308.6,102.5,0.644,31.62,273.11,8.638,observed,B,20.0,4
C-S4-PUN,S4,PUN,K05,afternoon,5,290.1,42.0,0.186,12.19,79.04,6.486,observed,B,20.0,4
C-S4-PUN,S4,PUN,K05,afternoon,9,265.4,17.4,0.05,4.62,21.3,4.608,observed,B,20.0,4
C-S4-PUN,S4,PUN,K05,afternoon,13,234.5,8.2,0.018,1.92,7.45,3.878,observed,B,20.0,4
C-S4-PUN,S4,PUN,K05,evening,1,305.1,94.9,0.597,28.95,252.92,8.737,observed,B,20.0,4
C-S4-PUN,S4,PUN,K05,evening,5,286.8,38.9,0.173,11.16,73.2,6.561,observed,B,20.0,4
C-S4-PUN,S4,PUN,K05,evening,9,262.4,16.1,0.047,4.23,19.73,4.661,observed,B,20.0,4
C-S4-PUN,S4,PUN,K05,evening,13,231.8,7.6,0.016,1.76,6.9,3.922,observed,B,20.0,4
C-S4-PUN,S4,PUN,K06,night,1,345.4,22.9,0.141,7.9,59.79,7.571,observed,A,32.0,1
C-S4-PUN,S4,PUN,K06,night,5,324.7,9.4,0.041,3.04,17.3,5.686,observed,A,32.0,1
C-S4-PUN,S4,PUN,K06,night,9,297.1,3.9,0.011,1.15,4.66,4.039,observed,A,32.0,1
C-S4-PUN,S4,PUN,K06,night,13,262.5,1.8,0.004,0.48,1.63,3.399,observed,A,32.0,1
C-S4-PUN,S4,PUN,K06,morning,1,338.2,74.2,0.458,25.1,194.14,7.734,observed,A,32.0,2
C-S4-PUN,S4,PUN,K06,morning,5,317.9,30.4,0.133,9.67,56.19,5.808,observed,A,32.0,2
C-S4-PUN,S4,PUN,K06,morning,9,290.8,12.6,0.036,3.67,15.14,4.126,observed,A,32.0,2
C-S4-PUN,S4,PUN,K06,morning,13,257.0,5.9,0.012,1.53,5.3,3.472,observed,A,32.0,2
C-S4-PUN,S4,PUN,K06,afternoon,1,337.7,95.6,0.589,32.26,249.91,7.746,observed,A,32.0,2
C-S4-PUN,S4,PUN,K06,afternoon,5,317.4,39.2,0.171,12.43,72.33,5.817,observed,A,32.0,2
C-S4-PUN,S4,PUN,K06,afternoon,9,290.4,16.2,0.046,4.72,19.49,4.132,observed,A,32.0,2
C-S4-PUN,S4,PUN,K06,afternoon,13,256.6,7.6,0.016,1.96,6.82,3.477,observed,A,32.0,2
C-S4-PUN,S4,PUN,K06,evening,1,335.7,75.5,0.466,25.35,197.49,7.79,observed,A,32.0,2
C-S4-PUN,S4,PUN,K06,evening,5,315.6,31.0,0.135,9.77,57.16,5.85,observed,A,32.0,2
C-S4-PUN,S4,PUN,K06,evening,9,288.7,12.8,0.036,3.71,15.4,4.156,observed,A,32.0,2
C-S4-PUN,S4,PUN,K06,evening,13,255.2,6.0,0.013,1.54,5.39,3.497,observed,A,32.0,2
C-S4-PUN,S4,PUN,K10,night,1,372.5,14.2,0.032,5.28,13.46,2.549,observed,C,8.0,3
C-S4-PUN,S4,PUN,K10,night,5,350.2,5.8,0.009,2.03,3.9,1.914,observed,C,8.0,3
C-S4-PUN,S4,PUN,K10,night,9,320.4,2.4,0.002,0.77,1.05,1.36,observed,C,8.0,3
C-S4-PUN,S4,PUN,K10,night,13,283.1,1.1,0.001,0.32,0.37,1.144,observed,C,8.0,3
C-S4-PUN,S4,PUN,K10,morning,1,372.2,45.4,0.102,16.89,43.1,2.552,observed,C,8.0,3
C-S4-PUN,S4,PUN,K10,morning,5,349.8,18.6,0.029,6.51,12.47,1.916,observed,C,8.0,3
C-S4-PUN,S4,PUN,K10,morning,9,320.1,7.7,0.008,2.47,3.36,1.361,observed,C,8.0,3
C-S4-PUN,S4,PUN,K10,morning,13,282.8,3.6,0.003,1.03,1.18,1.146,observed,C,8.0,3
C-S4-PUN,S4,PUN,K10,afternoon,1,372.4,61.4,0.137,22.85,58.27,2.55,observed,C,8.0,3
C-S4-PUN,S4,PUN,K10,afternoon,5,350.0,25.2,0.04,8.81,16.86,1.915,observed,C,8.0,3
C-S4-PUN,S4,PUN,K10,afternoon,9,320.2,10.4,0.011,3.34,4.55,1.361,observed,C,8.0,3
C-S4-PUN,S4,PUN,K10,afternoon,13,283.0,4.9,0.004,1.39,1.59,1.145,observed,C,8.0,3
C-S4-PUN,S4,PUN,K10,evening,1,369.3,46.8,0.105,17.29,44.47,2.572,observed,C,8.0,3
C-S4-PUN,S4,PUN,K10,evening,5,347.1,19.2,0.03,6.66,12.87,1.931,observed,C,8.0,3
C-S4-PUN,S4,PUN,K10,evening,9,317.6,8.0,0.008,2.53,3.47,1.372,observed,C,8.0,3
C-S4-PUN,S4,PUN,K10,evening,13,280.7,3.7,0.003,1.05,1.21,1.154,observed,C,8.0,3
C-S5-DEL,S5,DEL,K01,night,1,218.9,176.9,2.69,38.72,338.95,8.754,observed,A,124.0,4
C-S5-DEL,S5,DEL,K01,night,5,205.7,72.5,0.779,14.92,98.1,6.574,observed,A,124.0,4
C-S5-DEL,S5,DEL,K01,night,9,188.2,30.1,0.21,5.66,26.44,4.671,observed,A,124.0,4
C-S5-DEL,S5,DEL,K01,night,13,166.3,14.2,0.073,2.35,9.25,3.93,observed,A,124.0,4
C-S5-DEL,S5,DEL,K01,morning,1,224.4,409.2,6.222,91.81,783.99,8.539,observed,A,124.0,4
C-S5-DEL,S5,DEL,K01,morning,5,210.9,167.8,1.801,35.39,226.9,6.412,observed,A,124.0,4
C-S5-DEL,S5,DEL,K01,morning,9,193.0,69.6,0.485,13.42,61.15,4.556,observed,A,124.0,4
C-S5-DEL,S5,DEL,K01,morning,13,170.5,32.7,0.17,5.58,21.4,3.833,observed,A,124.0,4
C-S5-DEL,S5,DEL,K01,afternoon,1,221.0,280.1,4.258,61.9,536.56,8.668,truncated,A,124.0,4
C-S5-DEL,S5,DEL,K01,afternoon,5,207.8,114.8,1.232,23.86,155.29,6.51,truncated,A,124.0,4
C-S5-DEL,S5,DEL,K01,afternoon,9,190.1,47.6,0.332,9.05,41.85,4.625,truncated,A,124.0,4
C-S5-DEL,S5,DEL,K01,afternoon,13,168.0,22.4,0.116,3.76,14.65,3.891,truncated,A,124.0,4
C-S5-DEL,S5,DEL,K01,evening,1,207.9,509.2,7.743,105.86,975.57,9.216,prior,A,124.0,0
C-S5-DEL,S5,DEL,K01,evening,5,195.4,208.8,2.241,40.8,282.34,6.92,prior,A,124.0,0
C-S5-DEL,S5,DEL,K01,evening,9,178.8,86.6,0.604,15.48,76.09,4.917,prior,A,124.0,0
C-S5-DEL,S5,DEL,K01,evening,13,158.0,40.7,0.211,6.44,26.63,4.137,prior,A,124.0,0
C-S5-DEL,S5,DEL,K03,night,1,298.6,674.3,2.848,201.38,358.79,1.782,observed,A,116.0,4
C-S5-DEL,S5,DEL,K03,night,5,280.7,276.5,0.824,77.61,103.84,1.338,observed,A,116.0,4
C-S5-DEL,S5,DEL,K03,night,9,256.8,114.6,0.222,29.44,27.99,0.951,observed,A,116.0,4
C-S5-DEL,S5,DEL,K03,night,13,227.0,53.9,0.078,12.24,9.79,0.8,observed,A,116.0,4
C-S5-DEL,S5,DEL,K03,morning,1,291.9,1583.3,6.686,462.22,842.45,1.823,observed,A,116.0,4
C-S5-DEL,S5,DEL,K03,morning,5,274.4,649.1,1.935,178.14,243.81,1.369,observed,A,116.0,4
C-S5-DEL,S5,DEL,K03,morning,9,251.1,269.2,0.522,67.58,65.71,0.972,observed,A,116.0,4
C-S5-DEL,S5,DEL,K03,morning,13,221.9,126.7,0.182,28.1,22.99,0.818,observed,A,116.0,4
C-S5-DEL,S5,DEL,K03,afternoon,1,301.9,1431.4,6.045,432.17,761.62,1.762,truncated,A,116.0,4
C-S5-DEL,S5,DEL,K03,afternoon,5,283.8,586.9,1.749,166.56,220.42,1.323,truncated,A,116.0,4
C-S5-DEL,S5,DEL,K03,afternoon,9,259.7,243.3,0.471,63.18,59.41,0.94,truncated,A,116.0,4
C-S5-DEL,S5,DEL,K03,afternoon,13,229.5,114.5,0.165,26.28,20.79,0.791,truncated,A,116.0,4
C-S5-DEL,S5,DEL,K03,evening,1,356.4,2602.5,10.99,927.53,1384.76,1.493,prior,A,116.0,0
C-S5-DEL,S5,DEL,K03,evening,5,335.0,1067.0,3.181,357.47,400.76,1.121,prior,A,116.0,0
C-S5-DEL,S5,DEL,K03,evening,9,306.5,442.4,0.857,135.6,108.01,0.797,prior,A,116.0,0
C-S5-DEL,S5,DEL,K03,evening,13,270.9,208.2,0.3,56.39,37.8,0.67,prior,A,116.0,0
C-S5-DEL,S5,DEL,K08,night,1,260.9,28.6,0.28,7.45,35.24,4.728,observed,A,25.0,2
C-S5-DEL,S5,DEL,K08,night,5,245.2,11.7,0.081,2.87,10.2,3.55,observed,A,25.0,2
C-S5-DEL,S5,DEL,K08,night,9,224.3,4.9,0.022,1.09,2.75,2.522,observed,A,25.0,2
C-S5-DEL,S5,DEL,K08,night,13,198.3,2.3,0.008,0.45,0.96,2.123,observed,A,25.0,2
C-S5-DEL,S5,DEL,K08,morning,1,254.6,66.3,0.649,16.89,81.82,4.844,observed,A,25.0,2
C-S5-DEL,S5,DEL,K08,morning,5,239.3,27.2,0.188,6.51,23.68,3.638,observed,A,25.0,2
C-S5-DEL,S5,DEL,K08,morning,9,219.0,11.3,0.051,2.47,6.38,2.585,observed,A,25.0,2
C-S5-DEL,S5,DEL,K08,morning,13,193.5,5.3,0.018,1.03,2.23,2.175,observed,A,25.0,2
C-S5-DEL,S5,DEL,K08,afternoon,1,269.4,70.0,0.685,18.86,86.35,4.578,truncated,A,25.0,2
C-S5-DEL,S5,DEL,K08,afternoon,5,253.2,28.7,0.198,7.27,24.99,3.438,truncated,A,25.0,2
C-S5-DEL,S5,DEL,K08,afternoon,9,231.7,11.9,0.053,2.76,6.74,2.443,truncated,A,25.0,2
C-S5-DEL,S5,DEL,K08,afternoon,13,204.7,5.6,0.019,1.15,2.36,2.055,truncated,A,25.0,2
C-S5-DEL,S5,DEL,K08,evening,1,277.2,127.3,1.246,35.29,157.0,4.449,prior,A,25.0,0
C-S5-DEL,S5,DEL,K08,evening,5,260.6,52.2,0.361,13.6,45.44,3.341,prior,A,25.0,0
C-S5-DEL,S5,DEL,K08,evening,9,238.4,21.6,0.097,5.16,12.25,2.374,prior,A,25.0,0
C-S5-DEL,S5,DEL,K08,evening,13,210.7,10.2,0.034,2.15,4.29,1.997,prior,A,25.0,0
C-S5-MUM,S5,MUM,K01,night,1,231.0,58.3,1.099,13.46,138.46,10.285,observed,A,45.0,7
C-S5-MUM,S5,MUM,K01,night,5,217.2,23.9,0.318,5.19,40.07,7.723,observed,A,45.0,7
C-S5-MUM,S5,MUM,K01,night,9,198.7,9.9,0.086,1.97,10.8,5.487,observed,A,45.0,7
C-S5-MUM,S5,MUM,K01,night,13,175.6,4.7,0.03,0.82,3.78,4.617,observed,A,45.0,7
C-S5-MUM,S5,MUM,K01,morning,1,234.2,125.9,2.374,29.48,299.18,10.147,observed,A,45.0,7
C-S5-MUM,S5,MUM,K01,morning,5,220.1,51.6,0.687,11.36,86.59,7.62,observed,A,45.0,7
C-S5-MUM,S5,MUM,K01,morning,9,201.4,21.4,0.185,4.31,23.34,5.414,observed,A,45.0,7
C-S5-MUM,S5,MUM,K01,morning,13,178.0,10.1,0.065,1.79,8.17,4.555,observed,A,45.0,7
C-S5-MUM,S5,MUM,K01,afternoon,1,236.0,155.8,2.938,36.76,370.14,10.069,observed,A,45.0,7
C-S5-MUM,S5,MUM,K01,afternoon,5,221.8,63.9,0.85,14.17,107.12,7.561,observed,A,45.0,7
C-S5-MUM,S5,MUM,K01,afternoon,9,202.9,26.5,0.229,5.37,28.87,5.372,observed,A,45.0,7
C-S5-MUM,S5,MUM,K01,afternoon,13,179.3,12.5,0.08,2.24,10.1,4.52,observed,A,45.0,7
C-S5-MUM,S5,MUM,K01,evening,1,230.8,217.9,4.108,50.29,517.64,10.293,observed,A,45.0,6
C-S5-MUM,S5,MUM,K01,evening,5,217.0,89.3,1.189,19.38,149.81,7.73,observed,A,45.0,6
C-S5-MUM,S5,MUM,K01,evening,9,198.5,37.0,0.32,7.35,40.38,5.492,observed,A,45.0,6
C-S5-MUM,S5,MUM,K01,evening,13,175.4,17.4,0.112,3.06,14.13,4.621,observed,A,45.0,6
C-S5-MUM,S5,MUM,K03,night,1,343.3,646.9,2.356,222.09,296.85,1.337,observed,A,351.0,2
C-S5-MUM,S5,MUM,K03,night,5,322.7,265.2,0.682,85.59,85.91,1.004,observed,A,351.0,2
C-S5-MUM,S5,MUM,K03,night,9,295.3,110.0,0.184,32.47,23.15,0.713,observed,A,351.0,2
C-S5-MUM,S5,MUM,K03,night,13,260.9,51.8,0.064,13.5,8.1,0.6,observed,A,351.0,2
C-S5-MUM,S5,MUM,K03,morning,1,337.8,1338.0,4.873,451.92,614.02,1.359,observed,A,351.0,2
C-S5-MUM,S5,MUM,K03,morning,5,317.5,548.6,1.41,174.17,177.7,1.02,observed,A,351.0,2
C-S5-MUM,S5,MUM,K03,morning,9,290.5,227.5,0.38,66.07,47.89,0.725,observed,A,351.0,2
C-S5-MUM,S5,MUM,K03,morning,13,256.7,107.0,0.133,27.48,16.76,0.61,observed,A,351.0,2
C-S5-MUM,S5,MUM,K03,afternoon,1,342.4,1587.0,5.78,543.41,728.26,1.34,observed,A,351.0,2
C-S5-MUM,S5,MUM,K03,afternoon,5,321.9,650.7,1.673,209.43,210.77,1.006,observed,A,351.0,2
C-S5-MUM,S5,MUM,K03,afternoon,9,294.5,269.8,0.451,79.45,56.8,0.715,observed,A,351.0,2
C-S5-MUM,S5,MUM,K03,afternoon,13,260.2,127.0,0.158,33.04,19.88,0.602,observed,A,351.0,2
C-S5-MUM,S5,MUM,K03,evening,1,339.7,1634.0,5.951,555.04,749.83,1.351,observed,A,351.0,2
C-S5-MUM,S5,MUM,K03,evening,5,319.3,669.9,1.722,213.91,217.01,1.014,observed,A,351.0,2
C-S5-MUM,S5,MUM,K03,evening,9,292.1,277.8,0.464,81.15,58.49,0.721,observed,A,351.0,2
C-S5-MUM,S5,MUM,K03,evening,13,258.2,130.7,0.162,33.75,20.47,0.606,observed,A,351.0,2
C-S5-MUM,S5,MUM,K08,night,1,295.0,29.2,0.331,8.63,41.74,4.839,observed,A,63.0,1
C-S5-MUM,S5,MUM,K08,night,5,277.3,12.0,0.096,3.32,12.08,3.633,observed,A,63.0,1
C-S5-MUM,S5,MUM,K08,night,9,253.7,5.0,0.026,1.26,3.26,2.581,observed,A,63.0,1
C-S5-MUM,S5,MUM,K08,night,13,224.2,2.3,0.009,0.52,1.14,2.172,observed,A,63.0,1
C-S5-MUM,S5,MUM,K08,morning,1,294.0,58.8,0.667,17.3,83.99,4.856,observed,A,63.0,1
C-S5-MUM,S5,MUM,K08,morning,5,276.4,24.1,0.193,6.67,24.31,3.647,observed,A,63.0,1
C-S5-MUM,S5,MUM,K08,morning,9,252.8,10.0,0.052,2.53,6.55,2.591,observed,A,63.0,1
C-S5-MUM,S5,MUM,K08,morning,13,223.4,4.7,0.018,1.05,2.29,2.18,observed,A,63.0,1
C-S5-MUM,S5,MUM,K08,afternoon,1,291.2,72.9,0.826,21.24,104.12,4.903,observed,A,63.0,1
C-S5-MUM,S5,MUM,K08,afternoon,5,273.7,29.9,0.239,8.18,30.13,3.682,observed,A,63.0,1
C-S5-MUM,S5,MUM,K08,afternoon,9,250.4,12.4,0.064,3.1,8.12,2.616,observed,A,63.0,1
C-S5-MUM,S5,MUM,K08,afternoon,13,221.3,5.8,0.023,1.29,2.84,2.201,observed,A,63.0,1
C-S5-MUM,S5,MUM,K08,evening,1,287.6,76.7,0.869,22.06,109.51,4.964,observed,A,63.0,1
C-S5-MUM,S5,MUM,K08,evening,5,270.4,31.5,0.252,8.5,31.69,3.727,observed,A,63.0,1
C-S5-MUM,S5,MUM,K08,evening,9,247.3,13.0,0.068,3.23,8.54,2.648,observed,A,63.0,1
C-S5-MUM,S5,MUM,K08,evening,13,218.6,6.1,0.024,1.34,2.99,2.228,observed,A,63.0,1
C-S5-BLR,S5,BLR,K01,night,1,221.7,38.4,0.479,8.5,60.37,7.1,observed,C,9.0,9
C-S5-BLR,S5,BLR,K01,night,5,208.4,15.7,0.139,3.28,17.47,5.332,observed,C,9.0,9
C-S5-BLR,S5,BLR,K01,night,9,190.7,6.5,0.037,1.24,4.71,3.788,observed,C,9.0,9
C-S5-BLR,S5,BLR,K01,night,13,168.5,3.1,0.013,0.52,1.65,3.187,observed,C,9.0,9
C-S5-BLR,S5,BLR,K01,morning,1,229.2,96.8,1.209,22.19,152.37,6.868,observed,C,9.0,8
C-S5-BLR,S5,BLR,K01,morning,5,215.4,39.7,0.35,8.55,44.1,5.157,observed,C,9.0,8
C-S5-BLR,S5,BLR,K01,morning,9,197.1,16.5,0.094,3.24,11.88,3.664,observed,C,9.0,8
C-S5-BLR,S5,BLR,K01,morning,13,174.2,7.7,0.033,1.35,4.16,3.083,observed,C,9.0,8
C-S5-BLR,S5,BLR,K01,afternoon,1,232.5,125.3,1.565,29.13,197.18,6.769,observed,C,9.0,8
C-S5-BLR,S5,BLR,K01,afternoon,5,218.6,51.4,0.453,11.23,57.07,5.083,observed,C,9.0,8
C-S5-BLR,S5,BLR,K01,afternoon,9,200.0,21.3,0.122,4.26,15.38,3.611,observed,C,9.0,8
C-S5-BLR,S5,BLR,K01,afternoon,13,176.7,10.0,0.043,1.77,5.38,3.039,observed,C,9.0,8
C-S5-BLR,S5,BLR,K01,evening,1,221.6,207.4,2.591,45.97,326.52,7.104,truncated,C,9.0,9
C-S5-BLR,S5,BLR,K01,evening,5,208.3,85.0,0.75,17.72,94.5,5.334,truncated,C,9.0,9
C-S5-BLR,S5,BLR,K01,evening,9,190.6,35.3,0.202,6.72,25.47,3.79,truncated,C,9.0,9
C-S5-BLR,S5,BLR,K01,evening,13,168.4,16.6,0.071,2.79,8.91,3.189,truncated,C,9.0,9
C-S5-BLR,S5,BLR,K03,night,1,321.0,534.8,1.821,171.68,229.44,1.336,observed,A,135.0,3
C-S5-BLR,S5,BLR,K03,night,5,301.8,219.2,0.527,66.17,66.4,1.004,observed,A,135.0,3
C-S5-BLR,S5,BLR,K03,night,9,276.1,90.9,0.142,25.1,17.9,0.713,observed,A,135.0,3
C-S5-BLR,S5,BLR,K03,night,13,244.0,42.8,0.05,10.44,6.26,0.6,observed,A,135.0,3
C-S5-BLR,S5,BLR,K03,morning,1,314.7,1235.5,4.207,388.87,530.11,1.363,observed,A,135.0,3
C-S5-BLR,S5,BLR,K03,morning,5,295.9,506.6,1.218,149.87,153.42,1.024,observed,A,135.0,3
C-S5-BLR,S5,BLR,K03,morning,9,270.7,210.0,0.328,56.85,41.35,0.727,observed,A,135.0,3
C-S5-BLR,S5,BLR,K03,morning,13,239.2,98.8,0.115,23.64,14.47,0.612,observed,A,135.0,3
C-S5-BLR,S5,BLR,K03,afternoon,1,314.3,1397.6,4.759,439.32,599.64,1.365,observed,A,135.0,3
C-S5-BLR,S5,BLR,K03,afternoon,5,295.5,573.0,1.377,169.31,173.54,1.025,observed,A,135.0,3
C-S5-BLR,S5,BLR,K03,afternoon,9,270.3,237.6,0.371,64.23,46.77,0.728,observed,A,135.0,3
C-S5-BLR,S5,BLR,K03,afternoon,13,238.9,111.8,0.13,26.71,16.37,0.613,observed,A,135.0,3
C-S5-BLR,S5,BLR,K03,evening,1,333.3,1060.2,3.61,353.37,454.9,1.287,truncated,A,135.0,3
C-S5-BLR,S5,BLR,K03,evening,5,313.3,434.7,1.045,136.19,131.65,0.967,truncated,A,135.0,3
C-S5-BLR,S5,BLR,K03,evening,9,286.6,180.2,0.282,51.66,35.48,0.687,truncated,A,135.0,3
C-S5-BLR,S5,BLR,K03,evening,13,253.3,84.8,0.099,21.48,12.42,0.578,truncated,A,135.0,3
C-S5-BLR,S5,BLR,K08,night,1,278.2,20.5,0.212,5.69,26.76,4.699,observed,A,30.0,2
C-S5-BLR,S5,BLR,K08,night,5,261.5,8.4,0.061,2.19,7.74,3.529,observed,A,30.0,2
C-S5-BLR,S5,BLR,K08,night,9,239.2,3.5,0.017,0.83,2.09,2.507,observed,A,30.0,2
C-S5-BLR,S5,BLR,K08,night,13,211.4,1.6,0.006,0.35,0.73,2.11,observed,A,30.0,2
C-S5-BLR,S5,BLR,K08,morning,1,271.3,50.3,0.522,13.65,65.76,4.819,observed,A,30.0,2
C-S5-BLR,S5,BLR,K08,morning,5,255.0,20.6,0.151,5.26,19.03,3.619,observed,A,30.0,2
C-S5-BLR,S5,BLR,K08,morning,9,233.3,8.6,0.041,1.99,5.13,2.571,observed,A,30.0,2
C-S5-BLR,S5,BLR,K08,morning,13,206.2,4.0,0.014,0.83,1.79,2.163,observed,A,30.0,2
C-S5-BLR,S5,BLR,K08,afternoon,1,271.9,54.1,0.561,14.71,70.74,4.808,observed,A,30.0,2
C-S5-BLR,S5,BLR,K08,afternoon,5,255.6,22.2,0.162,5.67,20.47,3.61,observed,A,30.0,2
C-S5-BLR,S5,BLR,K08,afternoon,9,233.9,9.2,0.044,2.15,5.52,2.565,observed,A,30.0,2
C-S5-BLR,S5,BLR,K08,afternoon,13,206.7,4.3,0.015,0.89,1.93,2.158,observed,A,30.0,2
C-S5-BLR,S5,BLR,K08,evening,1,286.7,51.9,0.538,14.87,67.8,4.56,truncated,A,30.0,2
C-S5-BLR,S5,BLR,K08,evening,5,269.5,21.3,0.156,5.73,19.62,3.424,truncated,A,30.0,2
C-S5-BLR,S5,BLR,K08,evening,9,246.6,8.8,0.042,2.17,5.29,2.433,truncated,A,30.0,2
C-S5-BLR,S5,BLR,K08,evening,13,217.9,4.1,0.015,0.9,1.85,2.047,truncated,A,30.0,2
C-S5-HYD,S5,HYD,K01,night,1,199.2,78.0,1.187,15.53,149.61,9.634,observed,A,126.0,4
C-S5-HYD,S5,HYD,K01,night,5,187.3,32.0,0.344,5.98,43.3,7.234,observed,A,126.0,4
C-S5-HYD,S5,HYD,K01,night,9,171.3,13.3,0.093,2.27,11.67,5.14,observed,A,126.0,4
C-S5-HYD,S5,HYD,K01,night,13,151.4,6.2,0.032,0.94,4.08,4.325,observed,A,126.0,4
C-S5-HYD,S5,HYD,K01,morning,1,206.9,193.1,2.941,39.95,370.62,9.277,observed,A,126.0,4
C-S5-HYD,S5,HYD,K01,morning,5,194.5,79.2,0.851,15.4,107.26,6.967,observed,A,126.0,4
C-S5-HYD,S5,HYD,K01,morning,9,177.9,32.8,0.229,5.84,28.91,4.95,observed,A,126.0,4
C-S5-HYD,S5,HYD,K01,morning,13,157.2,15.4,0.08,2.43,10.12,4.165,observed,A,126.0,4
C-S5-HYD,S5,HYD,K01,afternoon,1,208.5,241.4,3.678,50.34,463.38,9.204,observed,A,126.0,4
C-S5-HYD,S5,HYD,K01,afternoon,5,196.0,99.0,1.064,19.4,134.11,6.912,observed,A,126.0,4
C-S5-HYD,S5,HYD,K01,afternoon,9,179.3,41.0,0.287,7.36,36.14,4.911,observed,A,126.0,4
C-S5-HYD,S5,HYD,K01,afternoon,13,158.5,19.3,0.1,3.06,12.65,4.132,observed,A,126.0,4
C-S5-HYD,S5,HYD,K01,evening,1,207.2,220.7,3.362,45.74,423.61,9.262,observed,A,126.0,4
C-S5-HYD,S5,HYD,K01,evening,5,194.8,90.5,0.973,17.63,122.6,6.955,observed,A,126.0,4
C-S5-HYD,S5,HYD,K01,evening,9,178.2,37.5,0.262,6.69,33.04,4.941,observed,A,126.0,4
C-S5-HYD,S5,HYD,K01,evening,13,157.5,17.7,0.092,2.78,11.56,4.158,observed,A,126.0,4
C-S5-HYD,S5,HYD,K03,night,1,286.8,289.6,1.113,83.05,140.2,1.688,observed,A,96.0,4
C-S5-HYD,S5,HYD,K03,night,5,269.5,118.7,0.322,32.01,40.57,1.268,observed,A,96.0,4
C-S5-HYD,S5,HYD,K03,night,9,246.6,49.2,0.087,12.14,10.94,0.901,observed,A,96.0,4
C-S5-HYD,S5,HYD,K03,night,13,217.9,23.2,0.03,5.05,3.83,0.758,observed,A,96.0,4
C-S5-HYD,S5,HYD,K03,morning,1,277.4,709.6,2.726,196.82,343.49,1.745,observed,A,96.0,4
C-S5-HYD,S5,HYD,K03,morning,5,260.7,290.9,0.789,75.86,99.41,1.311,observed,A,96.0,4
C-S5-HYD,S5,HYD,K03,morning,9,238.6,120.6,0.213,28.78,26.79,0.931,observed,A,96.0,4
C-S5-HYD,S5,HYD,K03,morning,13,210.8,56.8,0.074,11.97,9.38,0.783,observed,A,96.0,4
C-S5-HYD,S5,HYD,K03,afternoon,1,276.2,837.5,3.218,231.36,405.44,1.752,observed,A,96.0,4
C-S5-HYD,S5,HYD,K03,afternoon,5,259.7,343.4,0.931,89.17,117.34,1.316,observed,A,96.0,4
C-S5-HYD,S5,HYD,K03,afternoon,9,237.6,142.4,0.251,33.83,31.62,0.935,observed,A,96.0,4
C-S5-HYD,S5,HYD,K03,afternoon,13,209.9,67.0,0.088,14.07,11.07,0.787,observed,A,96.0,4
C-S5-HYD,S5,HYD,K03,evening,1,277.3,687.1,2.64,190.53,332.63,1.746,observed,A,96.0,4
C-S5-HYD,S5,HYD,K03,evening,5,260.7,281.7,0.764,73.43,96.27,1.311,observed,A,96.0,4
C-S5-HYD,S5,HYD,K03,evening,9,238.5,116.8,0.206,27.86,25.94,0.931,observed,A,96.0,4
C-S5-HYD,S5,HYD,K03,evening,13,210.7,55.0,0.072,11.58,9.08,0.784,observed,A,96.0,4
C-S5-HYD,S5,HYD,K08,night,1,246.4,10.6,0.105,2.62,13.28,5.063,observed,B,20.0,2
C-S5-HYD,S5,HYD,K08,night,5,231.6,4.4,0.031,1.01,3.84,3.802,observed,B,20.0,2
C-S5-HYD,S5,HYD,K08,night,9,211.9,1.8,0.008,0.38,1.04,2.701,observed,B,20.0,2
C-S5-HYD,S5,HYD,K08,night,13,187.2,0.9,0.003,0.16,0.36,2.273,observed,B,20.0,2
C-S5-HYD,S5,HYD,K08,morning,1,242.4,28.0,0.278,6.8,34.97,5.146,observed,B,20.0,2
C-S5-HYD,S5,HYD,K08,morning,5,227.9,11.5,0.08,2.62,10.12,3.864,observed,B,20.0,2
C-S5-HYD,S5,HYD,K08,morning,9,208.5,4.8,0.022,0.99,2.73,2.745,observed,B,20.0,2
C-S5-HYD,S5,HYD,K08,morning,13,184.2,2.2,0.008,0.41,0.95,2.31,observed,B,20.0,2
C-S5-HYD,S5,HYD,K08,afternoon,1,242.6,33.4,0.33,8.1,41.62,5.141,observed,B,20.0,2
C-S5-HYD,S5,HYD,K08,afternoon,5,228.1,13.7,0.096,3.12,12.04,3.86,observed,B,20.0,2
C-S5-HYD,S5,HYD,K08,afternoon,9,208.7,5.7,0.026,1.18,3.25,2.743,observed,B,20.0,2
C-S5-HYD,S5,HYD,K08,afternoon,13,184.4,2.7,0.009,0.49,1.14,2.308,observed,B,20.0,2
C-S5-HYD,S5,HYD,K08,evening,1,240.2,29.9,0.296,7.19,37.33,5.192,observed,B,20.0,2
C-S5-HYD,S5,HYD,K08,evening,5,225.8,12.3,0.086,2.77,10.8,3.899,observed,B,20.0,2
C-S5-HYD,S5,HYD,K08,evening,9,206.6,5.1,0.023,1.05,2.91,2.77,observed,B,20.0,2
C-S5-HYD,S5,HYD,K08,evening,13,182.6,2.4,0.008,0.44,1.02,2.331,observed,B,20.0,2
C-S5-PUN,S5,PUN,K01,night,1,182.7,14.0,0.212,2.56,26.66,10.42,observed,B,11.0,8
C-S5-PUN,S5,PUN,K01,night,5,171.8,5.7,0.061,0.99,7.71,7.824,observed,B,11.0,8
C-S5-PUN,S5,PUN,K01,night,9,157.2,2.4,0.017,0.37,2.08,5.559,observed,B,11.0,8
C-S5-PUN,S5,PUN,K01,night,13,138.9,1.1,0.006,0.16,0.73,4.677,observed,B,11.0,8
C-S5-PUN,S5,PUN,K01,morning,1,188.5,52.2,0.79,9.85,99.48,10.103,observed,B,11.0,8
C-S5-PUN,S5,PUN,K01,morning,5,177.1,21.4,0.229,3.79,28.79,7.587,observed,B,11.0,8
C-S5-PUN,S5,PUN,K01,morning,9,162.1,8.9,0.062,1.44,7.76,5.39,observed,B,11.0,8
C-S5-PUN,S5,PUN,K01,morning,13,143.2,4.2,0.022,0.6,2.72,4.536,observed,B,11.0,8
C-S5-PUN,S5,PUN,K01,afternoon,1,190.5,68.0,1.028,12.96,129.54,9.994,observed,B,11.0,7
C-S5-PUN,S5,PUN,K01,afternoon,5,179.1,27.9,0.298,5.0,37.49,7.505,observed,B,11.0,7
C-S5-PUN,S5,PUN,K01,afternoon,9,163.8,11.6,0.08,1.9,10.1,5.332,observed,B,11.0,7
C-S5-PUN,S5,PUN,K01,afternoon,13,144.8,5.4,0.028,0.79,3.54,4.487,observed,B,11.0,7
C-S5-PUN,S5,PUN,K01,evening,1,186.9,52.3,0.79,9.78,99.6,10.186,observed,B,11.0,8
C-S5-PUN,S5,PUN,K01,evening,5,175.7,21.4,0.229,3.77,28.83,7.649,observed,B,11.0,8
C-S5-PUN,S5,PUN,K01,evening,9,160.8,8.9,0.062,1.43,7.77,5.434,observed,B,11.0,8
C-S5-PUN,S5,PUN,K01,evening,13,142.1,4.2,0.022,0.59,2.72,4.573,observed,B,11.0,8
C-S5-PUN,S5,PUN,K03,night,1,293.1,170.5,0.638,49.98,80.44,1.609,observed,A,42.0,5
C-S5-PUN,S5,PUN,K03,night,5,275.6,69.9,0.185,19.26,23.28,1.209,observed,A,42.0,5
C-S5-PUN,S5,PUN,K03,night,9,252.1,29.0,0.05,7.31,6.27,0.859,observed,A,42.0,5
C-S5-PUN,S5,PUN,K03,night,13,222.8,13.6,0.017,3.04,2.2,0.723,observed,A,42.0,5
C-S5-PUN,S5,PUN,K03,morning,1,284.7,407.1,1.524,115.89,192.08,1.657,observed,A,42.0,5
C-S5-PUN,S5,PUN,K03,morning,5,267.6,166.9,0.441,44.66,55.59,1.245,observed,A,42.0,5
C-S5-PUN,S5,PUN,K03,morning,9,244.8,69.2,0.119,16.94,14.98,0.884,observed,A,42.0,5
C-S5-PUN,S5,PUN,K03,morning,13,216.3,32.6,0.042,7.05,5.24,0.744,observed,A,42.0,5
C-S5-PUN,S5,PUN,K03,afternoon,1,284.0,525.2,1.967,149.18,247.79,1.661,observed,A,42.0,5
C-S5-PUN,S5,PUN,K03,afternoon,5,267.0,215.3,0.569,57.49,71.71,1.247,observed,A,42.0,5
C-S5-PUN,S5,PUN,K03,afternoon,9,244.3,89.3,0.153,21.81,19.33,0.886,observed,A,42.0,5
C-S5-PUN,S5,PUN,K03,afternoon,13,215.9,42.0,0.054,9.07,6.76,0.746,observed,A,42.0,5
C-S5-PUN,S5,PUN,K03,evening,1,283.5,440.8,1.651,124.99,207.98,1.664,observed,A,42.0,5
C-S5-PUN,S5,PUN,K03,evening,5,266.5,180.7,0.478,48.17,60.19,1.25,observed,A,42.0,5
C-S5-PUN,S5,PUN,K03,evening,9,243.8,74.9,0.129,18.27,16.22,0.888,observed,A,42.0,5
C-S5-PUN,S5,PUN,K03,evening,13,215.5,35.3,0.045,7.6,5.68,0.747,observed,A,42.0,5
C-S5-PUN,S5,PUN,K08,night,1,237.8,3.9,0.041,0.92,5.16,5.63,observed,B,10.0,1
C-S5-PUN,S5,PUN,K08,night,5,223.5,1.6,0.012,0.35,1.49,4.228,observed,B,10.0,1
C-S5-PUN,S5,PUN,K08,night,9,204.5,0.7,0.003,0.13,0.4,3.004,observed,B,10.0,1
C-S5-PUN,S5,PUN,K08,night,13,180.7,0.3,0.001,0.06,0.14,2.527,observed,B,10.0,1
C-S5-PUN,S5,PUN,K08,morning,1,238.0,12.0,0.128,2.86,16.09,5.625,observed,B,10.0,2
C-S5-PUN,S5,PUN,K08,morning,5,223.7,4.9,0.037,1.1,4.66,4.224,observed,B,10.0,2
C-S5-PUN,S5,PUN,K08,morning,9,204.7,2.0,0.01,0.42,1.26,3.001,observed,B,10.0,2
C-S5-PUN,S5,PUN,K08,morning,13,180.9,1.0,0.003,0.17,0.44,2.525,observed,B,10.0,2
C-S5-PUN,S5,PUN,K08,afternoon,1,238.6,15.0,0.16,3.58,20.11,5.611,observed,B,10.0,2
C-S5-PUN,S5,PUN,K08,afternoon,5,224.3,6.2,0.046,1.38,5.82,4.213,observed,B,10.0,2
C-S5-PUN,S5,PUN,K08,afternoon,9,205.2,2.6,0.012,0.52,1.57,2.994,observed,B,10.0,2
C-S5-PUN,S5,PUN,K08,afternoon,13,181.3,1.2,0.004,0.22,0.55,2.519,observed,B,10.0,2
C-S5-PUN,S5,PUN,K08,evening,1,235.9,12.5,0.133,2.96,16.79,5.676,observed,B,10.0,2
C-S5-PUN,S5,PUN,K08,evening,5,221.7,5.1,0.039,1.14,4.86,4.262,observed,B,10.0,2
C-S5-PUN,S5,PUN,K08,evening,9,202.8,2.1,0.01,0.43,1.31,3.028,observed,B,10.0,2
C-S5-PUN,S5,PUN,K08,evening,13,179.3,1.0,0.004,0.18,0.46,2.548,observed,B,10.0,2
