campaign_id,sku_id,city_id,keyword_id,daypart,slot,cpm_inr,impressions_day,orders_day,spend_day,revenue_day,droas,reach_source,tier,orders_28d,current_slot
C-S1-DEL,S1,DEL,K01,night,1,204.7,155.2,2.887,31.76,496.63,15.635,observed,A,240.0,4
C-S1-DEL,S1,DEL,K01,night,5,192.4,63.6,0.836,12.24,143.73,11.741,observed,A,240.0,4
C-S1-DEL,S1,DEL,K01,night,9,176.0,26.4,0.225,4.64,38.74,8.341,observed,A,240.0,4
C-S1-DEL,S1,DEL,K01,night,13,155.6,12.4,0.079,1.93,13.56,7.019,observed,A,240.0,4
C-S1-DEL,S1,DEL,K01,morning,1,206.0,360.9,6.714,74.32,1154.85,15.538,observed,A,240.0,4
C-S1-DEL,S1,DEL,K01,morning,5,193.6,148.0,1.943,28.64,334.23,11.668,observed,A,240.0,4
C-S1-DEL,S1,DEL,K01,morning,9,177.1,61.3,0.524,10.87,90.08,8.29,observed,A,240.0,4
C-S1-DEL,S1,DEL,K01,morning,13,156.5,28.9,0.183,4.52,31.52,6.975,observed,A,240.0,4
C-S1-DEL,S1,DEL,K01,afternoon,1,206.0,453.1,8.431,93.33,1450.11,15.538,observed,A,240.0,4
C-S1-DEL,S1,DEL,K01,afternoon,5,193.6,185.8,2.44,35.97,419.68,11.668,observed,A,240.0,4
C-S1-DEL,S1,DEL,K01,afternoon,9,177.1,77.0,0.658,13.64,113.11,8.29,observed,A,240.0,4
C-S1-DEL,S1,DEL,K01,afternoon,13,156.5,36.3,0.23,5.67,39.58,6.975,observed,A,240.0,4
C-S1-DEL,S1,DEL,K01,evening,1,199.6,446.7,8.311,89.15,1429.48,16.035,observed,A,240.0,3
C-S1-DEL,S1,DEL,K01,evening,5,187.6,183.1,2.405,34.36,413.71,12.041,observed,A,240.0,3
C-S1-DEL,S1,DEL,K01,evening,9,171.6,75.9,0.648,13.03,111.5,8.555,observed,A,240.0,3
C-S1-DEL,S1,DEL,K01,evening,13,151.7,35.7,0.227,5.42,39.02,7.198,observed,A,240.0,3
C-S1-DEL,S1,DEL,K02,night,1,215.3,43.2,1.228,9.3,211.3,22.718,observed,A,128.0,3
C-S1-DEL,S1,DEL,K02,night,5,202.4,17.7,0.356,3.58,61.15,17.06,observed,A,128.0,3
C-S1-DEL,S1,DEL,K02,night,9,185.2,7.3,0.096,1.36,16.48,12.12,observed,A,128.0,3
C-S1-DEL,S1,DEL,K02,night,13,163.6,3.5,0.034,0.57,5.77,10.198,observed,A,128.0,3
C-S1-DEL,S1,DEL,K02,morning,1,209.6,105.5,3.001,22.12,516.2,23.337,observed,A,128.0,3
C-S1-DEL,S1,DEL,K02,morning,5,197.0,43.3,0.869,8.52,149.4,17.525,observed,A,128.0,3
C-S1-DEL,S1,DEL,K02,morning,9,180.3,17.9,0.234,3.23,40.26,12.451,observed,A,128.0,3
C-S1-DEL,S1,DEL,K02,morning,13,159.3,8.4,0.082,1.34,14.09,10.476,observed,A,128.0,3
C-S1-DEL,S1,DEL,K02,afternoon,1,208.4,134.6,3.828,28.05,658.41,23.475,observed,A,128.0,3
C-S1-DEL,S1,DEL,K02,afternoon,5,195.9,55.2,1.108,10.81,190.55,17.628,observed,A,128.0,3
C-S1-DEL,S1,DEL,K02,afternoon,9,179.2,22.9,0.299,4.1,51.36,12.524,observed,A,128.0,3
C-S1-DEL,S1,DEL,K02,afternoon,13,158.4,10.8,0.104,1.71,17.97,10.538,observed,A,128.0,3
C-S1-DEL,S1,DEL,K02,evening,1,208.7,128.1,3.644,26.74,626.77,23.441,observed,A,128.0,3
C-S1-DEL,S1,DEL,K02,evening,5,196.2,52.5,1.055,10.3,181.39,17.603,observed,A,128.0,3
C-S1-DEL,S1,DEL,K02,evening,9,179.5,21.8,0.284,3.91,48.89,12.506,observed,A,128.0,3
C-S1-DEL,S1,DEL,K02,evening,13,158.6,10.3,0.099,1.63,17.11,10.523,observed,A,128.0,3
C-S1-DEL,S1,DEL,K03,night,1,277.3,907.2,5.01,251.6,861.65,3.425,observed,A,525.0,2
C-S1-DEL,S1,DEL,K03,night,5,260.7,371.9,1.45,96.97,249.37,2.572,observed,A,525.0,2
C-S1-DEL,S1,DEL,K03,night,9,238.5,154.2,0.391,36.78,67.21,1.827,observed,A,525.0,2
C-S1-DEL,S1,DEL,K03,night,13,210.8,72.6,0.137,15.3,23.52,1.537,observed,A,525.0,2
C-S1-DEL,S1,DEL,K03,morning,1,273.5,2017.7,11.142,551.92,1916.42,3.472,observed,A,525.0,2
C-S1-DEL,S1,DEL,K03,morning,5,257.1,827.2,3.225,212.71,554.63,2.607,observed,A,525.0,2
C-S1-DEL,S1,DEL,K03,morning,9,235.2,343.0,0.869,80.69,149.48,1.853,observed,A,525.0,2
C-S1-DEL,S1,DEL,K03,morning,13,207.9,161.4,0.304,33.56,52.31,1.559,observed,A,525.0,2
C-S1-DEL,S1,DEL,K03,afternoon,1,274.1,2488.0,13.739,681.88,2363.11,3.466,observed,A,525.0,2
C-S1-DEL,S1,DEL,K03,afternoon,5,257.6,1020.1,3.976,262.8,683.91,2.602,observed,A,525.0,2
C-S1-DEL,S1,DEL,K03,afternoon,9,235.7,423.0,1.072,99.69,184.32,1.849,observed,A,525.0,2
C-S1-DEL,S1,DEL,K03,afternoon,13,208.3,199.0,0.375,41.46,64.5,1.556,observed,A,525.0,2
C-S1-DEL,S1,DEL,K03,evening,1,273.7,2216.4,12.239,606.63,2105.18,3.47,observed,A,525.0,2
C-S1-DEL,S1,DEL,K03,evening,5,257.3,908.7,3.542,233.8,609.27,2.606,observed,A,525.0,2
C-S1-DEL,S1,DEL,K03,evening,9,235.4,376.8,0.955,88.69,164.2,1.851,observed,A,525.0,2
C-S1-DEL,S1,DEL,K03,evening,13,208.0,177.3,0.334,36.88,57.46,1.558,observed,A,525.0,2
C-S1-DEL,S1,DEL,K04,night,1,277.7,228.1,1.442,63.35,247.96,3.914,observed,A,178.0,2
C-S1-DEL,S1,DEL,K04,night,5,261.1,93.5,0.417,24.42,71.76,2.939,observed,A,178.0,2
C-S1-DEL,S1,DEL,K04,night,9,238.8,38.8,0.112,9.26,19.34,2.088,observed,A,178.0,2
C-S1-DEL,S1,DEL,K04,night,13,211.1,18.2,0.039,3.85,6.77,1.757,observed,A,178.0,2
C-S1-DEL,S1,DEL,K04,morning,1,266.1,528.7,3.341,140.69,574.68,4.085,observed,A,178.0,2
C-S1-DEL,S1,DEL,K04,morning,5,250.1,216.8,0.967,54.22,166.32,3.067,observed,A,178.0,2
C-S1-DEL,S1,DEL,K04,morning,9,228.8,89.9,0.261,20.57,44.82,2.179,observed,A,178.0,2
C-S1-DEL,S1,DEL,K04,morning,13,202.2,42.3,0.091,8.55,15.69,1.834,observed,A,178.0,2
C-S1-DEL,S1,DEL,K04,afternoon,1,268.7,614.4,3.883,165.06,667.79,4.046,observed,A,178.0,2
C-S1-DEL,S1,DEL,K04,afternoon,5,252.6,251.9,1.124,63.62,193.27,3.038,observed,A,178.0,2
C-S1-DEL,S1,DEL,K04,afternoon,9,231.1,104.4,0.303,24.13,52.09,2.158,observed,A,178.0,2
C-S1-DEL,S1,DEL,K04,afternoon,13,204.2,49.1,0.106,10.04,18.23,1.816,observed,A,178.0,2
C-S1-DEL,S1,DEL,K04,evening,1,270.3,571.6,3.612,154.49,621.3,4.022,observed,A,178.0,2
C-S1-DEL,S1,DEL,K04,evening,5,254.1,234.3,1.045,59.54,179.81,3.02,observed,A,178.0,2
C-S1-DEL,S1,DEL,K04,evening,9,232.5,97.2,0.282,22.59,48.46,2.146,observed,A,178.0,2
C-S1-DEL,S1,DEL,K04,evening,13,205.4,45.7,0.099,9.39,16.96,1.805,observed,A,178.0,2
C-S1-DEL,S1,DEL,K07,night,1,267.9,85.7,0.622,22.95,107.02,4.663,observed,A,78.0,2
C-S1-DEL,S1,DEL,K07,night,5,251.8,35.1,0.18,8.85,30.97,3.502,observed,A,78.0,2
C-S1-DEL,S1,DEL,K07,night,9,230.4,14.6,0.049,3.36,8.35,2.488,observed,A,78.0,2
C-S1-DEL,S1,DEL,K07,night,13,203.6,6.9,0.017,1.4,2.92,2.093,observed,A,78.0,2
C-S1-DEL,S1,DEL,K07,morning,1,262.4,208.2,1.512,54.64,260.06,4.76,observed,A,78.0,2
C-S1-DEL,S1,DEL,K07,morning,5,246.7,85.4,0.438,21.06,75.26,3.574,observed,A,78.0,2
C-S1-DEL,S1,DEL,K07,morning,9,225.7,35.4,0.118,7.99,20.28,2.539,observed,A,78.0,2
C-S1-DEL,S1,DEL,K07,morning,13,199.5,16.7,0.041,3.32,7.1,2.137,observed,A,78.0,2
C-S1-DEL,S1,DEL,K07,afternoon,1,258.9,263.1,1.911,68.13,328.66,4.824,observed,A,78.0,2
C-S1-DEL,S1,DEL,K07,afternoon,5,243.4,107.9,0.553,26.26,95.12,3.623,observed,A,78.0,2
C-S1-DEL,S1,DEL,K07,afternoon,9,222.7,44.7,0.149,9.96,25.64,2.574,observed,A,78.0,2
C-S1-DEL,S1,DEL,K07,afternoon,13,196.8,21.0,0.052,4.14,8.97,2.166,observed,A,78.0,2
C-S1-DEL,S1,DEL,K07,evening,1,259.6,230.9,1.677,59.92,288.37,4.813,observed,A,78.0,2
C-S1-DEL,S1,DEL,K07,evening,5,244.0,94.6,0.485,23.09,83.46,3.614,observed,A,78.0,2
C-S1-DEL,S1,DEL,K07,evening,9,223.2,39.2,0.131,8.76,22.49,2.568,observed,A,78.0,2
C-S1-DEL,S1,DEL,K07,evening,13,197.3,18.5,0.046,3.64,7.87,2.16,observed,A,78.0,2
C-S1-DEL,S1,DEL,K09,night,1,408.9,162.9,0.309,66.6,53.1,0.797,observed,A,43.0,2
C-S1-DEL,S1,DEL,K09,night,5,384.3,66.8,0.089,25.67,15.37,0.599,observed,A,43.0,2
C-S1-DEL,S1,DEL,K09,night,9,351.6,27.7,0.024,9.74,4.14,0.425,observed,A,43.0,2
C-S1-DEL,S1,DEL,K09,night,13,310.7,13.0,0.008,4.05,1.45,0.358,observed,A,43.0,2
C-S1-DEL,S1,DEL,K09,morning,1,396.0,382.1,0.724,151.3,124.54,0.823,observed,A,43.0,2
C-S1-DEL,S1,DEL,K09,morning,5,372.2,156.6,0.21,58.31,36.04,0.618,observed,A,43.0,2
C-S1-DEL,S1,DEL,K09,morning,9,340.6,64.9,0.056,22.12,9.71,0.439,observed,A,43.0,2
C-S1-DEL,S1,DEL,K09,morning,13,301.0,30.6,0.02,9.2,3.4,0.37,observed,A,43.0,2
C-S1-DEL,S1,DEL,K09,afternoon,1,395.6,481.0,0.912,190.28,156.78,0.824,observed,A,43.0,2
C-S1-DEL,S1,DEL,K09,afternoon,5,371.9,197.2,0.264,73.33,45.38,0.619,observed,A,43.0,2
C-S1-DEL,S1,DEL,K09,afternoon,9,340.2,81.8,0.071,27.82,12.23,0.44,observed,A,43.0,2
C-S1-DEL,S1,DEL,K09,afternoon,13,300.7,38.5,0.025,11.57,4.28,0.37,observed,A,43.0,2
C-S1-DEL,S1,DEL,K09,evening,1,393.5,428.4,0.812,168.58,139.64,0.828,observed,A,43.0,2
C-S1-DEL,S1,DEL,K09,evening,5,369.9,175.6,0.235,64.97,40.41,0.622,observed,A,43.0,2
C-S1-DEL,S1,DEL,K09,evening,9,338.5,72.8,0.063,24.65,10.89,0.442,observed,A,43.0,2
C-S1-DEL,S1,DEL,K09,evening,13,299.1,34.3,0.022,10.25,3.81,0.372,observed,A,43.0,2
C-S1-MUM,S1,MUM,K01,night,1,217.9,113.8,2.174,24.79,373.94,15.086,observed,A,232.0,3
C-S1-MUM,S1,MUM,K01,night,5,204.8,46.6,0.629,9.55,108.22,11.329,observed,A,232.0,3
C-S1-MUM,S1,MUM,K01,night,9,187.4,19.3,0.17,3.62,29.17,8.049,observed,A,232.0,3
C-S1-MUM,S1,MUM,K01,night,13,165.6,9.1,0.059,1.51,10.21,6.772,observed,A,232.0,3
C-S1-MUM,S1,MUM,K01,morning,1,214.7,235.7,4.504,50.59,774.66,15.312,observed,A,232.0,3
C-S1-MUM,S1,MUM,K01,morning,5,201.8,96.6,1.303,19.5,224.19,11.498,observed,A,232.0,3
C-S1-MUM,S1,MUM,K01,morning,9,184.6,40.1,0.351,7.4,60.42,8.169,observed,A,232.0,3
C-S1-MUM,S1,MUM,K01,morning,13,163.1,18.9,0.123,3.08,21.14,6.874,observed,A,232.0,3
C-S1-MUM,S1,MUM,K01,afternoon,1,216.4,293.4,5.607,63.5,964.36,15.186,observed,A,232.0,3
C-S1-MUM,S1,MUM,K01,afternoon,5,203.4,120.3,1.623,24.47,279.1,11.404,observed,A,232.0,3
C-S1-MUM,S1,MUM,K01,afternoon,9,186.1,49.9,0.437,9.28,75.22,8.102,observed,A,232.0,3
C-S1-MUM,S1,MUM,K01,afternoon,13,164.5,23.5,0.153,3.86,26.32,6.817,observed,A,232.0,3
C-S1-MUM,S1,MUM,K01,evening,1,213.5,296.4,5.665,63.28,974.35,15.396,observed,A,232.0,3
C-S1-MUM,S1,MUM,K01,evening,5,200.7,121.5,1.639,24.39,281.99,11.562,observed,A,232.0,3
C-S1-MUM,S1,MUM,K01,evening,9,183.6,50.4,0.442,9.25,76.0,8.214,observed,A,232.0,3
C-S1-MUM,S1,MUM,K01,evening,13,162.2,23.7,0.155,3.85,26.59,6.912,observed,A,232.0,3
C-S1-MUM,S1,MUM,K02,night,1,239.7,38.5,1.167,9.22,200.76,21.785,observed,A,168.0,2
C-S1-MUM,S1,MUM,K02,night,5,225.3,15.8,0.338,3.55,58.1,16.359,observed,A,168.0,2
C-S1-MUM,S1,MUM,K02,night,9,206.1,6.5,0.091,1.35,15.66,11.623,observed,A,168.0,2
C-S1-MUM,S1,MUM,K02,night,13,182.1,3.1,0.032,0.56,5.48,9.78,observed,A,168.0,2
C-S1-MUM,S1,MUM,K02,morning,1,238.3,94.0,2.853,22.4,490.77,21.912,observed,A,168.0,2
C-S1-MUM,S1,MUM,K02,morning,5,224.0,38.5,0.826,8.63,142.03,16.454,observed,A,168.0,2
C-S1-MUM,S1,MUM,K02,morning,9,204.9,16.0,0.223,3.27,38.28,11.69,observed,A,168.0,2
C-S1-MUM,S1,MUM,K02,morning,13,181.1,7.5,0.078,1.36,13.4,9.837,observed,A,168.0,2
C-S1-MUM,S1,MUM,K02,afternoon,1,237.6,115.9,3.518,27.54,605.15,21.977,observed,A,168.0,2
C-S1-MUM,S1,MUM,K02,afternoon,5,223.3,47.5,1.018,10.61,175.14,16.503,observed,A,168.0,2
C-S1-MUM,S1,MUM,K02,afternoon,9,204.3,19.7,0.274,4.03,47.2,11.725,observed,A,168.0,2
C-S1-MUM,S1,MUM,K02,afternoon,13,180.6,9.3,0.096,1.67,16.52,9.866,observed,A,168.0,2
C-S1-MUM,S1,MUM,K02,evening,1,233.4,127.2,3.861,29.7,664.17,22.365,observed,A,168.0,2
C-S1-MUM,S1,MUM,K02,evening,5,219.4,52.2,1.118,11.45,192.22,16.795,observed,A,168.0,2
C-S1-MUM,S1,MUM,K02,evening,9,200.8,21.6,0.301,4.34,51.81,11.932,observed,A,168.0,2
C-S1-MUM,S1,MUM,K02,evening,13,177.4,10.2,0.105,1.81,18.13,10.04,observed,A,168.0,2
C-S1-MUM,S1,MUM,K03,night,1,328.3,525.6,2.775,172.54,477.34,2.767,observed,A,256.0,3
C-S1-MUM,S1,MUM,K03,night,5,308.6,215.5,0.803,66.5,138.15,2.077,observed,A,256.0,3
C-S1-MUM,S1,MUM,K03,night,9,282.3,89.4,0.216,25.23,37.23,1.476,observed,A,256.0,3
C-S1-MUM,S1,MUM,K03,night,13,249.5,42.1,0.076,10.49,13.03,1.242,observed,A,256.0,3
C-S1-MUM,S1,MUM,K03,morning,1,323.2,986.8,5.21,318.93,896.16,2.81,observed,A,256.0,3
C-S1-MUM,S1,MUM,K03,morning,5,303.8,404.6,1.508,122.91,259.36,2.11,observed,A,256.0,3
C-S1-MUM,S1,MUM,K03,morning,9,277.9,167.8,0.406,46.63,69.9,1.499,observed,A,256.0,3
C-S1-MUM,S1,MUM,K03,morning,13,245.6,78.9,0.142,19.39,24.46,1.261,observed,A,256.0,3
C-S1-MUM,S1,MUM,K03,afternoon,1,320.0,1331.4,7.029,426.08,1209.05,2.838,observed,A,256.0,3
C-S1-MUM,S1,MUM,K03,afternoon,5,300.8,545.9,2.034,164.21,349.91,2.131,observed,A,256.0,3
C-S1-MUM,S1,MUM,K03,afternoon,9,275.2,226.3,0.548,62.29,94.31,1.514,observed,A,256.0,3
C-S1-MUM,S1,MUM,K03,afternoon,13,243.2,106.5,0.192,25.91,33.0,1.274,observed,A,256.0,3
C-S1-MUM,S1,MUM,K03,evening,1,322.2,1303.5,6.882,419.95,1183.77,2.819,observed,A,256.0,3
C-S1-MUM,S1,MUM,K03,evening,5,302.8,534.5,1.992,161.85,342.6,2.117,observed,A,256.0,3
C-S1-MUM,S1,MUM,K03,evening,9,277.1,221.6,0.537,61.4,92.33,1.504,observed,A,256.0,3
C-S1-MUM,S1,MUM,K03,evening,13,244.8,104.3,0.188,25.53,32.31,1.265,observed,A,256.0,3
C-S1-MUM,S1,MUM,K04,night,1,339.7,172.8,1.072,58.71,184.44,3.142,observed,A,97.0,3
C-S1-MUM,S1,MUM,K04,night,5,319.3,70.9,0.31,22.63,53.38,2.359,observed,A,97.0,3
C-S1-MUM,S1,MUM,K04,night,9,292.1,29.4,0.084,8.58,14.39,1.676,observed,A,97.0,3
C-S1-MUM,S1,MUM,K04,night,13,258.2,13.8,0.029,3.57,5.03,1.41,observed,A,97.0,3
C-S1-MUM,S1,MUM,K04,morning,1,335.8,336.4,2.087,112.95,358.97,3.178,observed,A,97.0,3
C-S1-MUM,S1,MUM,K04,morning,5,315.6,137.9,0.604,43.53,103.89,2.387,observed,A,97.0,3
C-S1-MUM,S1,MUM,K04,morning,9,288.8,57.2,0.163,16.51,28.0,1.696,observed,A,97.0,3
C-S1-MUM,S1,MUM,K04,morning,13,255.2,26.9,0.057,6.87,9.8,1.427,observed,A,97.0,3
C-S1-MUM,S1,MUM,K04,afternoon,1,334.9,407.1,2.526,136.33,434.46,3.187,observed,A,97.0,3
C-S1-MUM,S1,MUM,K04,afternoon,5,314.8,166.9,0.731,52.54,125.74,2.393,observed,A,97.0,3
C-S1-MUM,S1,MUM,K04,afternoon,9,288.0,69.2,0.197,19.93,33.89,1.7,observed,A,97.0,3
C-S1-MUM,S1,MUM,K04,afternoon,13,254.5,32.6,0.069,8.29,11.86,1.431,observed,A,97.0,3
C-S1-MUM,S1,MUM,K04,evening,1,331.9,437.8,2.716,145.3,467.22,3.216,observed,A,97.0,3
C-S1-MUM,S1,MUM,K04,evening,5,312.0,179.5,0.786,56.0,135.22,2.415,observed,A,97.0,3
C-S1-MUM,S1,MUM,K04,evening,9,285.4,74.4,0.212,21.24,36.44,1.716,observed,A,97.0,3
C-S1-MUM,S1,MUM,K04,evening,13,252.2,35.0,0.074,8.83,12.75,1.444,observed,A,97.0,3
C-S1-MUM,S1,MUM,K07,night,1,307.4,45.6,0.456,14.03,78.48,5.594,observed,A,58.0,2
C-S1-MUM,S1,MUM,K07,night,5,288.9,18.7,0.132,5.41,22.71,4.201,observed,A,58.0,2
C-S1-MUM,S1,MUM,K07,night,9,264.4,7.8,0.036,2.05,6.12,2.985,observed,A,58.0,2
C-S1-MUM,S1,MUM,K07,night,13,233.6,3.7,0.012,0.85,2.14,2.511,observed,A,58.0,2
C-S1-MUM,S1,MUM,K07,morning,1,297.8,101.5,1.015,30.23,174.6,5.775,observed,A,58.0,2
C-S1-MUM,S1,MUM,K07,morning,5,279.9,41.6,0.294,11.65,50.53,4.336,observed,A,58.0,2
C-S1-MUM,S1,MUM,K07,morning,9,256.1,17.3,0.079,4.42,13.62,3.081,observed,A,58.0,2
C-S1-MUM,S1,MUM,K07,morning,13,226.3,8.1,0.028,1.84,4.77,2.592,observed,A,58.0,2
C-S1-MUM,S1,MUM,K07,afternoon,1,295.1,127.5,1.274,37.62,219.19,5.827,observed,A,58.0,2
C-S1-MUM,S1,MUM,K07,afternoon,5,277.4,52.3,0.369,14.5,63.44,4.375,observed,A,58.0,2
C-S1-MUM,S1,MUM,K07,afternoon,9,253.8,21.7,0.099,5.5,17.1,3.109,observed,A,58.0,2
C-S1-MUM,S1,MUM,K07,afternoon,13,224.3,10.2,0.035,2.29,5.98,2.616,observed,A,58.0,2
C-S1-MUM,S1,MUM,K07,evening,1,292.9,125.1,1.251,36.65,215.19,5.871,observed,A,58.0,2
C-S1-MUM,S1,MUM,K07,evening,5,275.3,51.3,0.362,14.13,62.28,4.409,observed,A,58.0,2
C-S1-MUM,S1,MUM,K07,evening,9,251.9,21.3,0.098,5.36,16.78,3.132,observed,A,58.0,2
C-S1-MUM,S1,MUM,K07,evening,13,222.6,10.0,0.034,2.23,5.87,2.636,observed,A,58.0,2
C-S1-MUM,S1,MUM,K09,night,1,486.7,219.7,0.426,106.94,73.29,0.685,observed,A,56.0,2
C-S1-MUM,S1,MUM,K09,night,5,457.5,90.1,0.123,41.22,21.21,0.515,observed,A,56.0,2
C-S1-MUM,S1,MUM,K09,night,9,418.6,37.4,0.033,15.64,5.72,0.366,observed,A,56.0,2
C-S1-MUM,S1,MUM,K09,night,13,369.9,17.6,0.012,6.5,2.0,0.308,observed,A,56.0,2
C-S1-MUM,S1,MUM,K09,morning,1,485.1,457.0,0.886,221.69,152.43,0.688,observed,A,56.0,3
C-S1-MUM,S1,MUM,K09,morning,5,456.0,187.4,0.256,85.44,44.11,0.516,observed,A,56.0,3
C-S1-MUM,S1,MUM,K09,morning,9,417.2,77.7,0.069,32.41,11.89,0.367,observed,A,56.0,3
C-S1-MUM,S1,MUM,K09,morning,13,368.7,36.6,0.024,13.48,4.16,0.309,observed,A,56.0,3
C-S1-MUM,S1,MUM,K09,afternoon,1,484.9,570.3,1.106,276.51,190.21,0.688,observed,A,56.0,3
C-S1-MUM,S1,MUM,K09,afternoon,5,455.8,233.8,0.32,106.57,55.05,0.517,observed,A,56.0,3
C-S1-MUM,S1,MUM,K09,afternoon,9,417.0,96.9,0.086,40.43,14.84,0.367,observed,A,56.0,3
C-S1-MUM,S1,MUM,K09,afternoon,13,368.5,45.6,0.03,16.81,5.19,0.309,observed,A,56.0,3
C-S1-MUM,S1,MUM,K09,evening,1,481.5,569.1,1.104,274.0,189.82,0.693,observed,A,56.0,3
C-S1-MUM,S1,MUM,K09,evening,5,452.6,233.3,0.319,105.6,54.94,0.52,observed,A,56.0,3
C-S1-MUM,S1,MUM,K09,evening,9,414.1,96.7,0.086,40.06,14.81,0.37,observed,A,56.0,3
C-S1-MUM,S1,MUM,K09,evening,13,365.9,45.5,0.03,16.66,5.18,0.311,observed,A,56.0,3
C-S1-BLR,S1,BLR,K01,night,1,215.4,75.1,1.382,16.17,237.76,14.702,observed,A,129.0,4
C-S1-BLR,S1,BLR,K01,night,5,202.5,30.8,0.4,6.23,68.81,11.04,observed,A,129.0,4
C-S1-BLR,S1,BLR,K01,night,9,185.3,12.8,0.108,2.36,18.55,7.844,observed,A,129.0,4
C-S1-BLR,S1,BLR,K01,night,13,163.7,6.0,0.038,0.98,6.49,6.6,observed,A,129.0,4
C-S1-BLR,S1,BLR,K01,morning,1,215.9,185.6,3.418,40.08,587.92,14.67,observed,A,129.0,4
C-S1-BLR,S1,BLR,K01,morning,5,202.9,76.1,0.989,15.45,170.15,11.016,observed,A,129.0,4
C-S1-BLR,S1,BLR,K01,morning,9,185.7,31.6,0.267,5.86,45.86,7.827,observed,A,129.0,4
C-S1-BLR,S1,BLR,K01,morning,13,164.1,14.9,0.093,2.44,16.05,6.586,observed,A,129.0,4
C-S1-BLR,S1,BLR,K01,afternoon,1,216.1,228.1,4.2,49.29,722.43,14.656,observed,A,129.0,4
C-S1-BLR,S1,BLR,K01,afternoon,5,203.1,93.5,1.216,19.0,209.08,11.006,observed,A,129.0,4
C-S1-BLR,S1,BLR,K01,afternoon,9,185.8,38.8,0.328,7.21,56.35,7.819,observed,A,129.0,4
C-S1-BLR,S1,BLR,K01,afternoon,13,164.2,18.2,0.115,3.0,19.72,6.58,observed,A,129.0,4
C-S1-BLR,S1,BLR,K01,evening,1,213.5,277.7,5.114,59.31,879.64,14.832,observed,A,129.0,4
C-S1-BLR,S1,BLR,K01,evening,5,200.7,113.9,1.48,22.86,254.58,11.138,observed,A,129.0,4
C-S1-BLR,S1,BLR,K01,evening,9,183.6,47.2,0.399,8.67,68.61,7.913,observed,A,129.0,4
C-S1-BLR,S1,BLR,K01,evening,13,162.3,22.2,0.14,3.61,24.01,6.659,observed,A,129.0,4
C-S1-BLR,S1,BLR,K02,night,1,229.5,28.3,0.714,6.49,122.82,18.913,observed,A,146.0,2
C-S1-BLR,S1,BLR,K02,night,5,215.7,11.6,0.207,2.5,35.55,14.202,observed,A,146.0,2
C-S1-BLR,S1,BLR,K02,night,9,197.3,4.8,0.056,0.95,9.58,10.09,observed,A,146.0,2
C-S1-BLR,S1,BLR,K02,night,13,174.4,2.3,0.019,0.39,3.35,8.49,observed,A,146.0,2
C-S1-BLR,S1,BLR,K02,morning,1,225.8,84.3,2.128,19.05,365.98,19.216,observed,A,146.0,2
C-S1-BLR,S1,BLR,K02,morning,5,212.3,34.6,0.616,7.34,105.92,14.43,observed,A,146.0,2
C-S1-BLR,S1,BLR,K02,morning,9,194.2,14.3,0.166,2.78,28.55,10.252,observed,A,146.0,2
C-S1-BLR,S1,BLR,K02,morning,13,171.6,6.7,0.058,1.16,9.99,8.626,observed,A,146.0,2
C-S1-BLR,S1,BLR,K02,afternoon,1,224.5,107.9,2.722,24.23,468.21,19.326,observed,A,146.0,2
C-S1-BLR,S1,BLR,K02,afternoon,5,211.1,44.2,0.788,9.34,135.51,14.513,observed,A,146.0,2
C-S1-BLR,S1,BLR,K02,afternoon,9,193.1,18.3,0.212,3.54,36.52,10.311,observed,A,146.0,2
C-S1-BLR,S1,BLR,K02,afternoon,13,170.7,8.6,0.074,1.47,12.78,8.676,observed,A,146.0,2
C-S1-BLR,S1,BLR,K02,evening,1,219.2,125.2,3.16,27.45,543.46,19.802,observed,A,146.0,2
C-S1-BLR,S1,BLR,K02,evening,5,206.0,51.3,0.914,10.58,157.28,14.87,observed,A,146.0,2
C-S1-BLR,S1,BLR,K02,evening,9,188.5,21.3,0.246,4.01,42.39,10.565,observed,A,146.0,2
C-S1-BLR,S1,BLR,K02,evening,13,166.6,10.0,0.086,1.67,14.83,8.889,observed,A,146.0,2
C-S1-BLR,S1,BLR,K03,night,1,296.1,526.0,2.924,155.73,502.86,3.229,observed,A,371.0,2
C-S1-BLR,S1,BLR,K03,night,5,278.3,215.7,0.846,60.02,145.53,2.425,observed,A,371.0,2
C-S1-BLR,S1,BLR,K03,night,9,254.6,89.4,0.228,22.77,39.22,1.723,observed,A,371.0,2
C-S1-BLR,S1,BLR,K03,night,13,225.0,42.1,0.08,9.47,13.73,1.45,observed,A,371.0,2
C-S1-BLR,S1,BLR,K03,morning,1,286.0,1253.0,6.964,358.32,1197.81,3.343,observed,A,371.0,2
C-S1-BLR,S1,BLR,K03,morning,5,268.8,513.7,2.015,138.1,346.66,2.51,observed,A,371.0,2
C-S1-BLR,S1,BLR,K03,morning,9,245.9,213.0,0.543,52.39,93.43,1.783,observed,A,371.0,2
C-S1-BLR,S1,BLR,K03,morning,13,217.3,100.2,0.19,21.79,32.69,1.501,observed,A,371.0,2
C-S1-BLR,S1,BLR,K03,afternoon,1,288.3,1543.2,8.577,444.85,1475.3,3.316,observed,A,371.0,3
C-S1-BLR,S1,BLR,K03,afternoon,5,271.0,632.7,2.482,171.45,426.97,2.49,observed,A,371.0,3
C-S1-BLR,S1,BLR,K03,afternoon,9,247.9,262.3,0.669,65.04,115.07,1.769,observed,A,371.0,3
C-S1-BLR,S1,BLR,K03,afternoon,13,219.1,123.5,0.234,27.05,40.27,1.489,observed,A,371.0,3
C-S1-BLR,S1,BLR,K03,evening,1,282.1,1834.4,10.196,517.57,1753.67,3.388,observed,A,371.0,2
C-S1-BLR,S1,BLR,K03,evening,5,265.2,752.1,2.951,199.47,507.53,2.544,observed,A,371.0,2
C-S1-BLR,S1,BLR,K03,evening,9,242.6,311.8,0.795,75.67,136.79,1.808,observed,A,371.0,2
C-S1-BLR,S1,BLR,K03,evening,13,214.4,146.8,0.278,31.47,47.86,1.521,observed,A,371.0,2
C-S1-BLR,S1,BLR,K04,night,1,315.1,86.4,0.599,27.21,103.02,3.786,observed,A,91.0,2
C-S1-BLR,S1,BLR,K04,night,5,296.2,35.4,0.173,10.49,29.82,2.843,observed,A,91.0,2
C-S1-BLR,S1,BLR,K04,night,9,271.0,14.7,0.047,3.98,8.04,2.02,observed,A,91.0,2
C-S1-BLR,S1,BLR,K04,night,13,239.5,6.9,0.016,1.65,2.81,1.699,observed,A,91.0,2
C-S1-BLR,S1,BLR,K04,morning,1,305.5,218.6,1.516,66.76,260.71,3.905,observed,A,91.0,2
C-S1-BLR,S1,BLR,K04,morning,5,287.1,89.6,0.439,25.73,75.45,2.933,observed,A,91.0,2
C-S1-BLR,S1,BLR,K04,morning,9,262.7,37.2,0.118,9.76,20.34,2.083,observed,A,91.0,2
C-S1-BLR,S1,BLR,K04,morning,13,232.2,17.5,0.041,4.06,7.12,1.753,observed,A,91.0,2
C-S1-BLR,S1,BLR,K04,afternoon,1,307.2,259.8,1.802,79.83,309.95,3.883,observed,A,91.0,2
C-S1-BLR,S1,BLR,K04,afternoon,5,288.8,106.5,0.522,30.76,89.7,2.916,observed,A,91.0,2
C-S1-BLR,S1,BLR,K04,afternoon,9,264.2,44.2,0.141,11.67,24.18,2.072,observed,A,91.0,2
C-S1-BLR,S1,BLR,K04,afternoon,13,233.5,20.8,0.049,4.85,8.46,1.743,observed,A,91.0,2
C-S1-BLR,S1,BLR,K04,evening,1,299.9,297.4,2.063,89.19,354.8,3.978,observed,A,91.0,2
C-S1-BLR,S1,BLR,K04,evening,5,281.9,121.9,0.597,34.37,102.68,2.987,observed,A,91.0,2
C-S1-BLR,S1,BLR,K04,evening,9,257.9,50.6,0.161,13.04,27.67,2.122,observed,A,91.0,2
C-S1-BLR,S1,BLR,K04,evening,13,227.9,23.8,0.056,5.42,9.68,1.786,observed,A,91.0,2
C-S1-BLR,S1,BLR,K07,night,1,289.6,52.1,0.347,15.1,59.75,3.958,observed,A,53.0,2
C-S1-BLR,S1,BLR,K07,night,5,272.2,21.4,0.101,5.82,17.29,2.972,observed,A,53.0,2
C-S1-BLR,S1,BLR,K07,night,9,249.1,8.9,0.027,2.21,4.66,2.112,observed,A,53.0,2
C-S1-BLR,S1,BLR,K07,night,13,220.1,4.2,0.009,0.92,1.63,1.777,observed,A,53.0,2
C-S1-BLR,S1,BLR,K07,morning,1,280.4,142.6,0.95,39.99,163.48,4.088,observed,A,53.0,2
C-S1-BLR,S1,BLR,K07,morning,5,263.6,58.5,0.275,15.41,47.31,3.07,observed,A,53.0,2
C-S1-BLR,S1,BLR,K07,morning,9,241.2,24.2,0.074,5.85,12.75,2.181,observed,A,53.0,2
C-S1-BLR,S1,BLR,K07,morning,13,213.1,11.4,0.026,2.43,4.46,1.835,observed,A,53.0,2
C-S1-BLR,S1,BLR,K07,afternoon,1,280.0,185.1,1.234,51.82,212.18,4.095,observed,A,53.0,2
C-S1-BLR,S1,BLR,K07,afternoon,5,263.2,75.9,0.357,19.97,61.41,3.075,observed,A,53.0,2
C-S1-BLR,S1,BLR,K07,afternoon,9,240.8,31.5,0.096,7.58,16.55,2.185,observed,A,53.0,2
C-S1-BLR,S1,BLR,K07,afternoon,13,212.8,14.8,0.034,3.15,5.79,1.838,observed,A,53.0,2
C-S1-BLR,S1,BLR,K07,evening,1,274.0,196.6,1.31,53.86,225.39,4.184,observed,A,53.0,2
C-S1-BLR,S1,BLR,K07,evening,5,257.5,80.6,0.379,20.76,65.23,3.142,observed,A,53.0,2
C-S1-BLR,S1,BLR,K07,evening,9,235.6,33.4,0.102,7.87,17.58,2.232,observed,A,53.0,2
C-S1-BLR,S1,BLR,K07,evening,13,208.2,15.7,0.036,3.27,6.15,1.878,observed,A,53.0,2
C-S1-BLR,S1,BLR,K09,night,1,457.1,153.2,0.317,70.03,54.6,0.78,observed,A,39.0,3
C-S1-BLR,S1,BLR,K09,night,5,429.7,62.8,0.092,26.99,15.8,0.585,observed,A,39.0,3
C-S1-BLR,S1,BLR,K09,night,9,393.1,26.0,0.025,10.24,4.26,0.416,observed,A,39.0,3
C-S1-BLR,S1,BLR,K09,night,13,347.4,12.3,0.009,4.26,1.49,0.35,observed,A,39.0,3
C-S1-BLR,S1,BLR,K09,morning,1,450.0,322.0,0.667,144.9,114.76,0.792,observed,A,39.0,3
C-S1-BLR,S1,BLR,K09,morning,5,423.0,132.0,0.193,55.85,33.21,0.595,observed,A,39.0,3
C-S1-BLR,S1,BLR,K09,morning,9,387.0,54.7,0.052,21.18,8.95,0.423,observed,A,39.0,3
C-S1-BLR,S1,BLR,K09,morning,13,342.0,25.8,0.018,8.81,3.13,0.356,observed,A,39.0,3
C-S1-BLR,S1,BLR,K09,afternoon,1,447.1,436.3,0.904,195.07,155.49,0.797,observed,A,39.0,3
C-S1-BLR,S1,BLR,K09,afternoon,5,420.3,178.9,0.262,75.18,45.0,0.599,observed,A,39.0,3
C-S1-BLR,S1,BLR,K09,afternoon,9,384.5,74.2,0.071,28.52,12.13,0.425,observed,A,39.0,3
C-S1-BLR,S1,BLR,K09,afternoon,13,339.8,34.9,0.025,11.86,4.24,0.358,observed,A,39.0,3
C-S1-BLR,S1,BLR,K09,evening,1,440.3,517.9,1.073,228.02,184.56,0.809,observed,A,39.0,3
C-S1-BLR,S1,BLR,K09,evening,5,413.9,212.3,0.311,87.88,53.41,0.608,observed,A,39.0,3
C-S1-BLR,S1,BLR,K09,evening,9,378.6,88.0,0.084,33.34,14.4,0.432,observed,A,39.0,3
C-S1-BLR,S1,BLR,K09,evening,13,334.6,41.4,0.029,13.86,5.04,0.363,observed,A,39.0,3
C-S1-HYD,S1,HYD,K01,night,1,189.6,58.9,1.348,11.17,231.92,20.769,observed,A,89.0,5
C-S1-HYD,S1,HYD,K01,night,5,178.3,24.1,0.39,4.3,67.12,15.597,observed,A,89.0,5
C-S1-HYD,S1,HYD,K01,night,9,163.1,10.0,0.105,1.63,18.09,11.081,observed,A,89.0,5
C-S1-HYD,S1,HYD,K01,night,13,144.1,4.7,0.037,0.68,6.33,9.324,observed,A,89.0,5
C-S1-HYD,S1,HYD,K01,morning,1,193.9,151.3,3.465,29.34,595.92,20.31,observed,A,89.0,5
C-S1-HYD,S1,HYD,K01,morning,5,182.3,62.0,1.003,11.31,172.47,15.251,observed,A,89.0,5
C-S1-HYD,S1,HYD,K01,morning,9,166.8,25.7,0.27,4.29,46.48,10.836,observed,A,89.0,5
C-S1-HYD,S1,HYD,K01,morning,13,147.4,12.1,0.095,1.78,16.27,9.117,observed,A,89.0,5
C-S1-HYD,S1,HYD,K01,afternoon,1,193.8,177.0,4.052,34.29,696.98,20.323,observed,A,89.0,5
C-S1-HYD,S1,HYD,K01,afternoon,5,182.2,72.6,1.173,13.22,201.71,15.261,observed,A,89.0,5
C-S1-HYD,S1,HYD,K01,afternoon,9,166.7,30.1,0.316,5.01,54.36,10.843,observed,A,89.0,5
C-S1-HYD,S1,HYD,K01,afternoon,13,147.3,14.2,0.111,2.09,19.02,9.123,observed,A,89.0,5
C-S1-HYD,S1,HYD,K01,evening,1,192.8,162.1,3.712,31.25,638.47,20.433,observed,A,89.0,5
C-S1-HYD,S1,HYD,K01,evening,5,181.2,66.5,1.074,12.04,184.78,15.344,observed,A,89.0,5
C-S1-HYD,S1,HYD,K01,evening,9,165.8,27.6,0.29,4.57,49.8,10.901,observed,A,89.0,5
C-S1-HYD,S1,HYD,K01,evening,13,146.5,13.0,0.101,1.9,17.43,9.173,observed,A,89.0,5
C-S1-HYD,S1,HYD,K02,night,1,204.6,14.7,0.45,3.01,77.42,25.751,observed,A,67.0,3
C-S1-HYD,S1,HYD,K02,night,5,192.4,6.0,0.13,1.16,22.41,19.337,observed,A,67.0,3
C-S1-HYD,S1,HYD,K02,night,9,176.0,2.5,0.035,0.44,6.04,13.738,observed,A,67.0,3
C-S1-HYD,S1,HYD,K02,night,13,155.5,1.2,0.012,0.18,2.11,11.56,observed,A,67.0,3
C-S1-HYD,S1,HYD,K02,morning,1,205.3,50.8,1.556,10.43,267.68,25.665,observed,A,67.0,3
C-S1-HYD,S1,HYD,K02,morning,5,193.0,20.8,0.45,4.02,77.47,19.273,observed,A,67.0,3
C-S1-HYD,S1,HYD,K02,morning,9,176.6,8.6,0.121,1.52,20.88,13.693,observed,A,67.0,3
C-S1-HYD,S1,HYD,K02,morning,13,156.0,4.1,0.042,0.63,7.31,11.521,observed,A,67.0,3
C-S1-HYD,S1,HYD,K02,afternoon,1,205.9,60.8,1.862,12.51,320.2,25.595,observed,A,67.0,3
C-S1-HYD,S1,HYD,K02,afternoon,5,193.5,24.9,0.539,4.82,92.67,19.22,observed,A,67.0,3
C-S1-HYD,S1,HYD,K02,afternoon,9,177.1,10.3,0.145,1.83,24.98,13.655,observed,A,67.0,3
C-S1-HYD,S1,HYD,K02,afternoon,13,156.5,4.9,0.051,0.76,8.74,11.49,observed,A,67.0,3
C-S1-HYD,S1,HYD,K02,evening,1,199.5,60.1,1.84,11.98,316.51,26.42,observed,A,67.0,3
C-S1-HYD,S1,HYD,K02,evening,5,187.5,24.6,0.533,4.62,91.6,19.84,observed,A,67.0,3
C-S1-HYD,S1,HYD,K02,evening,9,171.5,10.2,0.144,1.75,24.69,14.096,observed,A,67.0,3
C-S1-HYD,S1,HYD,K02,evening,13,151.6,4.8,0.05,0.73,8.64,11.86,observed,A,67.0,3
C-S1-HYD,S1,HYD,K03,night,1,276.0,317.8,1.58,87.69,271.7,3.098,observed,A,184.0,2
C-S1-HYD,S1,HYD,K03,night,5,259.4,130.3,0.457,33.8,78.63,2.327,observed,A,184.0,2
C-S1-HYD,S1,HYD,K03,night,9,237.3,54.0,0.123,12.82,21.19,1.653,observed,A,184.0,2
C-S1-HYD,S1,HYD,K03,night,13,209.7,25.4,0.043,5.33,7.42,1.391,observed,A,184.0,2
C-S1-HYD,S1,HYD,K03,morning,1,268.2,752.7,3.742,201.84,643.55,3.188,observed,A,184.0,2
C-S1-HYD,S1,HYD,K03,morning,5,252.1,308.6,1.083,77.79,186.25,2.394,observed,A,184.0,2
C-S1-HYD,S1,HYD,K03,morning,9,230.6,128.0,0.292,29.51,50.2,1.701,observed,A,184.0,2
C-S1-HYD,S1,HYD,K03,morning,13,203.8,60.2,0.102,12.27,17.57,1.431,observed,A,184.0,2
C-S1-HYD,S1,HYD,K03,afternoon,1,268.9,853.1,4.241,229.39,729.39,3.18,observed,A,184.0,3
C-S1-HYD,S1,HYD,K03,afternoon,5,252.8,349.8,1.227,88.41,211.09,2.388,observed,A,184.0,3
C-S1-HYD,S1,HYD,K03,afternoon,9,231.2,145.0,0.331,33.54,56.89,1.696,observed,A,184.0,3
C-S1-HYD,S1,HYD,K03,afternoon,13,204.4,68.2,0.116,13.95,19.91,1.427,observed,A,184.0,3
C-S1-HYD,S1,HYD,K03,evening,1,263.5,816.0,4.056,215.02,697.69,3.245,observed,A,184.0,2
C-S1-HYD,S1,HYD,K03,evening,5,247.7,334.6,1.174,82.87,201.92,2.437,observed,A,184.0,2
C-S1-HYD,S1,HYD,K03,evening,9,226.6,138.7,0.316,31.44,54.42,1.731,observed,A,184.0,2
C-S1-HYD,S1,HYD,K03,evening,13,200.3,65.3,0.111,13.07,19.04,1.457,observed,A,184.0,2
C-S1-HYD,S1,HYD,K04,night,1,270.4,69.6,0.378,18.82,65.09,3.459,observed,A,62.0,2
C-S1-HYD,S1,HYD,K04,night,5,254.2,28.5,0.11,7.25,18.84,2.597,observed,A,62.0,2
C-S1-HYD,S1,HYD,K04,night,9,232.6,11.8,0.03,2.75,5.08,1.845,observed,A,62.0,2
C-S1-HYD,S1,HYD,K04,night,13,205.5,5.6,0.01,1.14,1.78,1.553,observed,A,62.0,2
C-S1-HYD,S1,HYD,K04,morning,1,261.9,186.3,1.013,48.8,174.3,3.571,observed,A,62.0,2
C-S1-HYD,S1,HYD,K04,morning,5,246.2,76.4,0.293,18.81,50.44,2.682,observed,A,62.0,2
C-S1-HYD,S1,HYD,K04,morning,9,225.2,31.7,0.079,7.13,13.6,1.905,observed,A,62.0,2
C-S1-HYD,S1,HYD,K04,morning,13,199.1,14.9,0.028,2.97,4.76,1.603,observed,A,62.0,2
C-S1-HYD,S1,HYD,K04,afternoon,1,261.5,224.9,1.223,58.83,210.42,3.577,observed,A,62.0,2
C-S1-HYD,S1,HYD,K04,afternoon,5,245.8,92.2,0.354,22.67,60.9,2.686,observed,A,62.0,2
C-S1-HYD,S1,HYD,K04,afternoon,9,224.9,38.2,0.095,8.6,16.41,1.908,observed,A,62.0,2
C-S1-HYD,S1,HYD,K04,afternoon,13,198.8,18.0,0.033,3.58,5.74,1.606,observed,A,62.0,2
C-S1-HYD,S1,HYD,K04,evening,1,258.3,205.3,1.116,53.02,192.0,3.621,observed,A,62.0,2
C-S1-HYD,S1,HYD,K04,evening,5,242.8,84.2,0.323,20.43,55.57,2.719,observed,A,62.0,2
C-S1-HYD,S1,HYD,K04,evening,9,222.1,34.9,0.087,7.75,14.98,1.932,observed,A,62.0,2
C-S1-HYD,S1,HYD,K04,evening,13,196.3,16.4,0.03,3.22,5.24,1.626,observed,A,62.0,2
C-S1-HYD,S1,HYD,K07,night,1,258.0,21.8,0.15,5.64,25.87,4.592,observed,B,22.0,2
C-S1-HYD,S1,HYD,K07,night,5,242.5,9.0,0.044,2.17,7.49,3.448,observed,B,22.0,2
C-S1-HYD,S1,HYD,K07,night,9,221.9,3.7,0.012,0.82,2.02,2.45,observed,B,22.0,2
C-S1-HYD,S1,HYD,K07,night,13,196.1,1.7,0.004,0.34,0.71,2.061,observed,B,22.0,2
C-S1-HYD,S1,HYD,K07,morning,1,249.2,74.1,0.511,18.48,87.82,4.753,observed,B,22.0,2
C-S1-HYD,S1,HYD,K07,morning,5,234.3,30.4,0.148,7.12,25.42,3.569,observed,B,22.0,2
C-S1-HYD,S1,HYD,K07,morning,9,214.4,12.6,0.04,2.7,6.85,2.536,observed,B,22.0,2
C-S1-HYD,S1,HYD,K07,morning,13,189.4,5.9,0.014,1.12,2.4,2.134,observed,B,22.0,2
C-S1-HYD,S1,HYD,K07,afternoon,1,251.6,86.5,0.596,21.77,102.53,4.709,observed,B,22.0,2
C-S1-HYD,S1,HYD,K07,afternoon,5,236.5,35.5,0.173,8.39,29.67,3.536,observed,B,22.0,2
C-S1-HYD,S1,HYD,K07,afternoon,9,216.4,14.7,0.046,3.18,8.0,2.512,observed,B,22.0,2
C-S1-HYD,S1,HYD,K07,afternoon,13,191.2,6.9,0.016,1.32,2.8,2.114,observed,B,22.0,2
C-S1-HYD,S1,HYD,K07,evening,1,247.7,78.4,0.54,19.42,92.88,4.782,observed,B,22.0,2
C-S1-HYD,S1,HYD,K07,evening,5,232.9,32.1,0.156,7.49,26.88,3.591,observed,B,22.0,2
C-S1-HYD,S1,HYD,K07,evening,9,213.1,13.3,0.042,2.84,7.24,2.551,observed,B,22.0,2
C-S1-HYD,S1,HYD,K07,evening,13,188.3,6.3,0.015,1.18,2.54,2.147,observed,B,22.0,2
C-S1-HYD,S1,HYD,K09,night,1,410.6,106.5,0.192,43.74,33.05,0.755,observed,A,50.0,1
C-S1-HYD,S1,HYD,K09,night,5,385.9,43.7,0.056,16.86,9.56,0.567,observed,A,50.0,1
C-S1-HYD,S1,HYD,K09,night,9,353.1,18.1,0.015,6.4,2.58,0.403,observed,A,50.0,1
C-S1-HYD,S1,HYD,K09,night,13,312.0,8.5,0.005,2.66,0.9,0.339,observed,A,50.0,1
C-S1-HYD,S1,HYD,K09,morning,1,411.4,276.4,0.498,113.69,85.72,0.754,observed,A,50.0,1
C-S1-HYD,S1,HYD,K09,morning,5,386.7,113.3,0.144,43.82,24.81,0.566,observed,A,50.0,1
C-S1-HYD,S1,HYD,K09,morning,9,353.8,47.0,0.039,16.62,6.69,0.402,observed,A,50.0,1
C-S1-HYD,S1,HYD,K09,morning,13,312.6,22.1,0.014,6.91,2.34,0.338,observed,A,50.0,1
C-S1-HYD,S1,HYD,K09,afternoon,1,415.8,335.6,0.605,139.54,104.1,0.746,observed,A,50.0,1
C-S1-HYD,S1,HYD,K09,afternoon,5,390.8,137.6,0.175,53.78,30.13,0.56,observed,A,50.0,1
C-S1-HYD,S1,HYD,K09,afternoon,9,357.5,57.1,0.047,20.4,8.12,0.398,observed,A,50.0,1
C-S1-HYD,S1,HYD,K09,afternoon,13,316.0,26.9,0.017,8.48,2.84,0.335,observed,A,50.0,1
C-S1-HYD,S1,HYD,K09,evening,1,407.9,303.2,0.547,123.7,94.06,0.76,observed,A,50.0,1
C-S1-HYD,S1,HYD,K09,evening,5,383.5,124.3,0.158,47.67,27.22,0.571,observed,A,50.0,1
C-S1-HYD,S1,HYD,K09,evening,9,350.8,51.6,0.043,18.08,7.34,0.406,observed,A,50.0,1
C-S1-HYD,S1,HYD,K09,evening,13,310.0,24.3,0.015,7.52,2.57,0.341,observed,A,50.0,1
C-S1-PUN,S1,PUN,K01,night,1,173.3,41.1,0.762,7.12,130.98,18.403,observed,A,157.0,1
C-S1-PUN,S1,PUN,K01,night,5,162.9,16.8,0.22,2.74,37.91,13.819,observed,A,157.0,1
C-S1-PUN,S1,PUN,K01,night,9,149.1,7.0,0.059,1.04,10.22,9.818,observed,A,157.0,1
C-S1-PUN,S1,PUN,K01,night,13,131.7,3.3,0.021,0.43,3.58,8.261,observed,A,157.0,1
C-S1-PUN,S1,PUN,K01,morning,1,172.5,118.4,2.196,20.42,377.68,18.495,observed,A,157.0,2
C-S1-PUN,S1,PUN,K01,morning,5,162.1,48.5,0.635,7.87,109.31,13.888,observed,A,157.0,2
C-S1-PUN,S1,PUN,K01,morning,9,148.3,20.1,0.171,2.99,29.46,9.867,observed,A,157.0,2
C-S1-PUN,S1,PUN,K01,morning,13,131.1,9.5,0.06,1.24,10.31,8.303,observed,A,157.0,2
C-S1-PUN,S1,PUN,K01,afternoon,1,172.7,148.2,2.748,25.59,472.59,18.467,observed,A,157.0,2
C-S1-PUN,S1,PUN,K01,afternoon,5,162.4,60.7,0.795,9.86,136.77,13.867,observed,A,157.0,2
C-S1-PUN,S1,PUN,K01,afternoon,9,148.6,25.2,0.214,3.74,36.86,9.852,observed,A,157.0,2
C-S1-PUN,S1,PUN,K01,afternoon,13,131.3,11.9,0.075,1.56,12.9,8.29,observed,A,157.0,2
C-S1-PUN,S1,PUN,K01,evening,1,171.8,117.7,2.183,20.22,375.4,18.569,observed,A,157.0,2
C-S1-PUN,S1,PUN,K01,evening,5,161.5,48.3,0.632,7.79,108.65,13.944,observed,A,157.0,2
C-S1-PUN,S1,PUN,K01,evening,9,147.7,20.0,0.17,2.96,29.28,9.907,observed,A,157.0,2
C-S1-PUN,S1,PUN,K01,evening,13,130.6,9.4,0.06,1.23,10.25,8.336,observed,A,157.0,2
C-S1-PUN,S1,PUN,K02,night,1,196.3,13.2,0.363,2.58,62.41,24.151,observed,A,46.0,3
C-S1-PUN,S1,PUN,K02,night,5,184.5,5.4,0.105,1.0,18.06,18.136,observed,A,46.0,3
C-S1-PUN,S1,PUN,K02,night,9,168.8,2.2,0.028,0.38,4.87,12.885,observed,A,46.0,3
C-S1-PUN,S1,PUN,K02,night,13,149.2,1.1,0.01,0.16,1.7,10.842,observed,A,46.0,3
C-S1-PUN,S1,PUN,K02,morning,1,197.8,32.8,0.903,6.48,155.24,23.963,observed,A,46.0,3
C-S1-PUN,S1,PUN,K02,morning,5,185.9,13.4,0.261,2.5,44.93,17.995,observed,A,46.0,3
C-S1-PUN,S1,PUN,K02,morning,9,170.1,5.6,0.07,0.95,12.11,12.785,observed,A,46.0,3
C-S1-PUN,S1,PUN,K02,morning,13,150.3,2.6,0.025,0.39,4.24,10.757,observed,A,46.0,3
C-S1-PUN,S1,PUN,K02,afternoon,1,198.9,45.0,1.239,8.94,213.13,23.833,observed,A,46.0,3
C-S1-PUN,S1,PUN,K02,afternoon,5,187.0,18.4,0.359,3.45,61.68,17.897,observed,A,46.0,3
C-S1-PUN,S1,PUN,K02,afternoon,9,171.0,7.6,0.097,1.31,16.62,12.715,observed,A,46.0,3
C-S1-PUN,S1,PUN,K02,afternoon,13,151.2,3.6,0.034,0.54,5.82,10.699,observed,A,46.0,3
C-S1-PUN,S1,PUN,K02,evening,1,196.2,34.1,0.941,6.7,161.77,24.158,observed,A,46.0,3
C-S1-PUN,S1,PUN,K02,evening,5,184.4,14.0,0.272,2.58,46.82,18.141,observed,A,46.0,3
C-S1-PUN,S1,PUN,K02,evening,9,168.7,5.8,0.073,0.98,12.62,12.889,observed,A,46.0,3
C-S1-PUN,S1,PUN,K02,evening,13,149.1,2.7,0.026,0.41,4.42,10.845,observed,A,46.0,3
C-S1-PUN,S1,PUN,K03,night,1,284.3,208.1,1.079,59.16,185.57,3.137,observed,A,84.0,4
C-S1-PUN,S1,PUN,K03,night,5,267.3,85.3,0.312,22.8,53.71,2.355,observed,A,84.0,4
C-S1-PUN,S1,PUN,K03,night,9,244.5,35.4,0.084,8.65,14.47,1.673,observed,A,84.0,4
C-S1-PUN,S1,PUN,K03,night,13,216.1,16.6,0.029,3.6,5.06,1.408,observed,A,84.0,4
C-S1-PUN,S1,PUN,K03,morning,1,276.7,473.3,2.454,130.96,422.11,3.223,observed,A,84.0,4
C-S1-PUN,S1,PUN,K03,morning,5,260.1,194.0,0.71,50.47,122.16,2.42,observed,A,84.0,4
C-S1-PUN,S1,PUN,K03,morning,9,238.0,80.5,0.191,19.15,32.92,1.72,observed,A,84.0,4
C-S1-PUN,S1,PUN,K03,morning,13,210.3,37.9,0.067,7.96,11.52,1.447,observed,A,84.0,4
C-S1-PUN,S1,PUN,K03,afternoon,1,274.8,607.4,3.15,166.94,541.72,3.245,observed,A,84.0,4
C-S1-PUN,S1,PUN,K03,afternoon,5,258.3,249.0,0.912,64.34,156.78,2.437,observed,A,84.0,4
C-S1-PUN,S1,PUN,K03,afternoon,9,236.4,103.3,0.246,24.41,42.25,1.731,observed,A,84.0,4
C-S1-PUN,S1,PUN,K03,afternoon,13,208.9,48.6,0.086,10.15,14.79,1.457,observed,A,84.0,4
C-S1-PUN,S1,PUN,K03,evening,1,275.2,511.7,2.654,140.84,456.41,3.241,observed,A,84.0,4
C-S1-PUN,S1,PUN,K03,evening,5,258.7,209.8,0.768,54.28,132.09,2.434,observed,A,84.0,4
C-S1-PUN,S1,PUN,K03,evening,9,236.7,87.0,0.207,20.59,35.6,1.729,observed,A,84.0,4
C-S1-PUN,S1,PUN,K03,evening,13,209.2,40.9,0.072,8.56,12.46,1.455,observed,A,84.0,4
C-S1-PUN,S1,PUN,K04,night,1,264.5,52.5,0.288,13.88,49.62,3.574,observed,A,51.0,2
C-S1-PUN,S1,PUN,K04,night,5,248.6,21.5,0.083,5.35,14.36,2.684,observed,A,51.0,2
C-S1-PUN,S1,PUN,K04,night,9,227.5,8.9,0.023,2.03,3.87,1.907,observed,A,51.0,2
C-S1-PUN,S1,PUN,K04,night,13,201.0,4.2,0.008,0.84,1.35,1.605,observed,A,51.0,2
C-S1-PUN,S1,PUN,K04,morning,1,256.6,137.2,0.754,35.2,129.73,3.685,observed,A,51.0,2
C-S1-PUN,S1,PUN,K04,morning,5,241.2,56.3,0.218,13.57,37.55,2.767,observed,A,51.0,2
C-S1-PUN,S1,PUN,K04,morning,9,220.6,23.3,0.059,5.15,10.12,1.966,observed,A,51.0,2
C-S1-PUN,S1,PUN,K04,morning,13,195.0,11.0,0.021,2.14,3.54,1.654,observed,A,51.0,2
C-S1-PUN,S1,PUN,K04,afternoon,1,256.1,175.0,0.962,44.81,165.42,3.692,observed,A,51.0,2
C-S1-PUN,S1,PUN,K04,afternoon,5,240.7,71.7,0.278,17.27,47.87,2.772,observed,A,51.0,2
C-S1-PUN,S1,PUN,K04,afternoon,9,220.2,29.7,0.075,6.55,12.9,1.97,observed,A,51.0,2
C-S1-PUN,S1,PUN,K04,afternoon,13,194.6,14.0,0.026,2.72,4.51,1.657,observed,A,51.0,2
C-S1-PUN,S1,PUN,K04,evening,1,254.2,144.1,0.792,36.64,136.23,3.719,observed,A,51.0,2
C-S1-PUN,S1,PUN,K04,evening,5,239.0,59.1,0.229,14.12,39.43,2.792,observed,A,51.0,2
C-S1-PUN,S1,PUN,K04,evening,9,218.7,24.5,0.062,5.36,10.63,1.984,observed,A,51.0,2
C-S1-PUN,S1,PUN,K04,evening,13,193.2,11.5,0.022,2.23,3.72,1.669,observed,A,51.0,2
C-S1-PUN,S1,PUN,K07,night,1,248.9,15.9,0.151,3.95,25.95,6.576,observed,A,36.0,1
C-S1-PUN,S1,PUN,K07,night,5,233.9,6.5,0.044,1.52,7.51,4.938,observed,A,36.0,1
C-S1-PUN,S1,PUN,K07,night,9,214.0,2.7,0.012,0.58,2.02,3.509,observed,A,36.0,1
C-S1-PUN,S1,PUN,K07,night,13,189.1,1.3,0.004,0.24,0.71,2.952,observed,A,36.0,1
C-S1-PUN,S1,PUN,K07,morning,1,243.7,61.8,0.588,15.07,101.17,6.714,observed,A,36.0,2
C-S1-PUN,S1,PUN,K07,morning,5,229.1,25.3,0.17,5.81,29.28,5.042,observed,A,36.0,2
C-S1-PUN,S1,PUN,K07,morning,9,209.6,10.5,0.046,2.2,7.89,3.582,observed,A,36.0,2
C-S1-PUN,S1,PUN,K07,morning,13,185.2,4.9,0.016,0.92,2.76,3.014,observed,A,36.0,2
C-S1-PUN,S1,PUN,K07,afternoon,1,244.1,73.6,0.701,17.97,120.49,6.705,observed,A,36.0,2
C-S1-PUN,S1,PUN,K07,afternoon,5,229.4,30.2,0.203,6.93,34.87,5.035,observed,A,36.0,2
C-S1-PUN,S1,PUN,K07,afternoon,9,209.9,12.5,0.055,2.63,9.4,3.577,observed,A,36.0,2
C-S1-PUN,S1,PUN,K07,afternoon,13,185.5,5.9,0.019,1.09,3.29,3.01,observed,A,36.0,2
C-S1-PUN,S1,PUN,K07,evening,1,240.3,64.2,0.61,15.42,104.99,6.81,observed,A,36.0,2
C-S1-PUN,S1,PUN,K07,evening,5,225.9,26.3,0.177,5.94,30.39,5.114,observed,A,36.0,2
C-S1-PUN,S1,PUN,K07,evening,9,206.7,10.9,0.048,2.25,8.19,3.633,observed,A,36.0,2
C-S1-PUN,S1,PUN,K07,evening,13,182.7,5.1,0.017,0.94,2.87,3.057,observed,A,36.0,2
C-S1-PUN,S1,PUN,K09,night,1,385.7,60.4,0.105,23.31,18.07,0.775,observed,A,26.0,1
C-S1-PUN,S1,PUN,K09,night,5,362.6,24.8,0.03,8.98,5.23,0.582,observed,A,26.0,1
C-S1-PUN,S1,PUN,K09,night,9,331.7,10.3,0.008,3.41,1.41,0.414,observed,A,26.0,1
C-S1-PUN,S1,PUN,K09,night,13,293.2,4.8,0.003,1.42,0.49,0.348,observed,A,26.0,1
C-S1-PUN,S1,PUN,K09,morning,1,382.4,150.7,0.262,57.64,45.09,0.782,observed,A,26.0,1
C-S1-PUN,S1,PUN,K09,morning,5,359.5,61.8,0.076,22.22,13.05,0.587,observed,A,26.0,1
C-S1-PUN,S1,PUN,K09,morning,9,328.9,25.6,0.02,8.43,3.52,0.417,observed,A,26.0,1
C-S1-PUN,S1,PUN,K09,morning,13,290.6,12.1,0.007,3.5,1.23,0.351,observed,A,26.0,1
C-S1-PUN,S1,PUN,K09,afternoon,1,381.0,192.4,0.335,73.31,57.55,0.785,observed,A,26.0,1
C-S1-PUN,S1,PUN,K09,afternoon,5,358.1,78.9,0.097,28.25,16.66,0.59,observed,A,26.0,1
C-S1-PUN,S1,PUN,K09,afternoon,9,327.6,32.7,0.026,10.72,4.49,0.419,observed,A,26.0,1
C-S1-PUN,S1,PUN,K09,afternoon,13,289.5,15.4,0.009,4.46,1.57,0.352,observed,A,26.0,1
C-S1-PUN,S1,PUN,K09,evening,1,379.8,162.9,0.283,61.85,48.71,0.788,observed,A,26.0,1
C-S1-PUN,S1,PUN,K09,evening,5,357.0,66.8,0.082,23.84,14.1,0.591,observed,A,26.0,1
C-S1-PUN,S1,PUN,K09,evening,9,326.6,27.7,0.022,9.04,3.8,0.42,observed,A,26.0,1
C-S1-PUN,S1,PUN,K09,evening,13,288.6,13.0,0.008,3.76,1.33,0.354,observed,A,26.0,1
C-S2-DEL,S2,DEL,K01,night,1,203.2,172.1,2.917,34.97,813.84,23.27,observed,A,355.0,3
C-S2-DEL,S2,DEL,K01,night,5,191.0,70.6,0.844,13.48,235.53,17.474,observed,A,355.0,3
C-S2-DEL,S2,DEL,K01,night,9,174.8,29.3,0.228,5.11,63.48,12.415,observed,A,355.0,3
C-S2-DEL,S2,DEL,K01,night,13,154.4,13.8,0.08,2.13,22.21,10.446,observed,A,355.0,3
C-S2-DEL,S2,DEL,K01,morning,1,203.5,402.8,6.828,81.98,1904.94,23.238,observed,A,355.0,3
C-S2-DEL,S2,DEL,K01,morning,5,191.3,165.2,1.976,31.59,551.31,17.45,observed,A,355.0,3
C-S2-DEL,S2,DEL,K01,morning,9,175.0,68.5,0.533,11.98,148.59,12.398,observed,A,355.0,3
C-S2-DEL,S2,DEL,K01,morning,13,154.7,32.2,0.186,4.98,51.99,10.432,observed,A,355.0,3
C-S2-DEL,S2,DEL,K01,afternoon,1,202.1,504.7,8.554,102.0,2386.64,23.398,observed,A,355.0,3
C-S2-DEL,S2,DEL,K01,afternoon,5,190.0,206.9,2.476,39.31,690.72,17.571,observed,A,355.0,3
C-S2-DEL,S2,DEL,K01,afternoon,9,173.8,85.8,0.667,14.91,186.16,12.483,observed,A,355.0,3
C-S2-DEL,S2,DEL,K01,afternoon,13,153.6,40.4,0.233,6.2,65.14,10.504,observed,A,355.0,3
C-S2-DEL,S2,DEL,K01,evening,1,195.0,458.3,7.767,89.36,2167.04,24.251,observed,A,355.0,2
C-S2-DEL,S2,DEL,K01,evening,5,183.3,187.9,2.248,34.44,627.17,18.211,observed,A,355.0,2
C-S2-DEL,S2,DEL,K01,evening,9,167.7,77.9,0.606,13.06,169.03,12.938,observed,A,355.0,2
C-S2-DEL,S2,DEL,K01,evening,13,148.2,36.7,0.212,5.43,59.15,10.887,observed,A,355.0,2
C-S2-DEL,S2,DEL,K05,night,1,329.2,263.8,1.916,86.85,534.6,6.155,observed,A,230.0,2
C-S2-DEL,S2,DEL,K05,night,5,309.5,108.2,0.555,33.47,154.72,4.622,observed,A,230.0,2
C-S2-DEL,S2,DEL,K05,night,9,283.2,44.8,0.149,12.7,41.7,3.284,observed,A,230.0,2
C-S2-DEL,S2,DEL,K05,night,13,250.2,21.1,0.052,5.28,14.59,2.763,observed,A,230.0,2
C-S2-DEL,S2,DEL,K05,morning,1,323.1,585.1,4.25,189.08,1185.83,6.271,observed,A,230.0,3
C-S2-DEL,S2,DEL,K05,morning,5,303.8,239.9,1.23,72.87,343.19,4.709,observed,A,230.0,3
C-S2-DEL,S2,DEL,K05,morning,9,277.9,99.5,0.332,27.64,92.49,3.346,observed,A,230.0,3
C-S2-DEL,S2,DEL,K05,morning,13,245.6,46.8,0.116,11.5,32.37,2.815,observed,A,230.0,3
C-S2-DEL,S2,DEL,K05,afternoon,1,317.9,774.3,5.625,246.15,1569.28,6.375,observed,A,230.0,3
C-S2-DEL,S2,DEL,K05,afternoon,5,298.8,317.5,1.628,94.86,454.17,4.788,observed,A,230.0,3
C-S2-DEL,S2,DEL,K05,afternoon,9,273.4,131.6,0.439,35.99,122.4,3.401,observed,A,230.0,3
C-S2-DEL,S2,DEL,K05,afternoon,13,241.6,61.9,0.154,14.97,42.83,2.862,observed,A,230.0,3
C-S2-DEL,S2,DEL,K05,evening,1,317.0,706.4,5.131,223.93,1431.6,6.393,observed,A,230.0,2
C-S2-DEL,S2,DEL,K05,evening,5,298.0,289.6,1.485,86.3,414.32,4.801,observed,A,230.0,2
C-S2-DEL,S2,DEL,K05,evening,9,272.6,120.1,0.4,32.74,111.67,3.411,observed,A,230.0,2
C-S2-DEL,S2,DEL,K05,evening,13,240.9,56.5,0.14,13.61,39.07,2.87,observed,A,230.0,2
C-S2-DEL,S2,DEL,K06,night,1,370.6,110.0,0.569,40.78,158.65,3.89,observed,A,83.0,2
C-S2-DEL,S2,DEL,K06,night,5,348.4,45.1,0.165,15.72,45.92,2.921,observed,A,83.0,2
C-S2-DEL,S2,DEL,K06,night,9,318.7,18.7,0.044,5.96,12.37,2.075,observed,A,83.0,2
C-S2-DEL,S2,DEL,K06,night,13,281.7,8.8,0.016,2.48,4.33,1.746,observed,A,83.0,2
C-S2-DEL,S2,DEL,K06,morning,1,361.0,253.9,1.312,91.67,366.1,3.994,observed,A,83.0,2
C-S2-DEL,S2,DEL,K06,morning,5,339.4,104.1,0.38,35.33,105.95,2.999,observed,A,83.0,2
C-S2-DEL,S2,DEL,K06,morning,9,310.5,43.2,0.102,13.4,28.56,2.131,observed,A,83.0,2
C-S2-DEL,S2,DEL,K06,morning,13,274.4,20.3,0.036,5.57,9.99,1.793,observed,A,83.0,2
C-S2-DEL,S2,DEL,K06,afternoon,1,353.7,335.8,1.735,118.76,484.15,4.077,observed,A,83.0,2
C-S2-DEL,S2,DEL,K06,afternoon,5,332.4,137.7,0.502,45.77,140.12,3.061,observed,A,83.0,2
C-S2-DEL,S2,DEL,K06,afternoon,9,304.2,57.1,0.135,17.36,37.76,2.175,observed,A,83.0,2
C-S2-DEL,S2,DEL,K06,afternoon,13,268.8,26.9,0.047,7.22,13.21,1.83,observed,A,83.0,2
C-S2-DEL,S2,DEL,K06,evening,1,354.3,295.6,1.528,104.73,426.24,4.07,observed,A,83.0,2
C-S2-DEL,S2,DEL,K06,evening,5,333.0,121.2,0.442,40.36,123.36,3.056,observed,A,83.0,2
C-S2-DEL,S2,DEL,K06,evening,9,304.7,50.3,0.119,15.31,33.25,2.171,observed,A,83.0,2
C-S2-DEL,S2,DEL,K06,evening,13,269.2,23.7,0.042,6.37,11.63,1.827,observed,A,83.0,2
C-S2-DEL,S2,DEL,K10,night,1,395.5,121.5,0.325,48.03,90.59,1.886,observed,A,64.0,1
C-S2-DEL,S2,DEL,K10,night,5,371.8,49.8,0.094,18.51,26.22,1.416,observed,A,64.0,1
C-S2-DEL,S2,DEL,K10,night,9,340.1,20.6,0.025,7.02,7.07,1.006,observed,A,64.0,1
C-S2-DEL,S2,DEL,K10,night,13,300.6,9.7,0.009,2.92,2.47,0.847,observed,A,64.0,1
C-S2-DEL,S2,DEL,K10,morning,1,392.1,277.7,0.742,108.86,207.11,1.902,observed,A,64.0,2
C-S2-DEL,S2,DEL,K10,morning,5,368.6,113.8,0.215,41.96,59.94,1.429,observed,A,64.0,2
C-S2-DEL,S2,DEL,K10,morning,9,337.2,47.2,0.058,15.92,16.15,1.015,observed,A,64.0,2
C-S2-DEL,S2,DEL,K10,morning,13,298.0,22.2,0.02,6.62,5.65,0.854,observed,A,64.0,2
C-S2-DEL,S2,DEL,K10,afternoon,1,393.6,354.5,0.948,139.52,264.41,1.895,observed,A,64.0,2
C-S2-DEL,S2,DEL,K10,afternoon,5,370.0,145.3,0.274,53.77,76.52,1.423,observed,A,64.0,2
C-S2-DEL,S2,DEL,K10,afternoon,9,338.5,60.3,0.074,20.4,20.62,1.011,observed,A,64.0,2
C-S2-DEL,S2,DEL,K10,afternoon,13,299.1,28.4,0.026,8.48,7.22,0.851,observed,A,64.0,2
C-S2-DEL,S2,DEL,K10,evening,1,387.3,323.3,0.864,125.21,241.13,1.926,observed,A,64.0,2
C-S2-DEL,S2,DEL,K10,evening,5,364.1,132.5,0.25,48.25,69.79,1.446,observed,A,64.0,2
C-S2-DEL,S2,DEL,K10,evening,9,333.1,55.0,0.067,18.31,18.81,1.027,observed,A,64.0,2
C-S2-DEL,S2,DEL,K10,evening,13,294.4,25.9,0.024,7.61,6.58,0.865,observed,A,64.0,2
C-S2-MUM,S2,MUM,K01,night,1,219.0,126.7,2.214,27.74,617.76,22.27,observed,A,250.0,3
C-S2-MUM,S2,MUM,K01,night,5,205.9,51.9,0.641,10.69,178.79,16.724,observed,A,250.0,3
C-S2-MUM,S2,MUM,K01,night,9,188.3,21.5,0.173,4.06,48.19,11.882,observed,A,250.0,3
C-S2-MUM,S2,MUM,K01,night,13,166.4,10.1,0.06,1.69,16.86,9.998,observed,A,250.0,3
C-S2-MUM,S2,MUM,K01,morning,1,215.1,256.7,4.488,55.22,1252.2,22.675,observed,A,250.0,3
C-S2-MUM,S2,MUM,K01,morning,5,202.2,105.3,1.299,21.28,362.4,17.028,observed,A,250.0,3
C-S2-MUM,S2,MUM,K01,morning,9,185.0,43.6,0.35,8.07,97.67,12.098,observed,A,250.0,3
C-S2-MUM,S2,MUM,K01,morning,13,163.5,20.5,0.123,3.36,34.18,10.179,observed,A,250.0,3
C-S2-MUM,S2,MUM,K01,afternoon,1,215.0,327.1,5.719,70.33,1595.52,22.686,observed,A,250.0,3
C-S2-MUM,S2,MUM,K01,afternoon,5,202.1,134.1,1.655,27.11,461.76,17.036,observed,A,250.0,3
C-S2-MUM,S2,MUM,K01,afternoon,9,184.9,55.6,0.446,10.28,124.45,12.103,observed,A,250.0,3
C-S2-MUM,S2,MUM,K01,afternoon,13,163.4,26.2,0.156,4.28,43.55,10.184,observed,A,250.0,3
C-S2-MUM,S2,MUM,K01,evening,1,213.3,335.6,5.866,71.59,1636.72,22.862,observed,A,250.0,3
C-S2-MUM,S2,MUM,K01,evening,5,200.5,137.6,1.698,27.59,473.69,17.168,observed,A,250.0,3
C-S2-MUM,S2,MUM,K01,evening,9,183.5,57.1,0.458,10.47,127.66,12.197,observed,A,250.0,3
C-S2-MUM,S2,MUM,K01,evening,13,162.1,26.8,0.16,4.35,44.67,10.263,observed,A,250.0,3
C-S2-MUM,S2,MUM,K05,night,1,379.8,159.4,1.162,60.52,324.14,5.356,observed,A,128.0,2
C-S2-MUM,S2,MUM,K05,night,5,357.0,65.3,0.336,23.33,93.81,4.022,observed,A,128.0,2
C-S2-MUM,S2,MUM,K05,night,9,326.6,27.1,0.091,8.85,25.28,2.857,observed,A,128.0,2
C-S2-MUM,S2,MUM,K05,night,13,288.6,12.7,0.032,3.68,8.85,2.404,observed,A,128.0,2
C-S2-MUM,S2,MUM,K05,morning,1,376.5,285.7,2.083,107.56,581.13,5.403,observed,A,128.0,2
C-S2-MUM,S2,MUM,K05,morning,5,353.9,117.1,0.603,41.45,168.18,4.057,observed,A,128.0,2
C-S2-MUM,S2,MUM,K05,morning,9,323.8,48.6,0.162,15.73,45.33,2.882,observed,A,128.0,2
C-S2-MUM,S2,MUM,K05,morning,13,286.1,22.9,0.057,6.54,15.86,2.425,observed,A,128.0,2
C-S2-MUM,S2,MUM,K05,afternoon,1,368.4,390.2,2.845,143.74,793.63,5.521,observed,A,128.0,2
C-S2-MUM,S2,MUM,K05,afternoon,5,346.3,160.0,0.823,55.4,229.69,4.146,observed,A,128.0,2
C-S2-MUM,S2,MUM,K05,afternoon,9,316.8,66.3,0.222,21.01,61.9,2.946,observed,A,128.0,2
C-S2-MUM,S2,MUM,K05,afternoon,13,280.0,31.2,0.078,8.74,21.66,2.479,observed,A,128.0,2
C-S2-MUM,S2,MUM,K05,evening,1,369.4,375.8,2.74,138.83,764.38,5.506,observed,A,128.0,2
C-S2-MUM,S2,MUM,K05,evening,5,347.3,154.1,0.793,53.5,221.22,4.135,observed,A,128.0,2
C-S2-MUM,S2,MUM,K05,evening,9,317.7,63.9,0.214,20.3,59.62,2.938,observed,A,128.0,2
C-S2-MUM,S2,MUM,K05,evening,13,280.8,30.1,0.075,8.44,20.86,2.472,observed,A,128.0,2
C-S2-MUM,S2,MUM,K06,night,1,440.4,38.3,0.164,16.85,45.87,2.722,observed,B,11.0,3
C-S2-MUM,S2,MUM,K06,night,5,414.0,15.7,0.048,6.5,13.28,2.044,observed,B,11.0,3
C-S2-MUM,S2,MUM,K06,night,9,378.7,6.5,0.013,2.46,3.58,1.452,observed,B,11.0,3
C-S2-MUM,S2,MUM,K06,night,13,334.7,3.1,0.004,1.02,1.25,1.222,observed,B,11.0,3
C-S2-MUM,S2,MUM,K06,morning,1,431.9,86.5,0.372,37.35,103.68,2.776,observed,B,11.0,3
C-S2-MUM,S2,MUM,K06,morning,5,405.9,35.5,0.108,14.4,30.01,2.084,observed,B,11.0,3
C-S2-MUM,S2,MUM,K06,morning,9,371.4,14.7,0.029,5.46,8.09,1.481,observed,B,11.0,3
C-S2-MUM,S2,MUM,K06,morning,13,328.2,6.9,0.01,2.27,2.83,1.246,observed,B,11.0,3
C-S2-MUM,S2,MUM,K06,afternoon,1,429.0,108.8,0.468,46.68,130.45,2.794,observed,B,11.0,3
C-S2-MUM,S2,MUM,K06,afternoon,5,403.2,44.6,0.135,17.99,37.75,2.098,observed,B,11.0,3
C-S2-MUM,S2,MUM,K06,afternoon,9,368.9,18.5,0.036,6.82,10.17,1.491,observed,B,11.0,3
C-S2-MUM,S2,MUM,K06,afternoon,13,326.0,8.7,0.013,2.84,3.56,1.254,observed,B,11.0,3
C-S2-MUM,S2,MUM,K06,evening,1,417.8,121.8,0.523,50.91,146.05,2.869,observed,B,11.0,3
C-S2-MUM,S2,MUM,K06,evening,5,392.7,50.0,0.151,19.62,42.27,2.154,observed,B,11.0,3
C-S2-MUM,S2,MUM,K06,evening,9,359.3,20.7,0.041,7.44,11.39,1.531,observed,B,11.0,3
C-S2-MUM,S2,MUM,K06,evening,13,317.5,9.7,0.014,3.1,3.99,1.288,observed,B,11.0,3
C-S2-MUM,S2,MUM,K10,night,1,446.1,85.8,0.171,38.28,47.84,1.25,observed,A,29.0,2
C-S2-MUM,S2,MUM,K10,night,5,419.4,35.2,0.05,14.75,13.84,0.939,observed,A,29.0,2
C-S2-MUM,S2,MUM,K10,night,9,383.7,14.6,0.013,5.6,3.73,0.667,observed,A,29.0,2
C-S2-MUM,S2,MUM,K10,night,13,339.1,6.9,0.005,2.33,1.31,0.561,observed,A,29.0,2
C-S2-MUM,S2,MUM,K10,morning,1,435.5,188.3,0.376,81.98,104.97,1.28,observed,A,29.0,2
C-S2-MUM,S2,MUM,K10,morning,5,409.4,77.2,0.109,31.6,30.38,0.962,observed,A,29.0,2
C-S2-MUM,S2,MUM,K10,morning,9,374.5,32.0,0.029,11.99,8.19,0.683,observed,A,29.0,2
C-S2-MUM,S2,MUM,K10,morning,13,331.0,15.1,0.01,4.98,2.87,0.575,observed,A,29.0,2
C-S2-MUM,S2,MUM,K10,afternoon,1,435.1,234.0,0.468,101.8,130.45,1.281,observed,A,29.0,2
C-S2-MUM,S2,MUM,K10,afternoon,5,409.0,95.9,0.135,39.23,37.75,0.962,observed,A,29.0,2
C-S2-MUM,S2,MUM,K10,afternoon,9,374.2,39.8,0.036,14.88,10.18,0.684,observed,A,29.0,2
C-S2-MUM,S2,MUM,K10,afternoon,13,330.7,18.7,0.013,6.19,3.56,0.575,observed,A,29.0,2
C-S2-MUM,S2,MUM,K10,evening,1,430.1,240.8,0.481,103.56,134.26,1.296,observed,A,29.0,2
C-S2-MUM,S2,MUM,K10,evening,5,404.3,98.7,0.139,39.91,38.86,0.974,observed,A,29.0,2
C-S2-MUM,S2,MUM,K10,evening,9,369.9,40.9,0.038,15.14,10.47,0.692,observed,A,29.0,2
C-S2-MUM,S2,MUM,K10,evening,13,326.9,19.3,0.013,6.3,3.66,0.582,observed,A,29.0,2
C-S2-BLR,S2,BLR,K01,night,1,212.3,89.1,1.262,18.91,352.09,18.623,observed,A,148.0,3
C-S2-BLR,S2,BLR,K01,night,5,199.5,36.5,0.365,7.29,101.9,13.985,observed,A,148.0,3
C-S2-BLR,S2,BLR,K01,night,9,182.6,15.1,0.098,2.76,27.46,9.936,observed,A,148.0,3
C-S2-BLR,S2,BLR,K01,night,13,161.3,7.1,0.034,1.15,9.61,8.36,observed,A,148.0,3
C-S2-BLR,S2,BLR,K01,morning,1,212.0,217.2,3.077,46.03,858.5,18.65,observed,A,148.0,3
C-S2-BLR,S2,BLR,K01,morning,5,199.2,89.0,0.891,17.74,248.46,14.005,observed,A,148.0,3
C-S2-BLR,S2,BLR,K01,morning,9,182.3,36.9,0.24,6.73,66.96,9.95,observed,A,148.0,3
C-S2-BLR,S2,BLR,K01,morning,13,161.1,17.4,0.084,2.8,23.43,8.372,observed,A,148.0,3
C-S2-BLR,S2,BLR,K01,afternoon,1,211.5,274.7,3.892,58.08,1085.88,18.695,observed,A,148.0,3
C-S2-BLR,S2,BLR,K01,afternoon,5,198.8,112.6,1.126,22.39,314.27,14.039,observed,A,148.0,3
C-S2-BLR,S2,BLR,K01,afternoon,9,181.9,46.7,0.304,8.49,84.7,9.974,observed,A,148.0,3
C-S2-BLR,S2,BLR,K01,afternoon,13,160.7,22.0,0.106,3.53,29.64,8.392,observed,A,148.0,3
C-S2-BLR,S2,BLR,K01,evening,1,208.4,318.1,4.507,66.3,1257.44,18.965,observed,A,148.0,3
C-S2-BLR,S2,BLR,K01,evening,5,195.9,130.4,1.304,25.55,363.92,14.241,observed,A,148.0,3
C-S2-BLR,S2,BLR,K01,evening,9,179.3,54.1,0.352,9.69,98.08,10.118,observed,A,148.0,3
C-S2-BLR,S2,BLR,K01,evening,13,158.4,25.4,0.123,4.03,34.32,8.514,observed,A,148.0,3
C-S2-BLR,S2,BLR,K05,night,1,357.3,161.1,1.191,57.54,332.39,5.777,observed,A,190.0,2
C-S2-BLR,S2,BLR,K05,night,5,335.8,66.0,0.345,22.18,96.2,4.338,observed,A,190.0,2
C-S2-BLR,S2,BLR,K05,night,9,307.2,27.4,0.093,8.41,25.93,3.082,observed,A,190.0,2
C-S2-BLR,S2,BLR,K05,night,13,271.5,12.9,0.033,3.5,9.07,2.593,observed,A,190.0,2
C-S2-BLR,S2,BLR,K05,morning,1,346.1,385.4,2.85,133.37,795.26,5.963,observed,A,190.0,2
C-S2-BLR,S2,BLR,K05,morning,5,325.3,158.0,0.825,51.4,230.16,4.478,observed,A,190.0,2
C-S2-BLR,S2,BLR,K05,morning,9,297.7,65.5,0.222,19.5,62.03,3.181,observed,A,190.0,2
C-S2-BLR,S2,BLR,K05,morning,13,263.0,30.8,0.078,8.11,21.71,2.677,observed,A,190.0,2
C-S2-BLR,S2,BLR,K05,afternoon,1,341.8,524.9,3.883,179.42,1083.33,6.038,observed,A,190.0,2
C-S2-BLR,S2,BLR,K05,afternoon,5,321.3,215.2,1.124,69.15,313.53,4.534,observed,A,190.0,2
C-S2-BLR,S2,BLR,K05,afternoon,9,293.9,89.2,0.303,26.23,84.5,3.221,observed,A,190.0,2
C-S2-BLR,S2,BLR,K05,afternoon,13,259.8,42.0,0.106,10.91,29.57,2.711,observed,A,190.0,2
C-S2-BLR,S2,BLR,K05,evening,1,331.3,591.0,4.371,195.78,1219.61,6.229,observed,A,190.0,2
C-S2-BLR,S2,BLR,K05,evening,5,311.4,242.3,1.265,75.45,352.97,4.678,observed,A,190.0,2
C-S2-BLR,S2,BLR,K05,evening,9,284.9,100.5,0.341,28.62,95.13,3.323,observed,A,190.0,2
C-S2-BLR,S2,BLR,K05,evening,13,251.8,47.3,0.119,11.9,33.29,2.796,observed,A,190.0,2
C-S2-BLR,S2,BLR,K06,night,1,410.9,50.5,0.248,20.75,69.31,3.34,observed,A,27.0,3
C-S2-BLR,S2,BLR,K06,night,5,386.2,20.7,0.072,8.0,20.06,2.508,observed,A,27.0,3
C-S2-BLR,S2,BLR,K06,night,9,353.3,8.6,0.019,3.03,5.41,1.782,observed,A,27.0,3
C-S2-BLR,S2,BLR,K06,night,13,312.3,4.0,0.007,1.26,1.89,1.5,observed,A,27.0,3
C-S2-BLR,S2,BLR,K06,morning,1,393.0,134.4,0.661,52.82,184.44,3.492,observed,A,27.0,3
C-S2-BLR,S2,BLR,K06,morning,5,369.4,55.1,0.191,20.36,53.38,2.622,observed,A,27.0,3
C-S2-BLR,S2,BLR,K06,morning,9,338.0,22.8,0.052,7.72,14.39,1.863,observed,A,27.0,3
C-S2-BLR,S2,BLR,K06,morning,13,298.7,10.8,0.018,3.21,5.03,1.568,observed,A,27.0,3
C-S2-BLR,S2,BLR,K06,afternoon,1,390.7,162.1,0.797,63.33,222.47,3.513,observed,A,27.0,3
C-S2-BLR,S2,BLR,K06,afternoon,5,367.2,66.5,0.231,24.41,64.38,2.638,observed,A,27.0,3
C-S2-BLR,S2,BLR,K06,afternoon,9,336.0,27.6,0.062,9.26,17.35,1.874,observed,A,27.0,3
C-S2-BLR,S2,BLR,K06,afternoon,13,296.9,13.0,0.022,3.85,6.07,1.577,observed,A,27.0,3
C-S2-BLR,S2,BLR,K06,evening,1,381.0,190.5,0.937,72.57,261.41,3.602,observed,A,27.0,3
C-S2-BLR,S2,BLR,K06,evening,5,358.2,78.1,0.271,27.97,75.65,2.705,observed,A,27.0,3
C-S2-BLR,S2,BLR,K06,evening,9,327.7,32.4,0.073,10.61,20.39,1.922,observed,A,27.0,3
C-S2-BLR,S2,BLR,K06,evening,13,289.6,15.2,0.026,4.41,7.13,1.617,observed,A,27.0,3
C-S2-BLR,S2,BLR,K10,night,1,429.6,60.5,0.145,25.99,40.34,1.552,observed,A,28.0,2
C-S2-BLR,S2,BLR,K10,night,5,403.8,24.8,0.042,10.02,11.67,1.165,observed,A,28.0,2
C-S2-BLR,S2,BLR,K10,night,9,369.4,10.3,0.011,3.8,3.15,0.828,observed,A,28.0,2
C-S2-BLR,S2,BLR,K10,night,13,326.5,4.8,0.004,1.58,1.1,0.697,observed,A,28.0,2
C-S2-BLR,S2,BLR,K10,morning,1,418.6,168.0,0.401,70.32,112.0,1.593,observed,A,28.0,2
C-S2-BLR,S2,BLR,K10,morning,5,393.5,68.9,0.116,27.1,32.42,1.196,observed,A,28.0,2
C-S2-BLR,S2,BLR,K10,morning,9,360.0,28.6,0.031,10.28,8.74,0.85,observed,A,28.0,2
C-S2-BLR,S2,BLR,K10,morning,13,318.1,13.4,0.011,4.28,3.06,0.715,observed,A,28.0,2
C-S2-BLR,S2,BLR,K10,afternoon,1,417.6,206.0,0.492,86.02,137.32,1.596,observed,A,28.0,2
C-S2-BLR,S2,BLR,K10,afternoon,5,392.6,84.5,0.142,33.15,39.74,1.199,observed,A,28.0,2
C-S2-BLR,S2,BLR,K10,afternoon,9,359.1,35.0,0.038,12.58,10.71,0.852,observed,A,28.0,2
C-S2-BLR,S2,BLR,K10,afternoon,13,317.4,16.5,0.013,5.23,3.75,0.717,observed,A,28.0,2
C-S2-BLR,S2,BLR,K10,evening,1,411.6,231.2,0.553,95.18,154.16,1.62,observed,A,28.0,2
C-S2-BLR,S2,BLR,K10,evening,5,386.9,94.8,0.16,36.68,44.62,1.216,observed,A,28.0,2
C-S2-BLR,S2,BLR,K10,evening,9,354.0,39.3,0.043,13.92,12.02,0.864,observed,A,28.0,2
C-S2-BLR,S2,BLR,K10,evening,13,312.8,18.5,0.015,5.79,4.21,0.727,observed,A,28.0,2
C-S2-HYD,S2,HYD,K01,night,1,186.1,57.9,0.987,10.78,275.39,25.541,observed,A,126.0,3
C-S2-HYD,S2,HYD,K01,night,5,174.9,23.8,0.286,4.16,79.7,19.179,observed,A,126.0,3
C-S2-HYD,S2,HYD,K01,night,9,160.0,9.8,0.077,1.58,21.48,13.626,observed,A,126.0,3
C-S2-HYD,S2,HYD,K01,night,13,141.4,4.6,0.027,0.66,7.52,11.466,observed,A,126.0,3
C-S2-HYD,S2,HYD,K01,morning,1,187.3,152.4,2.597,28.55,724.5,25.378,observed,A,126.0,3
C-S2-HYD,S2,HYD,K01,morning,5,176.1,62.5,0.752,11.0,209.68,19.058,observed,A,126.0,3
C-S2-HYD,S2,HYD,K01,morning,9,161.1,25.9,0.203,4.17,56.51,13.54,observed,A,126.0,3
C-S2-HYD,S2,HYD,K01,morning,13,142.3,12.2,0.071,1.74,19.77,11.393,observed,A,126.0,3
C-S2-HYD,S2,HYD,K01,afternoon,1,188.8,182.2,3.104,34.39,865.89,25.175,observed,A,126.0,3
C-S2-HYD,S2,HYD,K01,afternoon,5,177.5,74.7,0.898,13.26,250.6,18.905,observed,A,126.0,3
C-S2-HYD,S2,HYD,K01,afternoon,9,162.4,31.0,0.242,5.03,67.54,13.431,observed,A,126.0,3
C-S2-HYD,S2,HYD,K01,afternoon,13,143.5,14.6,0.085,2.09,23.63,11.302,observed,A,126.0,3
C-S2-HYD,S2,HYD,K01,evening,1,188.0,166.7,2.84,31.34,792.38,25.285,observed,A,126.0,3
C-S2-HYD,S2,HYD,K01,evening,5,176.7,68.4,0.822,12.08,229.32,18.987,observed,A,126.0,3
C-S2-HYD,S2,HYD,K01,evening,9,161.7,28.3,0.222,4.58,61.81,13.49,observed,A,126.0,3
C-S2-HYD,S2,HYD,K01,evening,13,142.9,13.3,0.078,1.91,21.63,11.351,observed,A,126.0,3
C-S2-HYD,S2,HYD,K05,night,1,322.1,102.3,0.872,32.94,243.27,7.386,observed,A,113.0,2
C-S2-HYD,S2,HYD,K05,night,5,302.7,41.9,0.252,12.69,70.4,5.546,observed,A,113.0,2
C-S2-HYD,S2,HYD,K05,night,9,277.0,17.4,0.068,4.82,18.97,3.94,observed,A,113.0,2
C-S2-HYD,S2,HYD,K05,night,13,244.8,8.2,0.024,2.0,6.64,3.316,observed,A,113.0,2
C-S2-HYD,S2,HYD,K05,morning,1,314.7,245.8,2.095,77.35,584.62,7.558,observed,A,113.0,3
C-S2-HYD,S2,HYD,K05,morning,5,295.8,100.8,0.606,29.81,169.19,5.676,observed,A,113.0,3
C-S2-HYD,S2,HYD,K05,morning,9,270.6,41.8,0.163,11.31,45.6,4.032,observed,A,113.0,3
C-S2-HYD,S2,HYD,K05,morning,13,239.2,19.7,0.057,4.7,15.96,3.393,observed,A,113.0,3
C-S2-HYD,S2,HYD,K05,afternoon,1,312.5,300.2,2.56,93.82,714.14,7.612,observed,A,113.0,3
C-S2-HYD,S2,HYD,K05,afternoon,5,293.7,123.1,0.741,36.16,206.68,5.716,observed,A,113.0,3
C-S2-HYD,S2,HYD,K05,afternoon,9,268.7,51.0,0.2,13.72,55.7,4.061,observed,A,113.0,3
C-S2-HYD,S2,HYD,K05,afternoon,13,237.5,24.0,0.07,5.7,19.49,3.417,observed,A,113.0,3
C-S2-HYD,S2,HYD,K05,evening,1,311.4,266.6,2.273,83.03,634.24,7.639,observed,A,113.0,2
C-S2-HYD,S2,HYD,K05,evening,5,292.7,109.3,0.658,32.0,183.56,5.736,observed,A,113.0,2
C-S2-HYD,S2,HYD,K05,evening,9,267.8,45.3,0.177,12.14,49.47,4.075,observed,A,113.0,2
C-S2-HYD,S2,HYD,K05,evening,13,236.7,21.3,0.062,5.05,17.31,3.429,observed,A,113.0,2
C-S2-HYD,S2,HYD,K06,night,1,357.3,42.4,0.204,15.14,56.89,3.757,observed,A,35.0,2
C-S2-HYD,S2,HYD,K06,night,5,335.8,17.4,0.059,5.84,16.46,2.821,observed,A,35.0,2
C-S2-HYD,S2,HYD,K06,night,9,307.2,7.2,0.016,2.21,4.44,2.004,observed,A,35.0,2
C-S2-HYD,S2,HYD,K06,night,13,271.5,3.4,0.006,0.92,1.55,1.686,observed,A,35.0,2
C-S2-HYD,S2,HYD,K06,morning,1,348.0,122.0,0.587,42.46,163.75,3.856,observed,A,35.0,2
C-S2-HYD,S2,HYD,K06,morning,5,327.2,50.0,0.17,16.37,47.39,2.896,observed,A,35.0,2
C-S2-HYD,S2,HYD,K06,morning,9,299.3,20.7,0.046,6.21,12.77,2.057,observed,A,35.0,2
C-S2-HYD,S2,HYD,K06,morning,13,264.5,9.8,0.016,2.58,4.47,1.731,observed,A,35.0,2
C-S2-HYD,S2,HYD,K06,afternoon,1,346.0,152.9,0.736,52.91,205.26,3.879,observed,A,35.0,2
C-S2-HYD,S2,HYD,K06,afternoon,5,325.2,62.7,0.213,20.39,59.4,2.913,observed,A,35.0,2
C-S2-HYD,S2,HYD,K06,afternoon,9,297.5,26.0,0.057,7.74,16.01,2.07,observed,A,35.0,2
C-S2-HYD,S2,HYD,K06,afternoon,13,262.9,12.2,0.02,3.22,5.6,1.741,observed,A,35.0,2
C-S2-HYD,S2,HYD,K06,evening,1,345.4,130.0,0.625,44.9,174.44,3.885,observed,A,35.0,2
C-S2-HYD,S2,HYD,K06,evening,5,324.7,53.3,0.181,17.3,50.49,2.918,observed,A,35.0,2
C-S2-HYD,S2,HYD,K06,evening,9,297.1,22.1,0.049,6.56,13.61,2.073,observed,A,35.0,2
C-S2-HYD,S2,HYD,K06,evening,13,262.5,10.4,0.017,2.73,4.76,1.744,observed,A,35.0,2
C-S2-HYD,S2,HYD,K10,night,1,375.9,33.2,0.067,12.47,18.82,1.509,observed,B,15.0,2
C-S2-HYD,S2,HYD,K10,night,5,353.4,13.6,0.02,4.81,5.45,1.133,observed,B,15.0,2
C-S2-HYD,S2,HYD,K10,night,9,323.3,5.6,0.005,1.82,1.47,0.805,observed,B,15.0,2
C-S2-HYD,S2,HYD,K10,night,13,285.7,2.7,0.002,0.76,0.51,0.677,observed,B,15.0,2
C-S2-HYD,S2,HYD,K10,morning,1,362.5,101.0,0.205,36.59,57.27,1.565,observed,B,15.0,2
C-S2-HYD,S2,HYD,K10,morning,5,340.7,41.4,0.059,14.1,16.58,1.175,observed,B,15.0,2
C-S2-HYD,S2,HYD,K10,morning,9,311.7,17.2,0.016,5.35,4.47,0.835,observed,B,15.0,2
C-S2-HYD,S2,HYD,K10,morning,13,275.5,8.1,0.006,2.22,1.56,0.703,observed,B,15.0,2
C-S2-HYD,S2,HYD,K10,afternoon,1,361.3,126.6,0.257,45.73,71.8,1.57,observed,B,15.0,2
C-S2-HYD,S2,HYD,K10,afternoon,5,339.6,51.9,0.074,17.62,20.78,1.179,observed,B,15.0,2
C-S2-HYD,S2,HYD,K10,afternoon,9,310.7,21.5,0.02,6.69,5.6,0.838,observed,B,15.0,2
C-S2-HYD,S2,HYD,K10,afternoon,13,274.6,10.1,0.007,2.78,1.96,0.705,observed,B,15.0,2
C-S2-HYD,S2,HYD,K10,evening,1,364.3,104.1,0.212,37.93,59.07,1.557,observed,B,15.0,2
C-S2-HYD,S2,HYD,K10,evening,5,342.5,42.7,0.061,14.62,17.09,1.169,observed,B,15.0,2
C-S2-HYD,S2,HYD,K10,evening,9,313.3,17.7,0.017,5.55,4.61,0.831,observed,B,15.0,2
C-S2-HYD,S2,HYD,K10,evening,13,276.9,8.3,0.006,2.31,1.61,0.699,observed,B,15.0,2
C-S2-PUN,S2,PUN,K01,night,1,180.9,41.3,0.702,7.47,195.95,26.221,observed,A,82.0,3
C-S2-PUN,S2,PUN,K01,night,5,170.0,16.9,0.203,2.88,56.71,19.691,observed,A,82.0,3
C-S2-PUN,S2,PUN,K01,night,9,155.6,7.0,0.055,1.09,15.28,13.99,observed,A,82.0,3
C-S2-PUN,S2,PUN,K01,night,13,137.5,3.3,0.019,0.45,5.35,11.771,observed,A,82.0,3
C-S2-PUN,S2,PUN,K01,morning,1,184.4,115.7,1.967,21.34,548.69,25.716,observed,A,82.0,3
C-S2-PUN,S2,PUN,K01,morning,5,173.4,47.4,0.569,8.22,158.8,19.311,observed,A,82.0,3
C-S2-PUN,S2,PUN,K01,morning,9,158.6,19.7,0.153,3.12,42.8,13.72,observed,A,82.0,3
C-S2-PUN,S2,PUN,K01,morning,13,140.2,9.3,0.054,1.3,14.98,11.544,observed,A,82.0,3
C-S2-PUN,S2,PUN,K01,afternoon,1,184.8,146.0,2.482,26.98,692.39,25.66,observed,A,82.0,3
C-S2-PUN,S2,PUN,K01,afternoon,5,173.7,59.9,0.718,10.4,200.39,19.269,observed,A,82.0,3
C-S2-PUN,S2,PUN,K01,afternoon,9,159.0,24.8,0.194,3.94,54.01,13.69,observed,A,82.0,3
C-S2-PUN,S2,PUN,K01,afternoon,13,140.5,11.7,0.068,1.64,18.9,11.519,observed,A,82.0,3
C-S2-PUN,S2,PUN,K01,evening,1,183.2,116.6,1.981,21.35,552.8,25.886,observed,A,82.0,3
C-S2-PUN,S2,PUN,K01,evening,5,172.2,47.8,0.573,8.23,159.99,19.439,observed,A,82.0,3
C-S2-PUN,S2,PUN,K01,evening,9,157.6,19.8,0.155,3.12,43.12,13.811,observed,A,82.0,3
C-S2-PUN,S2,PUN,K01,evening,13,139.2,9.3,0.054,1.3,15.09,11.621,observed,A,82.0,3
C-S2-PUN,S2,PUN,K05,night,1,309.7,62.1,0.498,19.24,138.98,7.225,observed,A,76.0,2
C-S2-PUN,S2,PUN,K05,night,5,291.1,25.5,0.144,7.41,40.22,5.425,observed,A,76.0,2
C-S2-PUN,S2,PUN,K05,night,9,266.3,10.6,0.039,2.81,10.84,3.854,observed,A,76.0,2
C-S2-PUN,S2,PUN,K05,night,13,235.4,5.0,0.014,1.17,3.79,3.243,observed,A,76.0,2
C-S2-PUN,S2,PUN,K05,morning,1,298.8,157.5,1.263,47.04,352.28,7.489,observed,A,76.0,2
C-S2-PUN,S2,PUN,K05,morning,5,280.8,64.6,0.365,18.13,101.95,5.624,observed,A,76.0,2
C-S2-PUN,S2,PUN,K05,morning,9,256.9,26.8,0.098,6.88,27.48,3.995,observed,A,76.0,2
C-S2-PUN,S2,PUN,K05,morning,13,227.1,12.6,0.034,2.86,9.62,3.362,observed,A,76.0,2
C-S2-PUN,S2,PUN,K05,afternoon,1,294.6,206.2,1.653,60.73,461.24,7.595,observed,A,76.0,2
C-S2-PUN,S2,PUN,K05,afternoon,5,276.9,84.5,0.478,23.41,133.49,5.703,observed,A,76.0,2
C-S2-PUN,S2,PUN,K05,afternoon,9,253.3,35.0,0.129,8.88,35.98,4.052,observed,A,76.0,2
C-S2-PUN,S2,PUN,K05,afternoon,13,223.9,16.5,0.045,3.69,12.59,3.41,observed,A,76.0,2
C-S2-PUN,S2,PUN,K05,evening,1,293.5,172.9,1.386,50.73,386.78,7.624,observed,A,76.0,2
C-S2-PUN,S2,PUN,K05,evening,5,275.9,70.9,0.401,19.55,111.94,5.725,observed,A,76.0,2
C-S2-PUN,S2,PUN,K05,evening,9,252.4,29.4,0.108,7.42,30.17,4.068,observed,A,76.0,2
C-S2-PUN,S2,PUN,K05,evening,13,223.0,13.8,0.038,3.08,10.56,3.423,observed,A,76.0,2
C-S2-PUN,S2,PUN,K06,night,1,351.6,21.9,0.116,7.71,32.46,4.211,observed,B,17.0,3
C-S2-PUN,S2,PUN,K06,night,5,330.5,9.0,0.034,2.97,9.39,3.162,observed,B,17.0,3
C-S2-PUN,S2,PUN,K06,night,9,302.4,3.7,0.009,1.13,2.53,2.247,observed,B,17.0,3
C-S2-PUN,S2,PUN,K06,night,13,267.2,1.8,0.003,0.47,0.89,1.891,observed,B,17.0,3
C-S2-PUN,S2,PUN,K06,morning,1,348.2,68.6,0.364,23.89,101.57,4.252,observed,B,17.0,3
C-S2-PUN,S2,PUN,K06,morning,5,327.3,28.1,0.105,9.21,29.4,3.193,observed,B,17.0,3
C-S2-PUN,S2,PUN,K06,morning,9,299.5,11.7,0.028,3.49,7.92,2.269,observed,B,17.0,3
C-S2-PUN,S2,PUN,K06,morning,13,264.7,5.5,0.01,1.45,2.77,1.909,observed,B,17.0,3
C-S2-PUN,S2,PUN,K06,afternoon,1,345.3,93.1,0.494,32.15,137.86,4.289,observed,B,17.0,3
C-S2-PUN,S2,PUN,K06,afternoon,5,324.6,38.2,0.143,12.39,39.9,3.22,observed,B,17.0,3
C-S2-PUN,S2,PUN,K06,afternoon,9,296.9,15.8,0.039,4.7,10.75,2.288,observed,B,17.0,3
C-S2-PUN,S2,PUN,K06,afternoon,13,262.4,7.4,0.013,1.95,3.76,1.925,observed,B,17.0,3
C-S2-PUN,S2,PUN,K06,evening,1,343.9,75.2,0.399,25.88,111.41,4.305,observed,B,17.0,3
C-S2-PUN,S2,PUN,K06,evening,5,323.3,30.8,0.116,9.97,32.24,3.233,observed,B,17.0,3
C-S2-PUN,S2,PUN,K06,evening,9,295.8,12.8,0.031,3.78,8.69,2.297,observed,B,17.0,3
C-S2-PUN,S2,PUN,K06,evening,13,261.4,6.0,0.011,1.57,3.04,1.933,observed,B,17.0,3
C-S2-PUN,S2,PUN,K10,night,1,365.9,21.5,0.037,7.88,10.32,1.311,observed,C,7.0,1
C-S2-PUN,S2,PUN,K10,night,5,344.0,8.8,0.011,3.04,2.99,0.984,observed,C,7.0,1
C-S2-PUN,S2,PUN,K10,night,9,314.7,3.7,0.003,1.15,0.81,0.699,observed,C,7.0,1
C-S2-PUN,S2,PUN,K10,night,13,278.1,1.7,0.001,0.48,0.28,0.588,observed,C,7.0,1
C-S2-PUN,S2,PUN,K10,morning,1,362.1,72.2,0.124,26.15,34.64,1.324,observed,C,7.0,2
C-S2-PUN,S2,PUN,K10,morning,5,340.4,29.6,0.036,10.08,10.02,0.994,observed,C,7.0,2
C-S2-PUN,S2,PUN,K10,morning,9,311.4,12.3,0.01,3.82,2.7,0.706,observed,C,7.0,2
C-S2-PUN,S2,PUN,K10,morning,13,275.2,5.8,0.003,1.59,0.95,0.594,observed,C,7.0,2
C-S2-PUN,S2,PUN,K10,afternoon,1,361.2,94.0,0.162,33.97,45.1,1.328,observed,C,7.0,2
C-S2-PUN,S2,PUN,K10,afternoon,5,339.5,38.6,0.047,13.09,13.05,0.997,observed,C,7.0,2
C-S2-PUN,S2,PUN,K10,afternoon,9,310.6,16.0,0.013,4.97,3.52,0.708,observed,C,7.0,2
C-S2-PUN,S2,PUN,K10,afternoon,13,274.5,7.5,0.004,2.07,1.23,0.596,observed,C,7.0,2
C-S2-PUN,S2,PUN,K10,evening,1,358.0,73.0,0.125,26.13,35.0,1.34,observed,C,7.0,2
C-S2-PUN,S2,PUN,K10,evening,5,336.5,29.9,0.036,10.07,10.13,1.006,observed,C,7.0,2
C-S2-PUN,S2,PUN,K10,evening,9,307.9,12.4,0.01,3.82,2.73,0.715,observed,C,7.0,2
C-S2-PUN,S2,PUN,K10,evening,13,272.1,5.8,0.003,1.59,0.96,0.601,observed,C,7.0,2
C-S3-DEL,S3,DEL,K01,night,1,208.6,87.5,1.621,18.26,241.52,13.227,observed,A,64.0,7
C-S3-DEL,S3,DEL,K01,night,5,196.1,35.9,0.469,7.04,69.9,9.933,observed,A,64.0,7
C-S3-DEL,S3,DEL,K01,night,9,179.4,14.9,0.126,2.67,18.84,7.057,observed,A,64.0,7
C-S3-DEL,S3,DEL,K01,night,13,158.5,7.0,0.044,1.11,6.59,5.938,observed,A,64.0,7
C-S3-DEL,S3,DEL,K01,morning,1,212.9,211.6,3.918,45.04,583.8,12.961,observed,A,64.0,7
C-S3-DEL,S3,DEL,K01,morning,5,200.1,86.8,1.134,17.36,168.96,9.733,observed,A,64.0,7
C-S3-DEL,S3,DEL,K01,morning,9,183.1,36.0,0.306,6.59,45.54,6.915,observed,A,64.0,7
C-S3-DEL,S3,DEL,K01,morning,13,161.8,16.9,0.107,2.74,15.93,5.818,observed,A,64.0,7
C-S3-DEL,S3,DEL,K01,afternoon,1,214.6,256.2,4.744,54.99,706.85,12.855,observed,A,64.0,7
C-S3-DEL,S3,DEL,K01,afternoon,5,201.8,105.0,1.373,21.19,204.57,9.653,observed,A,64.0,7
C-S3-DEL,S3,DEL,K01,afternoon,9,184.6,43.6,0.37,8.04,55.13,6.858,observed,A,64.0,7
C-S3-DEL,S3,DEL,K01,afternoon,13,163.1,20.5,0.129,3.34,19.29,5.771,observed,A,64.0,7
C-S3-DEL,S3,DEL,K01,evening,1,212.5,315.8,5.848,67.1,871.39,12.986,observed,A,64.0,6
C-S3-DEL,S3,DEL,K01,evening,5,199.7,129.5,1.693,25.86,252.19,9.751,observed,A,64.0,6
C-S3-DEL,S3,DEL,K01,evening,9,182.7,53.7,0.456,9.81,67.97,6.928,observed,A,64.0,6
C-S3-DEL,S3,DEL,K01,evening,13,161.5,25.3,0.16,4.08,23.78,5.829,observed,A,64.0,6
C-S3-DEL,S3,DEL,K02,night,1,209.5,62.6,1.556,13.12,231.8,17.666,observed,A,222.0,2
C-S3-DEL,S3,DEL,K02,night,5,196.9,25.7,0.45,5.06,67.08,13.266,observed,A,222.0,2
C-S3-DEL,S3,DEL,K02,night,9,180.1,10.6,0.121,1.92,18.08,9.425,observed,A,222.0,2
C-S3-DEL,S3,DEL,K02,night,13,159.2,5.0,0.042,0.8,6.33,7.93,observed,A,222.0,2
C-S3-DEL,S3,DEL,K02,morning,1,202.6,144.4,3.587,29.26,534.42,18.264,observed,A,222.0,2
C-S3-DEL,S3,DEL,K02,morning,5,190.5,59.2,1.038,11.28,154.67,13.715,observed,A,222.0,2
C-S3-DEL,S3,DEL,K02,morning,9,174.2,24.6,0.28,4.28,41.68,9.744,observed,A,222.0,2
C-S3-DEL,S3,DEL,K02,morning,13,154.0,11.6,0.098,1.78,14.59,8.199,observed,A,222.0,2
C-S3-DEL,S3,DEL,K02,afternoon,1,201.9,187.6,4.658,37.86,694.07,18.332,observed,A,222.0,2
C-S3-DEL,S3,DEL,K02,afternoon,5,189.7,76.9,1.348,14.59,200.87,13.766,observed,A,222.0,2
C-S3-DEL,S3,DEL,K02,afternoon,9,173.6,31.9,0.363,5.54,54.14,9.781,observed,A,222.0,2
C-S3-DEL,S3,DEL,K02,afternoon,13,153.4,15.0,0.127,2.3,18.94,8.23,observed,A,222.0,2
C-S3-DEL,S3,DEL,K02,evening,1,199.7,175.3,4.353,34.99,648.57,18.534,observed,A,222.0,2
C-S3-DEL,S3,DEL,K02,evening,5,187.7,71.9,1.26,13.49,187.71,13.918,observed,A,222.0,2
C-S3-DEL,S3,DEL,K02,evening,9,171.7,29.8,0.34,5.12,50.59,9.888,observed,A,222.0,2
C-S3-DEL,S3,DEL,K02,evening,13,151.7,14.0,0.119,2.13,17.7,8.32,observed,A,222.0,2
C-S3-DEL,S3,DEL,K03,night,1,279.7,774.8,4.69,216.68,698.86,3.225,observed,A,392.0,3
C-S3-DEL,S3,DEL,K03,night,5,262.9,317.7,1.357,83.51,202.26,2.422,observed,A,392.0,3
C-S3-DEL,S3,DEL,K03,night,9,240.5,131.7,0.366,31.68,54.51,1.721,observed,A,392.0,3
C-S3-DEL,S3,DEL,K03,night,13,212.5,62.0,0.128,13.17,19.07,1.448,observed,A,392.0,3
C-S3-DEL,S3,DEL,K03,morning,1,273.4,1706.3,10.329,466.43,1539.07,3.3,observed,A,392.0,3
C-S3-DEL,S3,DEL,K03,morning,5,257.0,699.6,2.989,179.76,445.42,2.478,observed,A,392.0,3
C-S3-DEL,S3,DEL,K03,morning,9,235.1,290.1,0.806,68.19,120.05,1.76,observed,A,392.0,3
C-S3-DEL,S3,DEL,K03,morning,13,207.8,136.5,0.282,28.36,42.01,1.481,observed,A,392.0,3
C-S3-DEL,S3,DEL,K03,afternoon,1,271.9,2110.3,12.775,573.85,1903.54,3.317,observed,A,392.0,3
C-S3-DEL,S3,DEL,K03,afternoon,5,255.6,865.2,3.697,221.16,550.91,2.491,observed,A,392.0,3
C-S3-DEL,S3,DEL,K03,afternoon,9,233.9,358.8,0.996,83.9,148.48,1.77,observed,A,392.0,3
C-S3-DEL,S3,DEL,K03,afternoon,13,206.7,168.8,0.349,34.89,51.96,1.489,observed,A,392.0,3
C-S3-DEL,S3,DEL,K03,evening,1,270.4,1967.8,11.913,532.19,1774.97,3.335,observed,A,392.0,3
C-S3-DEL,S3,DEL,K03,evening,5,254.2,806.8,3.448,205.11,513.7,2.505,observed,A,392.0,3
C-S3-DEL,S3,DEL,K03,evening,9,232.6,334.5,0.929,77.81,138.45,1.779,observed,A,392.0,3
C-S3-DEL,S3,DEL,K03,evening,13,205.5,157.4,0.325,32.36,48.45,1.497,observed,A,392.0,3
C-S3-DEL,S3,DEL,K04,night,1,282.4,228.9,1.563,64.62,232.89,3.604,observed,A,181.0,3
C-S3-DEL,S3,DEL,K04,night,5,265.4,93.8,0.452,24.9,67.4,2.706,observed,A,181.0,3
C-S3-DEL,S3,DEL,K04,night,9,242.8,38.9,0.122,9.45,18.17,1.923,observed,A,181.0,3
C-S3-DEL,S3,DEL,K04,night,13,214.6,18.3,0.043,3.93,6.36,1.618,observed,A,181.0,3
C-S3-DEL,S3,DEL,K04,morning,1,275.0,535.8,3.66,147.36,545.27,3.7,observed,A,181.0,3
C-S3-DEL,S3,DEL,K04,morning,5,258.5,219.7,1.059,56.79,157.81,2.779,observed,A,181.0,3
C-S3-DEL,S3,DEL,K04,morning,9,236.5,91.1,0.285,21.54,42.53,1.974,observed,A,181.0,3
C-S3-DEL,S3,DEL,K04,morning,13,209.0,42.9,0.1,8.96,14.88,1.661,observed,A,181.0,3
C-S3-DEL,S3,DEL,K04,afternoon,1,275.0,622.9,4.254,171.32,633.89,3.7,observed,A,181.0,3
C-S3-DEL,S3,DEL,K04,afternoon,5,258.5,255.4,1.231,66.03,183.46,2.778,observed,A,181.0,3
C-S3-DEL,S3,DEL,K04,afternoon,9,236.5,105.9,0.332,25.05,49.44,1.974,observed,A,181.0,3
C-S3-DEL,S3,DEL,K04,afternoon,13,209.0,49.8,0.116,10.42,17.3,1.661,observed,A,181.0,3
C-S3-DEL,S3,DEL,K04,evening,1,272.6,591.7,4.041,161.27,602.06,3.733,observed,A,181.0,3
C-S3-DEL,S3,DEL,K04,evening,5,256.2,242.6,1.169,62.15,174.24,2.803,observed,A,181.0,3
C-S3-DEL,S3,DEL,K04,evening,9,234.4,100.6,0.315,23.58,46.96,1.992,observed,A,181.0,3
C-S3-DEL,S3,DEL,K04,evening,13,207.2,47.3,0.11,9.81,16.43,1.676,observed,A,181.0,3
C-S3-DEL,S3,DEL,K09,night,1,412.4,170.9,0.322,70.47,48.0,0.681,observed,A,50.0,2
C-S3-DEL,S3,DEL,K09,night,5,387.7,70.1,0.093,27.16,13.89,0.512,observed,A,50.0,2
C-S3-DEL,S3,DEL,K09,night,9,354.7,29.0,0.025,10.3,3.74,0.363,observed,A,50.0,2
C-S3-DEL,S3,DEL,K09,night,13,313.4,13.7,0.009,4.28,1.31,0.306,observed,A,50.0,2
C-S3-DEL,S3,DEL,K09,morning,1,399.3,397.5,0.75,158.74,111.69,0.704,observed,A,50.0,2
C-S3-DEL,S3,DEL,K09,morning,5,375.3,163.0,0.217,61.18,32.32,0.528,observed,A,50.0,2
C-S3-DEL,S3,DEL,K09,morning,9,343.4,67.6,0.058,23.21,8.71,0.375,observed,A,50.0,2
C-S3-DEL,S3,DEL,K09,morning,13,303.5,31.8,0.02,9.65,3.05,0.316,observed,A,50.0,2
C-S3-DEL,S3,DEL,K09,afternoon,1,395.5,502.8,0.948,198.84,141.25,0.71,observed,A,50.0,2
C-S3-DEL,S3,DEL,K09,afternoon,5,371.8,206.1,0.274,76.63,40.88,0.533,observed,A,50.0,2
C-S3-DEL,S3,DEL,K09,afternoon,9,340.1,85.5,0.074,29.07,11.02,0.379,observed,A,50.0,2
C-S3-DEL,S3,DEL,K09,afternoon,13,300.6,40.2,0.026,12.09,3.86,0.319,observed,A,50.0,2
C-S3-DEL,S3,DEL,K09,evening,1,398.0,447.3,0.843,178.03,125.67,0.706,observed,A,50.0,2
C-S3-DEL,S3,DEL,K09,evening,5,374.1,183.4,0.244,68.61,36.37,0.53,observed,A,50.0,2
C-S3-DEL,S3,DEL,K09,evening,9,342.2,76.0,0.066,26.03,9.8,0.377,observed,A,50.0,2
C-S3-DEL,S3,DEL,K09,evening,13,302.5,35.8,0.023,10.82,3.43,0.317,observed,A,50.0,2
C-S3-MUM,S3,MUM,K01,night,1,226.5,110.7,1.948,25.06,290.24,11.58,observed,A,119.0,5
C-S3-MUM,S3,MUM,K01,night,5,212.9,45.4,0.564,9.66,84.0,8.696,observed,A,119.0,5
C-S3-MUM,S3,MUM,K01,night,9,194.8,18.8,0.152,3.66,22.64,6.178,observed,A,119.0,5
C-S3-MUM,S3,MUM,K01,night,13,172.1,8.9,0.053,1.52,7.92,5.198,observed,A,119.0,5
C-S3-MUM,S3,MUM,K01,morning,1,226.3,221.6,3.901,50.17,581.28,11.587,observed,A,119.0,4
C-S3-MUM,S3,MUM,K01,morning,5,212.8,90.9,1.129,19.33,168.23,8.701,observed,A,119.0,4
C-S3-MUM,S3,MUM,K01,morning,9,194.7,37.7,0.304,7.33,45.34,6.182,observed,A,119.0,4
C-S3-MUM,S3,MUM,K01,morning,13,172.0,17.7,0.106,3.05,15.87,5.202,observed,A,119.0,4
C-S3-MUM,S3,MUM,K01,afternoon,1,225.7,283.7,4.993,64.02,743.96,11.621,observed,A,119.0,4
C-S3-MUM,S3,MUM,K01,afternoon,5,212.2,116.3,1.445,24.67,215.31,8.726,observed,A,119.0,4
C-S3-MUM,S3,MUM,K01,afternoon,9,194.1,48.2,0.389,9.36,58.03,6.2,observed,A,119.0,4
C-S3-MUM,S3,MUM,K01,afternoon,13,171.5,22.7,0.136,3.89,20.31,5.217,observed,A,119.0,4
C-S3-MUM,S3,MUM,K01,evening,1,224.6,286.8,5.049,64.43,752.31,11.676,observed,A,119.0,5
C-S3-MUM,S3,MUM,K01,evening,5,211.2,117.6,1.461,24.83,217.73,8.768,observed,A,119.0,5
C-S3-MUM,S3,MUM,K01,evening,9,193.2,48.8,0.394,9.42,58.68,6.229,observed,A,119.0,5
C-S3-MUM,S3,MUM,K01,evening,13,170.7,22.9,0.138,3.92,20.53,5.241,observed,A,119.0,5
C-S3-MUM,S3,MUM,K02,night,1,241.2,41.4,1.052,9.98,156.75,15.713,observed,A,151.0,2
C-S3-MUM,S3,MUM,K02,night,5,226.8,17.0,0.304,3.84,45.36,11.799,observed,A,151.0,2
C-S3-MUM,S3,MUM,K02,night,9,207.5,7.0,0.082,1.46,12.23,8.383,observed,A,151.0,2
C-S3-MUM,S3,MUM,K02,night,13,183.3,3.3,0.029,0.61,4.28,7.054,observed,A,151.0,2
C-S3-MUM,S3,MUM,K02,morning,1,238.4,96.9,2.465,23.09,367.21,15.901,observed,A,151.0,2
C-S3-MUM,S3,MUM,K02,morning,5,224.1,39.7,0.713,8.9,106.28,11.94,observed,A,151.0,2
C-S3-MUM,S3,MUM,K02,morning,9,205.0,16.5,0.192,3.38,28.64,8.483,observed,A,151.0,2
C-S3-MUM,S3,MUM,K02,morning,13,181.2,7.8,0.067,1.4,10.02,7.138,observed,A,151.0,2
C-S3-MUM,S3,MUM,K02,afternoon,1,237.1,118.4,3.013,28.08,448.94,15.989,observed,A,151.0,2
C-S3-MUM,S3,MUM,K02,afternoon,5,222.8,48.6,0.872,10.82,129.93,12.007,observed,A,151.0,2
C-S3-MUM,S3,MUM,K02,afternoon,9,203.9,20.1,0.235,4.1,35.02,8.53,observed,A,151.0,2
C-S3-MUM,S3,MUM,K02,afternoon,13,180.2,9.5,0.082,1.71,12.25,7.178,observed,A,151.0,2
C-S3-MUM,S3,MUM,K02,evening,1,232.2,127.8,3.251,29.68,484.42,16.321,observed,A,151.0,2
C-S3-MUM,S3,MUM,K02,evening,5,218.3,52.4,0.941,11.44,140.2,12.256,observed,A,151.0,2
C-S3-MUM,S3,MUM,K02,evening,9,199.7,21.7,0.254,4.34,37.79,8.708,observed,A,151.0,2
C-S3-MUM,S3,MUM,K02,evening,13,176.5,10.2,0.089,1.8,13.22,7.327,observed,A,151.0,2
C-S3-MUM,S3,MUM,K03,night,1,333.5,541.1,2.903,180.47,432.52,2.397,observed,A,250.0,3
C-S3-MUM,S3,MUM,K03,night,5,313.5,221.9,0.84,69.55,125.18,1.8,observed,A,250.0,3
C-S3-MUM,S3,MUM,K03,night,9,286.8,92.0,0.226,26.38,33.74,1.279,observed,A,250.0,3
C-S3-MUM,S3,MUM,K03,night,13,253.5,43.3,0.079,10.97,11.81,1.076,observed,A,250.0,3
C-S3-MUM,S3,MUM,K03,morning,1,329.2,1020.2,5.473,335.86,815.45,2.428,observed,A,250.0,3
C-S3-MUM,S3,MUM,K03,morning,5,309.5,418.3,1.584,129.44,236.0,1.823,observed,A,250.0,3
C-S3-MUM,S3,MUM,K03,morning,9,283.1,173.4,0.427,49.1,63.61,1.295,observed,A,250.0,3
C-S3-MUM,S3,MUM,K03,morning,13,250.2,81.6,0.149,20.42,22.26,1.09,observed,A,250.0,3
C-S3-MUM,S3,MUM,K03,afternoon,1,326.2,1372.7,7.364,447.73,1097.17,2.451,observed,A,250.0,3
C-S3-MUM,S3,MUM,K03,afternoon,5,306.6,562.8,2.131,172.56,317.53,1.84,observed,A,250.0,3
C-S3-MUM,S3,MUM,K03,afternoon,9,280.5,233.4,0.574,65.46,85.58,1.307,observed,A,250.0,3
C-S3-MUM,S3,MUM,K03,afternoon,13,247.9,109.8,0.201,27.22,29.95,1.1,observed,A,250.0,3
C-S3-MUM,S3,MUM,K03,evening,1,325.8,1365.1,7.323,444.77,1091.1,2.453,observed,A,250.0,3
C-S3-MUM,S3,MUM,K03,evening,5,306.3,559.7,2.119,171.42,315.78,1.842,observed,A,250.0,3
C-S3-MUM,S3,MUM,K03,evening,9,280.2,232.1,0.571,65.03,85.11,1.309,observed,A,250.0,3
C-S3-MUM,S3,MUM,K03,evening,13,247.6,109.2,0.2,27.04,29.78,1.101,observed,A,250.0,3
C-S3-MUM,S3,MUM,K04,night,1,323.3,185.2,1.345,59.89,200.36,3.346,observed,A,214.0,2
C-S3-MUM,S3,MUM,K04,night,5,303.9,75.9,0.389,23.08,57.99,2.512,observed,A,214.0,2
C-S3-MUM,S3,MUM,K04,night,9,278.1,31.5,0.105,8.76,15.63,1.785,observed,A,214.0,2
C-S3-MUM,S3,MUM,K04,night,13,245.7,14.8,0.037,3.64,5.47,1.502,observed,A,214.0,2
C-S3-MUM,S3,MUM,K04,morning,1,320.9,371.8,2.699,119.3,402.17,3.371,observed,A,214.0,2
C-S3-MUM,S3,MUM,K04,morning,5,301.7,152.4,0.781,45.98,116.39,2.531,observed,A,214.0,2
C-S3-MUM,S3,MUM,K04,morning,9,276.0,63.2,0.211,17.44,31.37,1.798,observed,A,214.0,2
C-S3-MUM,S3,MUM,K04,morning,13,243.9,29.7,0.074,7.25,10.98,1.513,observed,A,214.0,2
C-S3-MUM,S3,MUM,K04,afternoon,1,320.7,451.7,3.279,144.84,488.58,3.373,observed,A,214.0,2
C-S3-MUM,S3,MUM,K04,afternoon,5,301.4,185.2,0.949,55.82,141.4,2.533,observed,A,214.0,2
C-S3-MUM,S3,MUM,K04,afternoon,9,275.8,76.8,0.256,21.18,38.11,1.8,observed,A,214.0,2
C-S3-MUM,S3,MUM,K04,afternoon,13,243.7,36.1,0.089,8.81,13.34,1.514,observed,A,214.0,2
C-S3-MUM,S3,MUM,K04,evening,1,317.2,484.7,3.519,153.77,524.35,3.41,observed,A,214.0,2
C-S3-MUM,S3,MUM,K04,evening,5,298.2,198.7,1.018,59.26,151.75,2.561,observed,A,214.0,2
C-S3-MUM,S3,MUM,K04,evening,9,272.8,82.4,0.274,22.48,40.9,1.819,observed,A,214.0,2
C-S3-MUM,S3,MUM,K04,evening,13,241.1,38.8,0.096,9.35,14.31,1.531,observed,A,214.0,2
C-S3-MUM,S3,MUM,K09,night,1,470.9,230.1,0.463,108.34,68.91,0.636,observed,A,79.0,2
C-S3-MUM,S3,MUM,K09,night,5,442.6,94.3,0.134,41.75,19.94,0.478,observed,A,79.0,2
C-S3-MUM,S3,MUM,K09,night,9,405.0,39.1,0.036,15.84,5.38,0.339,observed,A,79.0,2
C-S3-MUM,S3,MUM,K09,night,13,357.9,18.4,0.013,6.59,1.88,0.286,observed,A,79.0,2
C-S3-MUM,S3,MUM,K09,morning,1,461.8,480.4,0.966,221.82,143.89,0.649,observed,A,79.0,2
C-S3-MUM,S3,MUM,K09,morning,5,434.1,196.9,0.279,85.49,41.64,0.487,observed,A,79.0,2
C-S3-MUM,S3,MUM,K09,morning,9,397.1,81.7,0.075,32.43,11.22,0.346,observed,A,79.0,2
C-S3-MUM,S3,MUM,K09,morning,13,350.9,38.4,0.026,13.49,3.93,0.291,observed,A,79.0,2
C-S3-MUM,S3,MUM,K09,afternoon,1,463.2,598.4,1.203,277.18,179.25,0.647,observed,A,79.0,2
C-S3-MUM,S3,MUM,K09,afternoon,5,435.4,245.4,0.348,106.83,51.88,0.486,observed,A,79.0,2
C-S3-MUM,S3,MUM,K09,afternoon,9,398.3,101.7,0.094,40.52,13.98,0.345,observed,A,79.0,2
C-S3-MUM,S3,MUM,K09,afternoon,13,352.0,47.9,0.033,16.85,4.89,0.29,observed,A,79.0,2
C-S3-MUM,S3,MUM,K09,evening,1,461.3,611.9,1.23,282.29,183.3,0.649,observed,A,79.0,2
C-S3-MUM,S3,MUM,K09,evening,5,433.6,250.9,0.356,108.8,53.05,0.488,observed,A,79.0,2
C-S3-MUM,S3,MUM,K09,evening,9,396.7,104.0,0.096,41.27,14.3,0.346,observed,A,79.0,2
C-S3-MUM,S3,MUM,K09,evening,13,350.6,49.0,0.034,17.16,5.0,0.291,observed,A,79.0,2
C-S3-BLR,S3,BLR,K01,night,1,205.5,95.4,1.503,19.62,223.9,11.414,observed,A,219.0,2
C-S3-BLR,S3,BLR,K01,night,5,193.2,39.1,0.435,7.56,64.8,8.572,observed,A,219.0,2
C-S3-BLR,S3,BLR,K01,night,9,176.8,16.2,0.117,2.87,17.46,6.09,observed,A,219.0,2
C-S3-BLR,S3,BLR,K01,night,13,156.2,7.6,0.041,1.19,6.11,5.124,observed,A,219.0,2
C-S3-BLR,S3,BLR,K01,morning,1,201.6,241.0,3.795,48.61,565.53,11.635,observed,A,219.0,2
C-S3-BLR,S3,BLR,K01,morning,5,189.5,98.8,1.098,18.73,163.67,8.737,observed,A,219.0,2
C-S3-BLR,S3,BLR,K01,morning,9,173.4,41.0,0.296,7.11,44.11,6.207,observed,A,219.0,2
C-S3-BLR,S3,BLR,K01,morning,13,153.2,19.3,0.104,2.96,15.44,5.223,observed,A,219.0,2
C-S3-BLR,S3,BLR,K01,afternoon,1,203.8,300.6,4.734,61.28,705.31,11.51,observed,A,219.0,2
C-S3-BLR,S3,BLR,K01,afternoon,5,191.6,123.3,1.37,23.62,204.13,8.643,observed,A,219.0,2
C-S3-BLR,S3,BLR,K01,afternoon,9,175.3,51.1,0.369,8.96,55.01,6.141,observed,A,219.0,2
C-S3-BLR,S3,BLR,K01,afternoon,13,154.9,24.1,0.129,3.73,19.25,5.167,observed,A,219.0,2
C-S3-BLR,S3,BLR,K01,evening,1,205.2,215.5,3.394,44.23,505.64,11.433,truncated,A,219.0,2
C-S3-BLR,S3,BLR,K01,evening,5,192.9,88.4,0.982,17.04,146.34,8.586,truncated,A,219.0,2
C-S3-BLR,S3,BLR,K01,evening,9,176.5,36.6,0.265,6.47,39.44,6.1,truncated,A,219.0,2
C-S3-BLR,S3,BLR,K01,evening,13,156.0,17.2,0.093,2.69,13.8,5.132,truncated,A,219.0,2
C-S3-BLR,S3,BLR,K02,night,1,231.7,25.4,0.57,5.87,84.92,14.456,observed,A,77.0,2
C-S3-BLR,S3,BLR,K02,night,5,217.8,10.4,0.165,2.26,24.58,10.856,observed,A,77.0,2
C-S3-BLR,S3,BLR,K02,night,9,199.3,4.3,0.044,0.86,6.62,7.712,observed,A,77.0,2
C-S3-BLR,S3,BLR,K02,night,13,176.1,2.0,0.016,0.36,2.32,6.49,observed,A,77.0,2
C-S3-BLR,S3,BLR,K02,morning,1,229.7,77.5,1.742,17.8,259.55,14.584,observed,A,77.0,2
C-S3-BLR,S3,BLR,K02,morning,5,215.9,31.8,0.504,6.86,75.12,10.952,observed,A,77.0,2
C-S3-BLR,S3,BLR,K02,morning,9,197.5,13.2,0.136,2.6,20.25,7.781,observed,A,77.0,2
C-S3-BLR,S3,BLR,K02,morning,13,174.6,6.2,0.048,1.08,7.08,6.547,observed,A,77.0,2
C-S3-BLR,S3,BLR,K02,afternoon,1,230.6,98.2,2.208,22.64,328.97,14.528,observed,A,77.0,2
C-S3-BLR,S3,BLR,K02,afternoon,5,216.7,40.3,0.639,8.73,95.21,10.91,observed,A,77.0,2
C-S3-BLR,S3,BLR,K02,afternoon,9,198.3,16.7,0.172,3.31,25.66,7.751,observed,A,77.0,2
C-S3-BLR,S3,BLR,K02,afternoon,13,175.2,7.9,0.06,1.38,8.98,6.522,observed,A,77.0,2
C-S3-BLR,S3,BLR,K02,evening,1,232.9,74.2,1.669,17.29,248.67,14.385,truncated,A,77.0,2
C-S3-BLR,S3,BLR,K02,evening,5,218.9,30.4,0.483,6.66,71.97,10.803,truncated,A,77.0,2
C-S3-BLR,S3,BLR,K02,evening,9,200.3,12.6,0.13,2.53,19.4,7.675,truncated,A,77.0,2
C-S3-BLR,S3,BLR,K02,evening,13,177.0,5.9,0.046,1.05,6.79,6.458,truncated,A,77.0,2
C-S3-BLR,S3,BLR,K03,night,1,302.1,462.4,2.976,139.7,443.47,3.174,observed,A,229.0,3
C-S3-BLR,S3,BLR,K03,night,5,284.0,189.6,0.861,53.84,128.35,2.384,observed,A,229.0,3
C-S3-BLR,S3,BLR,K03,night,9,259.8,78.6,0.232,20.42,34.59,1.694,observed,A,229.0,3
C-S3-BLR,S3,BLR,K03,night,13,229.6,37.0,0.081,8.49,12.1,1.425,observed,A,229.0,3
C-S3-BLR,S3,BLR,K03,morning,1,290.7,1109.0,7.138,322.43,1063.59,3.299,observed,A,229.0,3
C-S3-BLR,S3,BLR,K03,morning,5,273.3,454.7,2.066,124.26,307.82,2.477,observed,A,229.0,3
C-S3-BLR,S3,BLR,K03,morning,9,250.0,188.5,0.557,47.14,82.96,1.76,observed,A,229.0,3
C-S3-BLR,S3,BLR,K03,morning,13,221.0,88.7,0.195,19.6,29.03,1.481,observed,A,229.0,3
C-S3-BLR,S3,BLR,K03,afternoon,1,290.3,1326.6,8.539,385.06,1272.27,3.304,observed,A,229.0,3
C-S3-BLR,S3,BLR,K03,afternoon,5,272.8,543.9,2.471,148.4,368.21,2.481,observed,A,229.0,3
C-S3-BLR,S3,BLR,K03,afternoon,9,249.6,225.5,0.666,56.3,99.24,1.763,observed,A,229.0,3
C-S3-BLR,S3,BLR,K03,afternoon,13,220.6,106.1,0.233,23.41,34.73,1.483,observed,A,229.0,3
C-S3-BLR,S3,BLR,K03,evening,1,296.8,1101.6,7.09,326.97,1056.42,3.231,truncated,A,229.0,3
C-S3-BLR,S3,BLR,K03,evening,5,279.0,451.6,2.052,126.01,305.74,2.426,truncated,A,229.0,3
C-S3-BLR,S3,BLR,K03,evening,9,255.3,187.3,0.553,47.8,82.4,1.724,truncated,A,229.0,3
C-S3-BLR,S3,BLR,K03,evening,13,225.6,88.1,0.194,19.88,28.83,1.45,truncated,A,229.0,3
C-S3-BLR,S3,BLR,K04,night,1,316.4,88.4,0.525,27.97,78.21,2.796,observed,A,63.0,2
C-S3-BLR,S3,BLR,K04,night,5,297.4,36.2,0.152,10.78,22.63,2.1,observed,A,63.0,2
C-S3-BLR,S3,BLR,K04,night,9,272.1,15.0,0.041,4.09,6.1,1.492,observed,A,63.0,2
C-S3-BLR,S3,BLR,K04,night,13,240.5,7.1,0.014,1.7,2.13,1.255,observed,A,63.0,2
C-S3-BLR,S3,BLR,K04,morning,1,304.5,221.8,1.317,67.55,196.23,2.905,observed,A,63.0,2
C-S3-BLR,S3,BLR,K04,morning,5,286.3,90.9,0.381,26.03,56.79,2.182,observed,A,63.0,2
C-S3-BLR,S3,BLR,K04,morning,9,261.9,37.7,0.103,9.88,15.31,1.55,observed,A,63.0,2
C-S3-BLR,S3,BLR,K04,morning,13,231.5,17.7,0.036,4.11,5.36,1.304,observed,A,63.0,2
C-S3-BLR,S3,BLR,K04,afternoon,1,306.1,266.9,1.585,81.72,236.16,2.89,observed,A,63.0,2
C-S3-BLR,S3,BLR,K04,afternoon,5,287.8,109.4,0.459,31.49,68.35,2.17,observed,A,63.0,2
C-S3-BLR,S3,BLR,K04,afternoon,9,263.3,45.4,0.124,11.95,18.42,1.542,observed,A,63.0,2
C-S3-BLR,S3,BLR,K04,afternoon,13,232.7,21.4,0.043,4.97,6.45,1.297,observed,A,63.0,2
C-S3-BLR,S3,BLR,K04,evening,1,314.2,287.4,1.706,90.28,254.24,2.816,truncated,A,63.0,2
C-S3-BLR,S3,BLR,K04,evening,5,295.3,117.8,0.494,34.79,73.58,2.115,truncated,A,63.0,2
C-S3-BLR,S3,BLR,K04,evening,9,270.2,48.9,0.133,13.2,19.83,1.503,truncated,A,63.0,2
C-S3-BLR,S3,BLR,K04,evening,13,238.8,23.0,0.047,5.49,6.94,1.264,truncated,A,63.0,2
C-S3-BLR,S3,BLR,K09,night,1,437.2,185.7,0.311,81.2,46.36,0.571,observed,A,51.0,1
C-S3-BLR,S3,BLR,K09,night,5,411.0,76.1,0.09,31.29,13.42,0.429,observed,A,51.0,1
C-S3-BLR,S3,BLR,K09,night,9,376.0,31.6,0.024,11.87,3.62,0.305,observed,A,51.0,1
C-S3-BLR,S3,BLR,K09,night,13,332.3,14.9,0.008,4.94,1.27,0.256,observed,A,51.0,1
C-S3-BLR,S3,BLR,K09,morning,1,438.8,414.1,0.694,181.71,103.38,0.569,observed,A,51.0,2
C-S3-BLR,S3,BLR,K09,morning,5,412.5,169.8,0.201,70.03,29.92,0.427,observed,A,51.0,2
C-S3-BLR,S3,BLR,K09,morning,9,377.4,70.4,0.054,26.57,8.06,0.304,observed,A,51.0,2
C-S3-BLR,S3,BLR,K09,morning,13,333.5,33.1,0.019,11.05,2.82,0.255,observed,A,51.0,2
C-S3-BLR,S3,BLR,K09,afternoon,1,436.3,561.3,0.94,244.9,140.12,0.572,observed,A,51.0,2
C-S3-BLR,S3,BLR,K09,afternoon,5,410.2,230.1,0.272,94.38,40.55,0.43,observed,A,51.0,2
C-S3-BLR,S3,BLR,K09,afternoon,9,375.2,95.4,0.073,35.8,10.93,0.305,observed,A,51.0,2
C-S3-BLR,S3,BLR,K09,afternoon,13,331.6,44.9,0.026,14.89,3.82,0.257,observed,A,51.0,2
C-S3-BLR,S3,BLR,K09,evening,1,441.6,311.3,0.522,137.48,77.72,0.565,truncated,A,51.0,2
C-S3-BLR,S3,BLR,K09,evening,5,415.1,127.6,0.151,52.99,22.49,0.424,truncated,A,51.0,2
C-S3-BLR,S3,BLR,K09,evening,9,379.8,52.9,0.041,20.1,6.06,0.302,truncated,A,51.0,2
C-S3-BLR,S3,BLR,K09,evening,13,335.6,24.9,0.014,8.36,2.12,0.254,truncated,A,51.0,2
C-S3-HYD,S3,HYD,K01,night,1,191.3,43.9,0.78,8.4,116.2,13.838,observed,A,31.0,6
C-S3-HYD,S3,HYD,K01,night,5,179.8,18.0,0.226,3.24,33.63,10.391,observed,A,31.0,6
C-S3-HYD,S3,HYD,K01,night,9,164.5,7.5,0.061,1.23,9.06,7.383,observed,A,31.0,6
C-S3-HYD,S3,HYD,K01,night,13,145.4,3.5,0.021,0.51,3.17,6.212,observed,A,31.0,6
C-S3-HYD,S3,HYD,K01,morning,1,195.8,111.7,1.984,21.86,295.6,13.519,observed,A,31.0,6
C-S3-HYD,S3,HYD,K01,morning,5,184.1,45.8,0.574,8.43,85.55,10.152,observed,A,31.0,6
C-S3-HYD,S3,HYD,K01,morning,9,168.4,19.0,0.155,3.2,23.06,7.213,observed,A,31.0,6
C-S3-HYD,S3,HYD,K01,morning,13,148.8,8.9,0.054,1.33,8.07,6.069,observed,A,31.0,6
C-S3-HYD,S3,HYD,K01,afternoon,1,196.6,117.2,2.083,23.05,310.38,13.468,observed,A,31.0,5
C-S3-HYD,S3,HYD,K01,afternoon,5,184.8,48.1,0.603,8.88,89.83,10.113,observed,A,31.0,5
C-S3-HYD,S3,HYD,K01,afternoon,9,169.0,19.9,0.162,3.37,24.21,7.185,observed,A,31.0,5
C-S3-HYD,S3,HYD,K01,afternoon,13,149.4,9.4,0.057,1.4,8.47,6.046,observed,A,31.0,5
C-S3-HYD,S3,HYD,K01,evening,1,192.9,81.8,1.453,15.78,216.56,13.727,observed,A,31.0,7
C-S3-HYD,S3,HYD,K01,evening,5,181.3,33.5,0.421,6.08,62.67,10.308,observed,A,31.0,7
C-S3-HYD,S3,HYD,K01,evening,9,165.9,13.9,0.113,2.31,16.89,7.323,observed,A,31.0,7
C-S3-HYD,S3,HYD,K01,evening,13,146.6,6.5,0.04,0.96,5.91,6.162,observed,A,31.0,7
C-S3-HYD,S3,HYD,K02,night,1,201.3,21.6,0.562,4.35,83.7,19.254,observed,A,117.0,1
C-S3-HYD,S3,HYD,K02,night,5,189.2,8.9,0.163,1.68,24.22,14.459,observed,A,117.0,1
C-S3-HYD,S3,HYD,K02,night,9,173.1,3.7,0.044,0.64,6.53,10.273,observed,A,117.0,1
C-S3-HYD,S3,HYD,K02,night,13,153.0,1.7,0.015,0.26,2.28,8.644,observed,A,117.0,1
C-S3-HYD,S3,HYD,K02,morning,1,199.8,65.6,1.707,13.11,254.32,19.398,observed,A,117.0,1
C-S3-HYD,S3,HYD,K02,morning,5,187.8,26.9,0.494,5.05,73.6,14.567,observed,A,117.0,1
C-S3-HYD,S3,HYD,K02,morning,9,171.8,11.2,0.133,1.92,19.84,10.349,observed,A,117.0,1
C-S3-HYD,S3,HYD,K02,morning,13,151.8,5.2,0.047,0.8,6.94,8.708,observed,A,117.0,1
C-S3-HYD,S3,HYD,K02,afternoon,1,201.1,79.4,2.066,15.97,307.82,19.274,observed,A,117.0,1
C-S3-HYD,S3,HYD,K02,afternoon,5,189.0,32.6,0.598,6.16,89.09,14.474,observed,A,117.0,1
C-S3-HYD,S3,HYD,K02,afternoon,9,172.9,13.5,0.161,2.33,24.01,10.283,observed,A,117.0,1
C-S3-HYD,S3,HYD,K02,afternoon,13,152.8,6.4,0.056,0.97,8.4,8.652,observed,A,117.0,1
C-S3-HYD,S3,HYD,K02,evening,1,201.6,74.7,1.943,15.06,289.44,19.224,observed,A,117.0,1
C-S3-HYD,S3,HYD,K02,evening,5,189.5,30.6,0.562,5.8,83.77,14.436,observed,A,117.0,1
C-S3-HYD,S3,HYD,K02,evening,9,173.4,12.7,0.152,2.2,22.58,10.256,observed,A,117.0,1
C-S3-HYD,S3,HYD,K02,evening,13,153.2,6.0,0.053,0.92,7.9,8.63,observed,A,117.0,1
C-S3-HYD,S3,HYD,K03,night,1,280.7,262.8,1.553,73.76,231.35,3.137,observed,A,117.0,3
C-S3-HYD,S3,HYD,K03,night,5,263.9,107.7,0.449,28.43,66.95,2.355,observed,A,117.0,3
C-S3-HYD,S3,HYD,K03,night,9,241.4,44.7,0.121,10.78,18.04,1.673,observed,A,117.0,3
C-S3-HYD,S3,HYD,K03,night,13,213.3,21.0,0.042,4.48,6.31,1.408,observed,A,117.0,3
C-S3-HYD,S3,HYD,K03,morning,1,270.6,623.6,3.685,168.72,549.04,3.254,observed,A,117.0,3
C-S3-HYD,S3,HYD,K03,morning,5,254.3,255.7,1.066,65.02,158.9,2.444,observed,A,117.0,3
C-S3-HYD,S3,HYD,K03,morning,9,232.7,106.0,0.287,24.67,42.82,1.736,observed,A,117.0,3
C-S3-HYD,S3,HYD,K03,morning,13,205.6,49.9,0.101,10.26,14.99,1.461,observed,A,117.0,3
C-S3-HYD,S3,HYD,K03,afternoon,1,272.2,588.5,3.477,160.18,518.11,3.235,observed,A,117.0,3
C-S3-HYD,S3,HYD,K03,afternoon,5,255.9,241.3,1.006,61.73,149.95,2.429,observed,A,117.0,3
C-S3-HYD,S3,HYD,K03,afternoon,9,234.1,100.0,0.271,23.42,40.41,1.726,observed,A,117.0,3
C-S3-HYD,S3,HYD,K03,afternoon,13,206.9,47.1,0.095,9.74,14.14,1.452,observed,A,117.0,3
C-S3-HYD,S3,HYD,K03,evening,1,275.5,567.3,3.353,156.31,499.52,3.196,observed,A,117.0,4
C-S3-HYD,S3,HYD,K03,evening,5,259.0,232.6,0.97,60.24,144.57,2.4,observed,A,117.0,4
C-S3-HYD,S3,HYD,K03,evening,9,236.9,96.4,0.261,22.85,38.96,1.705,observed,A,117.0,4
C-S3-HYD,S3,HYD,K03,evening,13,209.4,45.4,0.092,9.5,13.63,1.435,observed,A,117.0,4
C-S3-HYD,S3,HYD,K04,night,1,279.3,41.9,0.253,11.71,37.72,3.22,observed,B,21.0,3
C-S3-HYD,S3,HYD,K04,night,5,262.5,17.2,0.073,4.51,10.92,2.418,observed,B,21.0,3
C-S3-HYD,S3,HYD,K04,night,9,240.2,7.1,0.02,1.71,2.94,1.718,observed,B,21.0,3
C-S3-HYD,S3,HYD,K04,night,13,212.3,3.4,0.007,0.71,1.03,1.446,observed,B,21.0,3
C-S3-HYD,S3,HYD,K04,morning,1,269.2,115.6,0.698,31.1,103.93,3.342,observed,B,21.0,4
C-S3-HYD,S3,HYD,K04,morning,5,253.0,47.4,0.202,11.99,30.08,2.509,observed,B,21.0,4
C-S3-HYD,S3,HYD,K04,morning,9,231.5,19.6,0.054,4.55,8.11,1.783,observed,B,21.0,4
C-S3-HYD,S3,HYD,K04,morning,13,204.6,9.2,0.019,1.89,2.84,1.5,observed,B,21.0,4
C-S3-HYD,S3,HYD,K04,afternoon,1,268.3,138.2,0.834,37.07,124.25,3.352,observed,B,21.0,4
C-S3-HYD,S3,HYD,K04,afternoon,5,252.2,56.6,0.241,14.29,35.96,2.517,observed,B,21.0,4
C-S3-HYD,S3,HYD,K04,afternoon,9,230.7,23.5,0.065,5.42,9.69,1.788,observed,B,21.0,4
C-S3-HYD,S3,HYD,K04,afternoon,13,203.9,11.1,0.023,2.25,3.39,1.505,observed,B,21.0,4
C-S3-HYD,S3,HYD,K04,evening,1,278.5,108.7,0.656,30.27,97.73,3.229,observed,B,21.0,4
C-S3-HYD,S3,HYD,K04,evening,5,261.8,44.5,0.19,11.66,28.28,2.425,observed,B,21.0,4
C-S3-HYD,S3,HYD,K04,evening,9,239.6,18.5,0.051,4.42,7.62,1.723,observed,B,21.0,4
C-S3-HYD,S3,HYD,K04,evening,13,211.7,8.7,0.018,1.84,2.67,1.449,observed,B,21.0,4
C-S3-HYD,S3,HYD,K09,night,1,421.2,85.3,0.207,35.93,30.84,0.858,observed,B,22.0,4
C-S3-HYD,S3,HYD,K09,night,5,396.0,35.0,0.06,13.85,8.93,0.645,observed,B,22.0,4
C-S3-HYD,S3,HYD,K09,night,9,362.3,14.5,0.016,5.25,2.41,0.458,observed,B,22.0,4
C-S3-HYD,S3,HYD,K09,night,13,320.1,6.8,0.006,2.18,0.84,0.385,observed,B,22.0,4
C-S3-HYD,S3,HYD,K09,morning,1,424.0,218.9,0.531,92.81,79.15,0.853,observed,B,22.0,4
C-S3-HYD,S3,HYD,K09,morning,5,398.5,89.8,0.154,35.77,22.91,0.64,observed,B,22.0,4
C-S3-HYD,S3,HYD,K09,morning,9,364.6,37.2,0.041,13.57,6.17,0.455,observed,B,22.0,4
C-S3-HYD,S3,HYD,K09,morning,13,322.2,17.5,0.014,5.64,2.16,0.383,observed,B,22.0,4
C-S3-HYD,S3,HYD,K09,afternoon,1,425.5,259.5,0.63,110.43,93.82,0.85,observed,B,22.0,4
C-S3-HYD,S3,HYD,K09,afternoon,5,400.0,106.4,0.182,42.56,27.15,0.638,observed,B,22.0,4
C-S3-HYD,S3,HYD,K09,afternoon,9,366.0,44.1,0.049,16.14,7.32,0.453,observed,B,22.0,4
C-S3-HYD,S3,HYD,K09,afternoon,13,323.4,20.8,0.017,6.71,2.56,0.381,observed,B,22.0,4
C-S3-HYD,S3,HYD,K09,evening,1,423.4,229.5,0.557,97.19,82.99,0.854,observed,B,22.0,4
C-S3-HYD,S3,HYD,K09,evening,5,398.0,94.1,0.161,37.46,24.02,0.641,observed,B,22.0,4
C-S3-HYD,S3,HYD,K09,evening,9,364.1,39.0,0.043,14.21,6.47,0.456,observed,B,22.0,4
C-S3-HYD,S3,HYD,K09,evening,13,321.8,18.4,0.015,5.91,2.27,0.383,observed,B,22.0,4
C-S3-PUN,S3,PUN,K01,night,1,183.4,38.8,0.779,7.11,116.0,16.306,observed,A,57.0,5
C-S3-PUN,S3,PUN,K01,night,5,172.4,15.9,0.225,2.74,33.57,12.245,observed,A,57.0,5
C-S3-PUN,S3,PUN,K01,night,9,157.7,6.6,0.061,1.04,9.05,8.699,observed,A,57.0,5
C-S3-PUN,S3,PUN,K01,night,13,139.4,3.1,0.021,0.43,3.17,7.32,observed,A,57.0,5
C-S3-PUN,S3,PUN,K01,morning,1,188.8,111.0,2.228,20.95,331.91,15.841,observed,A,57.0,5
C-S3-PUN,S3,PUN,K01,morning,5,177.4,45.5,0.645,8.07,96.06,11.896,observed,A,57.0,5
C-S3-PUN,S3,PUN,K01,morning,9,162.3,18.9,0.174,3.06,25.89,8.452,observed,A,57.0,5
C-S3-PUN,S3,PUN,K01,morning,13,143.5,8.9,0.061,1.27,9.06,7.111,observed,A,57.0,5
C-S3-PUN,S3,PUN,K01,afternoon,1,189.9,137.9,2.767,26.19,412.32,15.744,observed,A,57.0,5
C-S3-PUN,S3,PUN,K01,afternoon,5,178.5,56.5,0.801,10.09,119.33,11.823,observed,A,57.0,5
C-S3-PUN,S3,PUN,K01,afternoon,9,163.3,23.4,0.216,3.83,32.16,8.4,observed,A,57.0,5
C-S3-PUN,S3,PUN,K01,afternoon,13,144.4,11.0,0.076,1.59,11.25,7.068,observed,A,57.0,5
C-S3-PUN,S3,PUN,K01,evening,1,187.5,111.9,2.247,20.98,334.75,15.952,observed,A,57.0,5
C-S3-PUN,S3,PUN,K01,evening,5,176.2,45.9,0.65,8.09,96.88,11.979,observed,A,57.0,5
C-S3-PUN,S3,PUN,K01,evening,9,161.2,19.0,0.175,3.07,26.11,8.511,observed,A,57.0,5
C-S3-PUN,S3,PUN,K01,evening,13,142.5,9.0,0.061,1.28,9.14,7.161,observed,A,57.0,5
C-S3-PUN,S3,PUN,K02,night,1,192.2,16.1,0.396,3.1,59.07,19.074,observed,A,97.0,1
C-S3-PUN,S3,PUN,K02,night,5,180.7,6.6,0.115,1.19,17.09,14.324,observed,A,97.0,1
C-S3-PUN,S3,PUN,K02,night,9,165.3,2.7,0.031,0.45,4.61,10.176,observed,A,97.0,1
C-S3-PUN,S3,PUN,K02,night,13,146.1,1.3,0.011,0.19,1.61,8.563,observed,A,97.0,1
C-S3-PUN,S3,PUN,K02,morning,1,192.5,45.0,1.108,8.67,165.13,19.045,observed,A,97.0,1
C-S3-PUN,S3,PUN,K02,morning,5,181.0,18.5,0.321,3.34,47.79,14.302,observed,A,97.0,1
C-S3-PUN,S3,PUN,K02,morning,9,165.6,7.7,0.086,1.27,12.88,10.161,observed,A,97.0,1
C-S3-PUN,S3,PUN,K02,morning,13,146.3,3.6,0.03,0.53,4.51,8.55,observed,A,97.0,1
C-S3-PUN,S3,PUN,K02,afternoon,1,191.9,60.9,1.498,11.68,223.15,19.107,observed,A,97.0,1
C-S3-PUN,S3,PUN,K02,afternoon,5,180.4,25.0,0.433,4.5,64.58,14.348,observed,A,97.0,1
C-S3-PUN,S3,PUN,K02,afternoon,9,165.1,10.3,0.117,1.71,17.41,10.194,observed,A,97.0,1
C-S3-PUN,S3,PUN,K02,afternoon,13,145.9,4.9,0.041,0.71,6.09,8.577,observed,A,97.0,1
C-S3-PUN,S3,PUN,K02,evening,1,189.1,47.3,1.165,8.95,173.57,19.395,observed,A,97.0,1
C-S3-PUN,S3,PUN,K02,evening,5,177.7,19.4,0.337,3.45,50.23,14.564,observed,A,97.0,1
C-S3-PUN,S3,PUN,K02,evening,9,162.6,8.0,0.091,1.31,13.54,10.348,observed,A,97.0,1
C-S3-PUN,S3,PUN,K02,evening,13,143.7,3.8,0.032,0.54,4.74,8.707,observed,A,97.0,1
C-S3-PUN,S3,PUN,K03,night,1,280.0,249.9,1.426,69.97,212.52,3.037,observed,A,247.0,2
C-S3-PUN,S3,PUN,K03,night,5,263.2,102.4,0.413,26.97,61.5,2.281,observed,A,247.0,2
C-S3-PUN,S3,PUN,K03,night,9,240.8,42.5,0.111,10.23,16.58,1.62,observed,A,247.0,2
C-S3-PUN,S3,PUN,K03,night,13,212.8,20.0,0.039,4.25,5.8,1.363,observed,A,247.0,2
C-S3-PUN,S3,PUN,K03,morning,1,278.9,590.8,3.372,164.76,502.45,3.05,observed,A,247.0,2
C-S3-PUN,S3,PUN,K03,morning,5,262.2,242.2,0.976,63.5,145.42,2.29,observed,A,247.0,2
C-S3-PUN,S3,PUN,K03,morning,9,239.8,100.4,0.263,24.09,39.19,1.627,observed,A,247.0,2
C-S3-PUN,S3,PUN,K03,morning,13,212.0,47.3,0.092,10.02,13.71,1.369,observed,A,247.0,2
C-S3-PUN,S3,PUN,K03,afternoon,1,278.6,762.9,4.355,212.54,648.84,3.053,observed,A,247.0,2
C-S3-PUN,S3,PUN,K03,afternoon,5,261.9,312.8,1.26,81.91,187.78,2.292,observed,A,247.0,2
C-S3-PUN,S3,PUN,K03,afternoon,9,239.6,129.7,0.34,31.07,50.61,1.629,observed,A,247.0,2
C-S3-PUN,S3,PUN,K03,afternoon,13,211.7,61.0,0.119,12.92,17.71,1.37,observed,A,247.0,2
C-S3-PUN,S3,PUN,K03,evening,1,275.7,633.6,3.616,174.66,538.86,3.085,observed,A,247.0,2
C-S3-PUN,S3,PUN,K03,evening,5,259.1,259.8,1.047,67.31,155.95,2.317,observed,A,247.0,2
C-S3-PUN,S3,PUN,K03,evening,9,237.1,107.7,0.282,25.54,42.03,1.646,observed,A,247.0,2
C-S3-PUN,S3,PUN,K03,evening,13,209.5,50.7,0.099,10.62,14.71,1.385,observed,A,247.0,2
C-S3-PUN,S3,PUN,K04,night,1,270.9,38.1,0.242,10.33,36.1,3.494,observed,A,29.0,3
C-S3-PUN,S3,PUN,K04,night,5,254.6,15.6,0.07,3.98,10.45,2.624,observed,A,29.0,3
C-S3-PUN,S3,PUN,K04,night,9,233.0,6.5,0.019,1.51,2.82,1.864,observed,A,29.0,3
C-S3-PUN,S3,PUN,K04,night,13,205.9,3.1,0.007,0.63,0.99,1.569,observed,A,29.0,3
C-S3-PUN,S3,PUN,K04,morning,1,263.9,110.0,0.699,29.03,104.12,3.586,observed,A,29.0,3
C-S3-PUN,S3,PUN,K04,morning,5,248.1,45.1,0.202,11.19,30.13,2.693,observed,A,29.0,3
C-S3-PUN,S3,PUN,K04,morning,9,227.0,18.7,0.055,4.24,8.12,1.913,observed,A,29.0,3
C-S3-PUN,S3,PUN,K04,morning,13,200.6,8.8,0.019,1.77,2.84,1.61,observed,A,29.0,3
C-S3-PUN,S3,PUN,K04,afternoon,1,262.0,136.1,0.864,35.64,128.78,3.613,observed,A,29.0,3
C-S3-PUN,S3,PUN,K04,afternoon,5,246.3,55.8,0.25,13.74,37.27,2.713,observed,A,29.0,3
C-S3-PUN,S3,PUN,K04,afternoon,9,225.3,23.1,0.067,5.21,10.04,1.928,observed,A,29.0,3
C-S3-PUN,S3,PUN,K04,afternoon,13,199.1,10.9,0.024,2.17,3.51,1.622,observed,A,29.0,3
C-S3-PUN,S3,PUN,K04,evening,1,260.6,119.9,0.762,31.24,113.49,3.632,observed,A,29.0,3
C-S3-PUN,S3,PUN,K04,evening,5,244.9,49.2,0.22,12.04,32.85,2.728,observed,A,29.0,3
C-S3-PUN,S3,PUN,K04,evening,9,224.1,20.4,0.059,4.57,8.85,1.938,observed,A,29.0,3
C-S3-PUN,S3,PUN,K04,evening,13,198.0,9.6,0.021,1.9,3.1,1.631,observed,A,29.0,3
C-S3-PUN,S3,PUN,K09,night,1,397.3,46.8,0.088,18.59,13.05,0.702,observed,B,14.0,3
C-S3-PUN,S3,PUN,K09,night,5,373.5,19.2,0.025,7.16,3.78,0.527,observed,B,14.0,3
C-S3-PUN,S3,PUN,K09,night,9,341.7,8.0,0.007,2.72,1.02,0.375,observed,B,14.0,3
C-S3-PUN,S3,PUN,K09,night,13,301.9,3.7,0.002,1.13,0.36,0.315,observed,B,14.0,3
C-S3-PUN,S3,PUN,K09,morning,1,397.3,125.2,0.234,49.74,34.92,0.702,observed,B,14.0,3
C-S3-PUN,S3,PUN,K09,morning,5,373.5,51.3,0.068,19.17,10.11,0.527,observed,B,14.0,3
C-S3-PUN,S3,PUN,K09,morning,9,341.7,21.3,0.018,7.27,2.72,0.375,observed,B,14.0,3
C-S3-PUN,S3,PUN,K09,morning,13,301.9,10.0,0.006,3.02,0.95,0.315,observed,B,14.0,3
C-S3-PUN,S3,PUN,K09,afternoon,1,396.8,160.8,0.301,63.8,44.84,0.703,observed,B,14.0,3
C-S3-PUN,S3,PUN,K09,afternoon,5,373.0,65.9,0.087,24.59,12.98,0.528,observed,B,14.0,3
C-S3-PUN,S3,PUN,K09,afternoon,9,341.2,27.3,0.023,9.33,3.5,0.375,observed,B,14.0,3
C-S3-PUN,S3,PUN,K09,afternoon,13,301.5,12.9,0.008,3.88,1.22,0.316,observed,B,14.0,3
C-S3-PUN,S3,PUN,K09,evening,1,394.1,136.6,0.256,53.82,38.09,0.708,observed,B,14.0,3
C-S3-PUN,S3,PUN,K09,evening,5,370.4,56.0,0.074,20.74,11.02,0.531,observed,B,14.0,3
C-S3-PUN,S3,PUN,K09,evening,9,338.9,23.2,0.02,7.87,2.97,0.378,observed,B,14.0,3
C-S3-PUN,S3,PUN,K09,evening,13,299.5,10.9,0.007,3.27,1.04,0.318,observed,B,14.0,3
C-S4-DEL,S4,DEL,K01,night,1,211.2,179.3,2.89,37.87,1225.5,32.357,observed,A,276.0,4
C-S4-DEL,S4,DEL,K01,night,5,198.6,73.5,0.836,14.6,354.67,24.298,observed,A,276.0,4
C-S4-DEL,S4,DEL,K01,night,9,181.7,30.5,0.225,5.54,95.59,17.263,observed,A,276.0,4
C-S4-DEL,S4,DEL,K01,night,13,160.5,14.3,0.079,2.3,33.45,14.526,observed,A,276.0,4
C-S4-DEL,S4,DEL,K01,morning,1,213.9,417.7,6.734,89.35,2855.02,31.954,observed,A,276.0,4
C-S4-DEL,S4,DEL,K01,morning,5,201.1,171.3,1.949,34.43,826.28,23.996,observed,A,276.0,4
C-S4-DEL,S4,DEL,K01,morning,9,184.0,71.0,0.525,13.06,222.69,17.048,observed,A,276.0,4
C-S4-DEL,S4,DEL,K01,morning,13,162.6,33.4,0.184,5.43,77.93,14.345,observed,A,276.0,4
C-S4-DEL,S4,DEL,K01,afternoon,1,214.9,526.4,8.486,113.13,3598.24,31.808,observed,A,276.0,4
C-S4-DEL,S4,DEL,K01,afternoon,5,202.0,215.8,2.456,43.6,1041.37,23.886,observed,A,276.0,4
C-S4-DEL,S4,DEL,K01,afternoon,9,184.8,89.5,0.662,16.54,280.66,16.97,observed,A,276.0,4
C-S4-DEL,S4,DEL,K01,afternoon,13,163.3,42.1,0.232,6.88,98.21,14.279,observed,A,276.0,4
C-S4-DEL,S4,DEL,K01,evening,1,201.7,473.1,7.626,95.42,3233.49,33.887,observed,A,276.0,3
C-S4-DEL,S4,DEL,K01,evening,5,189.6,194.0,2.207,36.77,935.81,25.447,observed,A,276.0,3
C-S4-DEL,S4,DEL,K01,evening,9,173.5,80.4,0.595,13.95,252.21,18.079,observed,A,276.0,3
C-S4-DEL,S4,DEL,K01,evening,13,153.3,37.8,0.208,5.8,88.26,15.213,observed,A,276.0,3
C-S4-DEL,S4,DEL,K05,night,1,330.0,282.6,1.605,93.25,680.55,7.298,observed,A,203.0,2
C-S4-DEL,S4,DEL,K05,night,5,310.2,115.9,0.465,35.94,196.96,5.481,observed,A,203.0,2
C-S4-DEL,S4,DEL,K05,night,9,283.8,48.0,0.125,13.63,53.08,3.894,observed,A,203.0,2
C-S4-DEL,S4,DEL,K05,night,13,250.8,22.6,0.044,5.67,18.58,3.276,observed,A,203.0,2
C-S4-DEL,S4,DEL,K05,morning,1,321.7,621.4,3.53,199.89,1496.59,7.487,observed,A,203.0,2
C-S4-DEL,S4,DEL,K05,morning,5,302.4,254.8,1.022,77.04,433.13,5.622,observed,A,203.0,2
C-S4-DEL,S4,DEL,K05,morning,9,276.6,105.6,0.275,29.22,116.73,3.994,observed,A,203.0,2
C-S4-DEL,S4,DEL,K05,morning,13,244.5,49.7,0.096,12.15,40.85,3.361,observed,A,203.0,2
C-S4-DEL,S4,DEL,K05,afternoon,1,319.1,821.8,4.668,262.29,1979.32,7.546,observed,A,203.0,2
C-S4-DEL,S4,DEL,K05,afternoon,5,300.0,337.0,1.351,101.09,572.84,5.667,observed,A,203.0,2
C-S4-DEL,S4,DEL,K05,afternoon,9,274.5,139.7,0.364,38.35,154.39,4.026,observed,A,203.0,2
C-S4-DEL,S4,DEL,K05,afternoon,13,242.6,65.7,0.127,15.95,54.02,3.388,observed,A,203.0,2
C-S4-DEL,S4,DEL,K05,evening,1,317.4,744.9,4.231,236.41,1793.97,7.588,observed,A,203.0,2
C-S4-DEL,S4,DEL,K05,evening,5,298.3,305.4,1.225,91.11,519.2,5.698,observed,A,203.0,2
C-S4-DEL,S4,DEL,K05,evening,9,272.9,126.6,0.33,34.56,139.93,4.049,observed,A,203.0,2
C-S4-DEL,S4,DEL,K05,evening,13,241.2,59.6,0.115,14.37,48.96,3.407,observed,A,203.0,2
C-S4-DEL,S4,DEL,K06,night,1,377.8,111.6,0.873,42.17,370.3,8.781,observed,A,108.0,3
C-S4-DEL,S4,DEL,K06,night,5,355.2,45.8,0.253,16.25,107.17,6.594,observed,A,108.0,3
C-S4-DEL,S4,DEL,K06,night,9,324.9,19.0,0.068,6.17,28.88,4.685,observed,A,108.0,3
C-S4-DEL,S4,DEL,K06,night,13,287.2,8.9,0.024,2.56,10.11,3.942,observed,A,108.0,3
C-S4-DEL,S4,DEL,K06,morning,1,369.0,256.1,2.004,94.5,849.59,8.99,observed,A,108.0,3
C-S4-DEL,S4,DEL,K06,morning,5,346.9,105.0,0.58,36.42,245.88,6.751,observed,A,108.0,3
C-S4-DEL,S4,DEL,K06,morning,9,317.4,43.5,0.156,13.82,66.27,4.797,observed,A,108.0,3
C-S4-DEL,S4,DEL,K06,morning,13,280.5,20.5,0.055,5.75,23.19,4.036,observed,A,108.0,3
C-S4-DEL,S4,DEL,K06,afternoon,1,365.0,339.7,2.658,123.99,1126.99,9.089,observed,A,108.0,3
C-S4-DEL,S4,DEL,K06,afternoon,5,343.1,139.3,0.769,47.79,326.16,6.826,observed,A,108.0,3
C-S4-DEL,S4,DEL,K06,afternoon,9,313.9,57.7,0.207,18.13,87.91,4.849,observed,A,108.0,3
C-S4-DEL,S4,DEL,K06,afternoon,13,277.4,27.2,0.073,7.54,30.76,4.08,observed,A,108.0,3
C-S4-DEL,S4,DEL,K06,evening,1,363.2,299.7,2.345,108.86,994.32,9.134,observed,A,108.0,3
C-S4-DEL,S4,DEL,K06,evening,5,341.4,122.9,0.679,41.95,287.77,6.859,observed,A,108.0,3
C-S4-DEL,S4,DEL,K06,evening,9,312.4,50.9,0.183,15.91,77.56,4.873,observed,A,108.0,3
C-S4-DEL,S4,DEL,K06,evening,13,276.1,24.0,0.064,6.62,27.14,4.1,observed,A,108.0,3
C-S4-DEL,S4,DEL,K10,night,1,416.1,125.9,0.215,52.37,90.95,1.737,observed,B,20.0,4
C-S4-DEL,S4,DEL,K10,night,5,391.1,51.6,0.062,20.18,26.32,1.304,observed,B,20.0,4
C-S4-DEL,S4,DEL,K10,night,9,357.8,21.4,0.017,7.66,7.09,0.927,observed,B,20.0,4
C-S4-DEL,S4,DEL,K10,night,13,316.2,10.1,0.006,3.18,2.48,0.78,observed,B,20.0,4
C-S4-DEL,S4,DEL,K10,morning,1,412.4,269.4,0.459,111.11,194.68,1.752,observed,B,20.0,4
C-S4-DEL,S4,DEL,K10,morning,5,387.7,110.5,0.133,42.82,56.34,1.316,observed,B,20.0,4
C-S4-DEL,S4,DEL,K10,morning,9,354.7,45.8,0.036,16.24,15.18,0.935,observed,B,20.0,4
C-S4-DEL,S4,DEL,K10,morning,13,313.4,21.6,0.013,6.76,5.31,0.787,observed,B,20.0,4
C-S4-DEL,S4,DEL,K10,afternoon,1,411.2,338.9,0.578,139.36,244.87,1.757,observed,B,20.0,3
C-S4-DEL,S4,DEL,K10,afternoon,5,386.6,138.9,0.167,53.71,70.87,1.319,observed,B,20.0,3
C-S4-DEL,S4,DEL,K10,afternoon,9,353.7,57.6,0.045,20.37,19.1,0.937,observed,B,20.0,3
C-S4-DEL,S4,DEL,K10,afternoon,13,312.5,27.1,0.016,8.47,6.68,0.789,observed,B,20.0,3
C-S4-DEL,S4,DEL,K10,evening,1,409.9,316.7,0.54,129.82,228.86,1.763,observed,B,20.0,4
C-S4-DEL,S4,DEL,K10,evening,5,385.3,129.9,0.156,50.03,66.23,1.324,observed,B,20.0,4
C-S4-DEL,S4,DEL,K10,evening,9,352.5,53.8,0.042,18.98,17.85,0.941,observed,B,20.0,4
C-S4-DEL,S4,DEL,K10,evening,13,311.5,25.3,0.015,7.89,6.25,0.791,observed,B,20.0,4
C-S4-MUM,S4,MUM,K01,night,1,215.2,114.8,1.53,24.71,648.63,26.254,observed,A,169.0,2
C-S4-MUM,S4,MUM,K01,night,5,202.3,47.1,0.443,9.52,187.72,19.715,observed,A,169.0,2
C-S4-MUM,S4,MUM,K01,night,9,185.1,19.5,0.119,3.61,50.59,14.007,observed,A,169.0,2
C-S4-MUM,S4,MUM,K01,night,13,163.5,9.2,0.042,1.5,17.7,11.786,observed,A,169.0,2
C-S4-MUM,S4,MUM,K01,morning,1,214.6,230.0,3.064,49.35,1299.07,26.324,observed,A,169.0,3
C-S4-MUM,S4,MUM,K01,morning,5,201.7,94.3,0.887,19.02,375.97,19.768,observed,A,169.0,3
C-S4-MUM,S4,MUM,K01,morning,9,184.6,39.1,0.239,7.21,101.33,14.044,observed,A,169.0,3
C-S4-MUM,S4,MUM,K01,morning,13,163.1,18.4,0.084,3.0,35.46,11.817,observed,A,169.0,3
C-S4-MUM,S4,MUM,K01,afternoon,1,210.0,294.0,3.917,61.74,1661.01,26.902,observed,A,169.0,2
C-S4-MUM,S4,MUM,K01,afternoon,5,197.4,120.5,1.134,23.8,480.72,20.202,observed,A,169.0,2
C-S4-MUM,S4,MUM,K01,afternoon,9,180.6,50.0,0.306,9.03,129.56,14.353,observed,A,169.0,2
C-S4-MUM,S4,MUM,K01,afternoon,13,159.6,23.5,0.107,3.75,45.34,12.077,observed,A,169.0,2
C-S4-MUM,S4,MUM,K01,evening,1,208.3,299.2,3.986,62.32,1690.11,27.119,observed,A,169.0,2
C-S4-MUM,S4,MUM,K01,evening,5,195.8,122.7,1.154,24.02,489.14,20.365,observed,A,169.0,2
C-S4-MUM,S4,MUM,K01,evening,9,179.2,50.9,0.311,9.11,131.83,14.468,observed,A,169.0,2
C-S4-MUM,S4,MUM,K01,evening,13,158.3,23.9,0.109,3.79,46.13,12.174,observed,A,169.0,2
C-S4-MUM,S4,MUM,K05,night,1,391.0,157.1,1.012,61.43,429.08,6.985,observed,A,87.0,3
C-S4-MUM,S4,MUM,K05,night,5,367.5,64.4,0.293,23.67,124.18,5.245,observed,A,87.0,3
C-S4-MUM,S4,MUM,K05,night,9,336.2,26.7,0.079,8.98,33.47,3.727,observed,A,87.0,3
C-S4-MUM,S4,MUM,K05,night,13,297.1,12.6,0.028,3.73,11.71,3.136,observed,A,87.0,3
C-S4-MUM,S4,MUM,K05,morning,1,386.8,275.4,1.774,106.52,752.07,7.06,observed,A,87.0,3
C-S4-MUM,S4,MUM,K05,morning,5,363.6,112.9,0.513,41.05,217.66,5.302,observed,A,87.0,3
C-S4-MUM,S4,MUM,K05,morning,9,332.7,46.8,0.138,15.57,58.66,3.767,observed,A,87.0,3
C-S4-MUM,S4,MUM,K05,morning,13,294.0,22.0,0.048,6.48,20.53,3.169,observed,A,87.0,3
C-S4-MUM,S4,MUM,K05,afternoon,1,382.3,374.8,2.414,143.31,1023.62,7.143,observed,A,87.0,3
C-S4-MUM,S4,MUM,K05,afternoon,5,359.4,153.7,0.699,55.23,296.25,5.364,observed,A,87.0,3
C-S4-MUM,S4,MUM,K05,afternoon,9,328.8,63.7,0.188,20.95,79.84,3.811,observed,A,87.0,3
C-S4-MUM,S4,MUM,K05,afternoon,13,290.6,30.0,0.066,8.71,27.94,3.207,observed,A,87.0,3
C-S4-MUM,S4,MUM,K05,evening,1,380.6,371.1,2.39,141.24,1013.5,7.176,observed,A,87.0,3
C-S4-MUM,S4,MUM,K05,evening,5,357.8,152.2,0.692,54.44,293.32,5.388,observed,A,87.0,3
C-S4-MUM,S4,MUM,K05,evening,9,327.3,63.1,0.186,20.65,79.05,3.828,observed,A,87.0,3
C-S4-MUM,S4,MUM,K05,evening,13,289.3,29.7,0.065,8.59,27.66,3.221,observed,A,87.0,3
C-S4-MUM,S4,MUM,K06,night,1,432.2,60.6,0.531,26.19,225.03,8.592,observed,A,68.0,2
C-S4-MUM,S4,MUM,K06,night,5,406.3,24.8,0.154,10.09,65.13,6.452,observed,A,68.0,2
C-S4-MUM,S4,MUM,K06,night,9,371.7,10.3,0.041,3.83,17.55,4.584,observed,A,68.0,2
C-S4-MUM,S4,MUM,K06,night,13,328.5,4.8,0.014,1.59,6.14,3.857,observed,A,68.0,2
C-S4-MUM,S4,MUM,K06,morning,1,422.3,124.9,1.094,52.75,463.9,8.794,observed,A,68.0,2
C-S4-MUM,S4,MUM,K06,morning,5,397.0,51.2,0.317,20.33,134.26,6.604,observed,A,68.0,2
C-S4-MUM,S4,MUM,K06,morning,9,363.2,21.2,0.085,7.71,36.18,4.692,observed,A,68.0,2
C-S4-MUM,S4,MUM,K06,morning,13,321.0,10.0,0.03,3.21,12.66,3.948,observed,A,68.0,2
C-S4-MUM,S4,MUM,K06,afternoon,1,421.1,153.5,1.344,64.62,569.94,8.82,observed,A,68.0,2
C-S4-MUM,S4,MUM,K06,afternoon,5,395.8,62.9,0.389,24.91,164.95,6.623,observed,A,68.0,2
C-S4-MUM,S4,MUM,K06,afternoon,9,362.1,26.1,0.105,9.45,44.46,4.705,observed,A,68.0,2
C-S4-MUM,S4,MUM,K06,afternoon,13,320.0,12.3,0.037,3.93,15.56,3.959,observed,A,68.0,2
C-S4-MUM,S4,MUM,K06,evening,1,409.5,172.6,1.511,70.66,640.82,9.069,observed,A,68.0,2
C-S4-MUM,S4,MUM,K06,evening,5,384.9,70.7,0.437,27.23,185.46,6.81,observed,A,68.0,2
C-S4-MUM,S4,MUM,K06,evening,9,352.2,29.3,0.118,10.33,49.98,4.839,observed,A,68.0,2
C-S4-MUM,S4,MUM,K06,evening,13,311.2,13.8,0.041,4.3,17.49,4.071,observed,A,68.0,2
C-S4-MUM,S4,MUM,K10,night,1,465.3,80.3,0.126,37.37,53.53,1.432,observed,B,12.0,3
C-S4-MUM,S4,MUM,K10,night,5,437.4,32.9,0.037,14.4,15.49,1.076,observed,B,12.0,3
C-S4-MUM,S4,MUM,K10,night,9,400.1,13.7,0.01,5.46,4.18,0.764,observed,B,12.0,3
C-S4-MUM,S4,MUM,K10,night,13,353.6,6.4,0.003,2.27,1.46,0.643,observed,B,12.0,3
C-S4-MUM,S4,MUM,K10,morning,1,459.7,171.2,0.269,78.7,114.08,1.45,observed,B,12.0,3
C-S4-MUM,S4,MUM,K10,morning,5,432.2,70.2,0.078,30.33,33.02,1.089,observed,B,12.0,3
C-S4-MUM,S4,MUM,K10,morning,9,395.4,29.1,0.021,11.51,8.9,0.773,observed,B,12.0,3
C-S4-MUM,S4,MUM,K10,morning,13,349.4,13.7,0.007,4.78,3.11,0.651,observed,B,12.0,3
C-S4-MUM,S4,MUM,K10,afternoon,1,458.9,210.2,0.33,96.45,140.09,1.452,observed,B,12.0,3
C-S4-MUM,S4,MUM,K10,afternoon,5,431.3,86.2,0.096,37.17,40.54,1.091,observed,B,12.0,3
C-S4-MUM,S4,MUM,K10,afternoon,9,394.6,35.7,0.026,14.1,10.93,0.775,observed,B,12.0,3
C-S4-MUM,S4,MUM,K10,afternoon,13,348.7,16.8,0.009,5.86,3.82,0.652,observed,B,12.0,3
C-S4-MUM,S4,MUM,K10,evening,1,453.6,219.4,0.345,99.5,146.19,1.469,observed,B,12.0,3
C-S4-MUM,S4,MUM,K10,evening,5,426.4,89.9,0.1,38.35,42.31,1.103,observed,B,12.0,3
C-S4-MUM,S4,MUM,K10,evening,9,390.1,37.3,0.027,14.55,11.4,0.784,observed,B,12.0,3
C-S4-MUM,S4,MUM,K10,evening,13,344.8,17.5,0.009,6.05,3.99,0.66,observed,B,12.0,3
C-S4-BLR,S4,BLR,K01,night,1,219.5,79.2,1.197,17.38,507.44,29.198,observed,A,78.0,5
C-S4-BLR,S4,BLR,K01,night,5,206.4,32.5,0.346,6.7,146.86,21.926,observed,A,78.0,5
C-S4-BLR,S4,BLR,K01,night,9,188.8,13.5,0.093,2.54,39.58,15.577,observed,A,78.0,5
C-S4-BLR,S4,BLR,K01,night,13,166.9,6.3,0.033,1.06,13.85,13.107,observed,A,78.0,5
C-S4-BLR,S4,BLR,K01,morning,1,223.1,183.7,2.777,40.98,1177.62,28.734,observed,A,78.0,5
C-S4-BLR,S4,BLR,K01,morning,5,209.7,75.3,0.804,15.79,340.82,21.578,observed,A,78.0,5
C-S4-BLR,S4,BLR,K01,morning,9,191.9,31.2,0.217,5.99,91.85,15.33,observed,A,78.0,5
C-S4-BLR,S4,BLR,K01,morning,13,169.5,14.7,0.076,2.49,32.14,12.899,observed,A,78.0,5
C-S4-BLR,S4,BLR,K01,afternoon,1,222.3,225.1,3.403,50.04,1442.76,28.834,observed,A,78.0,5
C-S4-BLR,S4,BLR,K01,afternoon,5,209.0,92.3,0.985,19.28,417.55,21.652,observed,A,78.0,5
C-S4-BLR,S4,BLR,K01,afternoon,9,191.2,38.3,0.265,7.32,112.53,15.383,observed,A,78.0,5
C-S4-BLR,S4,BLR,K01,afternoon,13,169.0,18.0,0.093,3.04,39.38,12.944,observed,A,78.0,5
C-S4-BLR,S4,BLR,K01,evening,1,221.2,269.1,4.068,59.51,1724.99,28.985,observed,A,78.0,5
C-S4-BLR,S4,BLR,K01,evening,5,207.9,110.3,1.177,22.94,499.23,21.766,observed,A,78.0,5
C-S4-BLR,S4,BLR,K01,evening,9,190.2,45.7,0.317,8.7,134.55,15.464,observed,A,78.0,5
C-S4-BLR,S4,BLR,K01,evening,13,168.1,21.5,0.111,3.62,47.08,13.012,observed,A,78.0,5
C-S4-BLR,S4,BLR,K05,night,1,366.9,154.9,0.844,56.82,358.06,6.302,observed,A,112.0,3
C-S4-BLR,S4,BLR,K05,night,5,344.9,63.5,0.244,21.9,103.63,4.732,observed,A,112.0,3
C-S4-BLR,S4,BLR,K05,night,9,315.5,26.3,0.066,8.31,27.93,3.362,observed,A,112.0,3
C-S4-BLR,S4,BLR,K05,night,13,278.8,12.4,0.023,3.45,9.77,2.829,observed,A,112.0,3
C-S4-BLR,S4,BLR,K05,morning,1,355.0,366.4,1.998,130.06,847.06,6.513,observed,A,112.0,3
C-S4-BLR,S4,BLR,K05,morning,5,333.7,150.2,0.578,50.12,245.15,4.891,observed,A,112.0,3
C-S4-BLR,S4,BLR,K05,morning,9,305.3,62.3,0.156,19.01,66.07,3.475,observed,A,112.0,3
C-S4-BLR,S4,BLR,K05,morning,13,269.8,29.3,0.055,7.91,23.12,2.924,observed,A,112.0,3
C-S4-BLR,S4,BLR,K05,afternoon,1,351.4,499.5,2.724,175.53,1154.88,6.579,observed,A,112.0,3
C-S4-BLR,S4,BLR,K05,afternoon,5,330.3,204.8,0.788,67.65,334.24,4.941,observed,A,112.0,3
C-S4-BLR,S4,BLR,K05,afternoon,9,302.2,84.9,0.212,25.66,90.08,3.51,observed,A,112.0,3
C-S4-BLR,S4,BLR,K05,afternoon,13,267.1,40.0,0.074,10.67,31.52,2.954,observed,A,112.0,3
C-S4-BLR,S4,BLR,K05,evening,1,349.6,564.4,3.078,197.34,1304.89,6.612,observed,A,112.0,3
C-S4-BLR,S4,BLR,K05,evening,5,328.6,231.4,0.891,76.06,377.65,4.965,observed,A,112.0,3
C-S4-BLR,S4,BLR,K05,evening,9,300.7,96.0,0.24,28.85,101.78,3.528,observed,A,112.0,3
C-S4-BLR,S4,BLR,K05,evening,13,265.7,45.2,0.084,12.0,35.62,2.968,observed,A,112.0,3
C-S4-BLR,S4,BLR,K06,night,1,401.4,68.5,0.577,27.49,244.52,8.896,observed,A,100.0,2
C-S4-BLR,S4,BLR,K06,night,5,377.3,28.1,0.167,10.59,70.77,6.68,observed,A,100.0,2
C-S4-BLR,S4,BLR,K06,night,9,345.2,11.6,0.045,4.02,19.07,4.746,observed,A,100.0,2
C-S4-BLR,S4,BLR,K06,night,13,305.1,5.5,0.016,1.67,6.67,3.993,observed,A,100.0,2
C-S4-BLR,S4,BLR,K06,morning,1,384.3,178.7,1.505,68.67,638.08,9.292,observed,A,100.0,2
C-S4-BLR,S4,BLR,K06,morning,5,361.2,73.3,0.436,26.47,184.67,6.977,observed,A,100.0,2
C-S4-BLR,S4,BLR,K06,morning,9,330.5,30.4,0.117,10.04,49.77,4.957,observed,A,100.0,2
C-S4-BLR,S4,BLR,K06,morning,13,292.1,14.3,0.041,4.18,17.42,4.171,observed,A,100.0,2
C-S4-BLR,S4,BLR,K06,afternoon,1,382.2,219.9,1.852,84.05,785.25,9.343,observed,A,100.0,2
C-S4-BLR,S4,BLR,K06,afternoon,5,359.2,90.2,0.536,32.39,227.26,7.016,observed,A,100.0,2
C-S4-BLR,S4,BLR,K06,afternoon,9,328.7,37.4,0.144,12.29,61.25,4.985,observed,A,100.0,2
C-S4-BLR,S4,BLR,K06,afternoon,13,290.4,17.6,0.051,5.11,21.43,4.194,observed,A,100.0,2
C-S4-BLR,S4,BLR,K06,evening,1,375.2,254.1,2.14,95.32,907.23,9.518,observed,A,100.0,2
C-S4-BLR,S4,BLR,K06,evening,5,352.7,104.2,0.619,36.74,262.56,7.147,observed,A,100.0,2
C-S4-BLR,S4,BLR,K06,evening,9,322.6,43.2,0.167,13.94,70.76,5.078,observed,A,100.0,2
C-S4-BLR,S4,BLR,K06,evening,13,285.1,20.3,0.058,5.8,24.76,4.273,observed,A,100.0,2
C-S4-BLR,S4,BLR,K10,night,1,434.0,61.7,0.103,26.78,43.67,1.631,observed,B,17.0,2
C-S4-BLR,S4,BLR,K10,night,5,408.0,25.3,0.03,10.32,12.64,1.225,observed,B,17.0,2
C-S4-BLR,S4,BLR,K10,night,9,373.2,10.5,0.008,3.91,3.41,0.87,observed,B,17.0,2
C-S4-BLR,S4,BLR,K10,night,13,329.8,4.9,0.003,1.63,1.19,0.732,observed,B,17.0,2
C-S4-BLR,S4,BLR,K10,morning,1,421.7,165.2,0.276,69.67,116.92,1.678,observed,B,17.0,2
C-S4-BLR,S4,BLR,K10,morning,5,396.4,67.7,0.08,26.85,33.84,1.26,observed,B,17.0,2
C-S4-BLR,S4,BLR,K10,morning,9,362.7,28.1,0.022,10.19,9.12,0.895,observed,B,17.0,2
C-S4-BLR,S4,BLR,K10,morning,13,320.5,13.2,0.008,4.24,3.19,0.753,observed,B,17.0,2
C-S4-BLR,S4,BLR,K10,afternoon,1,422.1,203.5,0.34,85.88,144.01,1.677,observed,B,17.0,2
C-S4-BLR,S4,BLR,K10,afternoon,5,396.8,83.4,0.098,33.1,41.68,1.259,observed,B,17.0,2
C-S4-BLR,S4,BLR,K10,afternoon,9,363.0,34.6,0.026,12.56,11.23,0.895,observed,B,17.0,2
C-S4-BLR,S4,BLR,K10,afternoon,13,320.8,16.3,0.009,5.22,3.93,0.753,observed,B,17.0,2
C-S4-BLR,S4,BLR,K10,evening,1,417.9,229.2,0.383,95.79,162.25,1.694,observed,B,17.0,2
C-S4-BLR,S4,BLR,K10,evening,5,392.8,94.0,0.111,36.92,46.96,1.272,observed,B,17.0,2
C-S4-BLR,S4,BLR,K10,evening,9,359.4,39.0,0.03,14.0,12.66,0.904,observed,B,17.0,2
C-S4-BLR,S4,BLR,K10,evening,13,317.6,18.3,0.01,5.82,4.43,0.76,observed,B,17.0,2
C-S4-HYD,S4,HYD,K01,night,1,192.2,53.0,0.844,10.18,357.81,35.137,observed,A,59.0,5
C-S4-HYD,S4,HYD,K01,night,5,180.6,21.7,0.244,3.92,103.56,26.386,observed,A,59.0,5
C-S4-HYD,S4,HYD,K01,night,9,165.3,9.0,0.066,1.49,27.91,18.746,observed,A,59.0,5
C-S4-HYD,S4,HYD,K01,night,13,146.1,4.2,0.023,0.62,9.77,15.774,observed,A,59.0,5
C-S4-HYD,S4,HYD,K01,morning,1,197.1,138.0,2.197,27.19,931.56,34.262,observed,A,59.0,5
C-S4-HYD,S4,HYD,K01,morning,5,185.3,56.6,0.636,10.48,269.6,25.729,observed,A,59.0,5
C-S4-HYD,S4,HYD,K01,morning,9,169.5,23.5,0.171,3.98,72.66,18.28,observed,A,59.0,5
C-S4-HYD,S4,HYD,K01,morning,13,149.8,11.0,0.06,1.65,25.43,15.381,observed,A,59.0,5
C-S4-HYD,S4,HYD,K01,afternoon,1,197.9,166.0,2.644,32.86,1121.21,34.116,observed,A,59.0,5
C-S4-HYD,S4,HYD,K01,afternoon,5,186.1,68.1,0.765,12.67,324.49,25.619,observed,A,59.0,5
C-S4-HYD,S4,HYD,K01,afternoon,9,170.2,28.2,0.206,4.8,87.45,18.201,observed,A,59.0,5
C-S4-HYD,S4,HYD,K01,afternoon,13,150.4,13.3,0.072,2.0,30.6,15.315,observed,A,59.0,5
C-S4-HYD,S4,HYD,K01,evening,1,196.0,157.4,2.507,30.85,1062.96,34.46,observed,A,59.0,5
C-S4-HYD,S4,HYD,K01,evening,5,184.2,64.5,0.726,11.89,307.63,25.877,observed,A,59.0,5
C-S4-HYD,S4,HYD,K01,evening,9,168.5,26.8,0.196,4.51,82.91,18.385,observed,A,59.0,5
C-S4-HYD,S4,HYD,K01,evening,13,148.9,12.6,0.068,1.88,29.01,15.47,observed,A,59.0,5
C-S4-HYD,S4,HYD,K05,night,1,320.4,115.2,0.68,36.92,288.45,7.814,observed,A,87.0,2
C-S4-HYD,S4,HYD,K05,night,5,301.1,47.2,0.197,14.23,83.48,5.868,observed,A,87.0,2
C-S4-HYD,S4,HYD,K05,night,9,275.5,19.6,0.053,5.4,22.5,4.169,observed,A,87.0,2
C-S4-HYD,S4,HYD,K05,night,13,243.5,9.2,0.019,2.24,7.87,3.508,observed,A,87.0,2
C-S4-HYD,S4,HYD,K05,morning,1,309.8,267.6,1.58,82.92,669.99,8.08,observed,A,87.0,2
C-S4-HYD,S4,HYD,K05,morning,5,291.2,109.7,0.457,31.96,193.9,6.068,observed,A,87.0,2
C-S4-HYD,S4,HYD,K05,morning,9,266.4,45.5,0.123,12.12,52.26,4.311,observed,A,87.0,2
C-S4-HYD,S4,HYD,K05,morning,13,235.5,21.4,0.043,5.04,18.29,3.627,observed,A,87.0,2
C-S4-HYD,S4,HYD,K05,afternoon,1,308.3,328.0,1.936,101.11,821.01,8.12,observed,A,87.0,2
C-S4-HYD,S4,HYD,K05,afternoon,5,289.8,134.5,0.56,38.97,237.61,6.098,observed,A,87.0,2
C-S4-HYD,S4,HYD,K05,afternoon,9,265.1,55.8,0.151,14.78,64.04,4.332,observed,A,87.0,2
C-S4-HYD,S4,HYD,K05,afternoon,13,234.3,26.2,0.053,6.15,22.41,3.645,observed,A,87.0,2
C-S4-HYD,S4,HYD,K05,evening,1,307.2,292.1,1.725,89.72,731.24,8.15,observed,A,87.0,2
C-S4-HYD,S4,HYD,K05,evening,5,288.7,119.8,0.499,34.58,211.63,6.12,observed,A,87.0,2
C-S4-HYD,S4,HYD,K05,evening,9,264.2,49.7,0.135,13.12,57.04,4.348,observed,A,87.0,2
C-S4-HYD,S4,HYD,K05,evening,13,233.4,23.4,0.047,5.46,19.96,3.659,observed,A,87.0,2
C-S4-HYD,S4,HYD,K06,night,1,360.1,47.1,0.348,16.96,147.71,8.71,observed,A,51.0,2
C-S4-HYD,S4,HYD,K06,night,5,338.4,19.3,0.101,6.54,42.75,6.541,observed,A,51.0,2
C-S4-HYD,S4,HYD,K06,night,9,309.6,8.0,0.027,2.48,11.52,4.647,observed,A,51.0,2
C-S4-HYD,S4,HYD,K06,night,13,273.6,3.8,0.01,1.03,4.03,3.91,observed,A,51.0,2
C-S4-HYD,S4,HYD,K06,morning,1,354.1,135.8,1.004,48.07,425.74,8.857,observed,A,51.0,3
C-S4-HYD,S4,HYD,K06,morning,5,332.8,55.7,0.291,18.52,123.21,6.651,observed,A,51.0,3
C-S4-HYD,S4,HYD,K06,morning,9,304.5,23.1,0.078,7.03,33.21,4.726,observed,A,51.0,3
C-S4-HYD,S4,HYD,K06,morning,13,269.1,10.9,0.027,2.92,11.62,3.976,observed,A,51.0,3
C-S4-HYD,S4,HYD,K06,afternoon,1,353.3,164.0,1.213,57.94,514.31,8.876,observed,A,51.0,3
C-S4-HYD,S4,HYD,K06,afternoon,5,332.1,67.2,0.351,22.33,148.85,6.665,observed,A,51.0,3
C-S4-HYD,S4,HYD,K06,afternoon,9,303.9,27.9,0.095,8.47,40.12,4.735,observed,A,51.0,3
C-S4-HYD,S4,HYD,K06,afternoon,13,268.5,13.1,0.033,3.52,14.04,3.985,observed,A,51.0,3
C-S4-HYD,S4,HYD,K06,evening,1,351.4,143.5,1.061,50.42,450.04,8.926,observed,A,51.0,3
C-S4-HYD,S4,HYD,K06,evening,5,330.3,58.8,0.307,19.43,130.25,6.703,observed,A,51.0,3
C-S4-HYD,S4,HYD,K06,evening,9,302.2,24.4,0.083,7.37,35.1,4.762,observed,A,51.0,3
C-S4-HYD,S4,HYD,K06,evening,13,267.0,11.5,0.029,3.07,12.28,4.007,observed,A,51.0,3
C-S4-HYD,S4,HYD,K10,night,1,382.1,26.0,0.041,9.93,17.4,1.753,observed,C,6.0,3
C-S4-HYD,S4,HYD,K10,night,5,359.2,10.7,0.012,3.83,5.04,1.316,observed,C,6.0,3
C-S4-HYD,S4,HYD,K10,night,9,328.6,4.4,0.003,1.45,1.36,0.935,observed,C,6.0,3
C-S4-HYD,S4,HYD,K10,night,13,290.4,2.1,0.001,0.6,0.47,0.787,observed,C,6.0,3
C-S4-HYD,S4,HYD,K10,morning,1,373.7,99.1,0.157,37.05,66.41,1.793,observed,C,6.0,3
C-S4-HYD,S4,HYD,K10,morning,5,351.3,40.6,0.045,14.28,19.22,1.346,observed,C,6.0,3
C-S4-HYD,S4,HYD,K10,morning,9,321.4,16.9,0.012,5.42,5.18,0.956,observed,C,6.0,3
C-S4-HYD,S4,HYD,K10,morning,13,284.0,7.9,0.004,2.25,1.81,0.805,observed,C,6.0,3
C-S4-HYD,S4,HYD,K10,afternoon,1,371.7,122.4,0.193,45.51,82.03,1.802,observed,C,6.0,3
C-S4-HYD,S4,HYD,K10,afternoon,5,349.4,50.2,0.056,17.54,23.74,1.353,observed,C,6.0,3
C-S4-HYD,S4,HYD,K10,afternoon,9,319.7,20.8,0.015,6.65,6.4,0.962,observed,C,6.0,3
C-S4-HYD,S4,HYD,K10,afternoon,13,282.5,9.8,0.005,2.77,2.24,0.809,observed,C,6.0,3
C-S4-HYD,S4,HYD,K10,evening,1,372.1,95.9,0.151,35.67,64.22,1.8,observed,C,6.0,3
C-S4-HYD,S4,HYD,K10,evening,5,349.8,39.3,0.044,13.75,18.59,1.352,observed,C,6.0,3
C-S4-HYD,S4,HYD,K10,evening,9,320.0,16.3,0.012,5.21,5.01,0.961,observed,C,6.0,3
C-S4-HYD,S4,HYD,K10,evening,13,282.8,7.7,0.004,2.17,1.75,0.808,observed,C,6.0,3
C-S4-PUN,S4,PUN,K01,night,1,181.5,27.5,0.414,5.0,175.69,35.156,observed,A,48.0,3
C-S4-PUN,S4,PUN,K01,night,5,170.6,11.3,0.12,1.93,50.85,26.4,observed,A,48.0,3
C-S4-PUN,S4,PUN,K01,night,9,156.1,4.7,0.032,0.73,13.7,18.757,observed,A,48.0,3
C-S4-PUN,S4,PUN,K01,night,13,137.9,2.2,0.011,0.3,4.8,15.782,observed,A,48.0,3
C-S4-PUN,S4,PUN,K01,morning,1,182.1,87.5,1.316,15.93,557.94,35.028,observed,A,48.0,3
C-S4-PUN,S4,PUN,K01,morning,5,171.2,35.9,0.381,6.14,161.47,26.304,observed,A,48.0,3
C-S4-PUN,S4,PUN,K01,morning,9,156.6,14.9,0.103,2.33,43.52,18.688,observed,A,48.0,3
C-S4-PUN,S4,PUN,K01,morning,13,138.4,7.0,0.036,0.97,15.23,15.725,observed,A,48.0,3
C-S4-PUN,S4,PUN,K01,afternoon,1,184.4,106.2,1.597,19.58,677.34,34.593,observed,A,48.0,3
C-S4-PUN,S4,PUN,K01,afternoon,5,173.3,43.5,0.462,7.55,196.03,25.977,observed,A,48.0,3
C-S4-PUN,S4,PUN,K01,afternoon,9,158.6,18.1,0.125,2.86,52.83,18.456,observed,A,48.0,3
C-S4-PUN,S4,PUN,K01,afternoon,13,140.2,8.5,0.044,1.19,18.49,15.529,observed,A,48.0,3
C-S4-PUN,S4,PUN,K01,evening,1,180.4,87.2,1.312,15.73,556.17,35.358,observed,A,48.0,3
C-S4-PUN,S4,PUN,K01,evening,5,169.6,35.7,0.38,6.06,160.96,26.552,observed,A,48.0,3
C-S4-PUN,S4,PUN,K01,evening,9,155.2,14.8,0.102,2.3,43.38,18.864,observed,A,48.0,3
C-S4-PUN,S4,PUN,K01,evening,13,137.1,7.0,0.036,0.96,15.18,15.873,observed,A,48.0,3
C-S4-PUN,S4,PUN,K05,night,1,320.3,28.8,0.186,9.23,78.71,8.528,observed,B,22.0,3
C-S4-PUN,S4,PUN,K05,night,5,301.1,11.8,0.054,3.56,22.78,6.404,observed,B,22.0,3
C-S4-PUN,S4,PUN,K05,night,9,275.5,4.9,0.014,1.35,6.14,4.55,observed,B,22.0,3
C-S4-PUN,S4,PUN,K05,night,13,243.4,2.3,0.005,0.56,2.15,3.828,observed,B,22.0,3
C-S4-PUN,S4,PUN,K05,morning,1,310.7,84.0,0.541,26.11,229.54,8.79,observed,B,22.0,4
C-S4-PUN,S4,PUN,K05,morning,5,292.1,34.5,0.157,10.06,66.43,6.601,observed,B,22.0,4
C-S4-PUN,S4,PUN,K05,morning,9,267.2,14.3,0.042,3.82,17.9,4.69,observed,B,22.0,4
C-S4-PUN,S4,PUN,K05,morning,13,236.2,6.7,0.015,1.59,6.27,3.946,observed,B,22.0,4
C-S4-PUN,S4,PUN,K05,afternoon,1,306.4,110.7,0.713,33.93,302.44,8.914,observed,B,22.0,4
C-S4-PUN,S4,PUN,K05,afternoon,5,288.1,45.4,0.206,13.08,87.53,6.694,observed,B,22.0,4
C-S4-PUN,S4,PUN,K05,afternoon,9,263.5,18.8,0.056,4.96,23.59,4.756,observed,B,22.0,4
C-S4-PUN,S4,PUN,K05,afternoon,13,232.9,8.9,0.019,2.06,8.25,4.002,observed,B,22.0,4
C-S4-PUN,S4,PUN,K05,evening,1,304.5,95.5,0.615,29.07,260.73,8.969,observed,B,22.0,4
C-S4-PUN,S4,PUN,K05,evening,5,286.3,39.1,0.178,11.2,75.46,6.735,observed,B,22.0,4
C-S4-PUN,S4,PUN,K05,evening,9,261.9,16.2,0.048,4.25,20.34,4.785,observed,B,22.0,4
C-S4-PUN,S4,PUN,K05,evening,13,231.5,7.6,0.017,1.77,7.12,4.026,observed,B,22.0,4
C-S4-PUN,S4,PUN,K06,night,1,346.2,23.3,0.166,8.08,70.41,8.712,observed,A,38.0,1
C-S4-PUN,S4,PUN,K06,night,5,325.4,9.6,0.048,3.11,20.38,6.542,observed,A,38.0,1
C-S4-PUN,S4,PUN,K06,night,9,297.7,4.0,0.013,1.18,5.49,4.648,observed,A,38.0,1
C-S4-PUN,S4,PUN,K06,night,13,263.1,1.9,0.005,0.49,1.92,3.911,observed,A,38.0,1
C-S4-PUN,S4,PUN,K06,morning,1,340.3,71.7,0.51,24.4,216.27,8.863,observed,A,38.0,2
C-S4-PUN,S4,PUN,K06,morning,5,319.9,29.4,0.148,9.4,62.59,6.656,observed,A,38.0,2
C-S4-PUN,S4,PUN,K06,morning,9,292.6,12.2,0.04,3.57,16.87,4.729,observed,A,38.0,2
C-S4-PUN,S4,PUN,K06,morning,13,258.6,5.7,0.014,1.48,5.9,3.979,observed,A,38.0,2
C-S4-PUN,S4,PUN,K06,afternoon,1,337.7,96.3,0.685,32.53,290.52,8.931,observed,A,38.0,2
C-S4-PUN,S4,PUN,K06,afternoon,5,317.4,39.5,0.198,12.54,84.08,6.707,observed,A,38.0,2
C-S4-PUN,S4,PUN,K06,afternoon,9,290.4,16.4,0.053,4.76,22.66,4.765,observed,A,38.0,2
C-S4-PUN,S4,PUN,K06,afternoon,13,256.6,7.7,0.019,1.98,7.93,4.009,observed,A,38.0,2
C-S4-PUN,S4,PUN,K06,evening,1,336.6,76.6,0.545,25.8,231.13,8.96,observed,A,38.0,2
C-S4-PUN,S4,PUN,K06,evening,5,316.4,31.4,0.158,9.94,66.89,6.728,observed,A,38.0,2
C-S4-PUN,S4,PUN,K06,evening,9,289.5,13.0,0.043,3.77,18.03,4.78,observed,A,38.0,2
C-S4-PUN,S4,PUN,K06,evening,13,255.8,6.1,0.015,1.57,6.31,4.022,observed,A,38.0,2
C-S4-PUN,S4,PUN,K10,night,1,372.4,13.3,0.021,4.96,8.71,1.756,observed,C,2.0,3
C-S4-PUN,S4,PUN,K10,night,5,350.0,5.5,0.006,1.91,2.52,1.319,observed,C,2.0,3
C-S4-PUN,S4,PUN,K10,night,9,320.3,2.3,0.002,0.73,0.68,0.937,observed,C,2.0,3
C-S4-PUN,S4,PUN,K10,night,13,283.0,1.1,0.001,0.3,0.24,0.788,observed,C,2.0,3
C-S4-PUN,S4,PUN,K10,morning,1,373.0,43.6,0.067,16.28,28.54,1.753,observed,C,2.0,3
C-S4-PUN,S4,PUN,K10,morning,5,350.6,17.9,0.019,6.27,8.26,1.317,observed,C,2.0,3
C-S4-PUN,S4,PUN,K10,morning,9,320.8,7.4,0.005,2.38,2.23,0.935,observed,C,2.0,3
C-S4-PUN,S4,PUN,K10,morning,13,283.5,3.5,0.002,0.99,0.78,0.787,observed,C,2.0,3
C-S4-PUN,S4,PUN,K10,afternoon,1,371.6,63.8,0.098,23.71,41.72,1.76,observed,C,2.0,3
C-S4-PUN,S4,PUN,K10,afternoon,5,349.3,26.2,0.028,9.14,12.07,1.321,observed,C,2.0,3
C-S4-PUN,S4,PUN,K10,afternoon,9,319.6,10.8,0.008,3.47,3.25,0.939,observed,C,2.0,3
C-S4-PUN,S4,PUN,K10,afternoon,13,282.4,5.1,0.003,1.44,1.14,0.79,observed,C,2.0,3
C-S4-PUN,S4,PUN,K10,evening,1,369.0,48.2,0.074,17.78,31.5,1.772,observed,C,2.0,3
C-S4-PUN,S4,PUN,K10,evening,5,346.9,19.8,0.022,6.85,9.12,1.331,observed,C,2.0,3
C-S4-PUN,S4,PUN,K10,evening,9,317.3,8.2,0.006,2.6,2.46,0.945,observed,C,2.0,3
C-S4-PUN,S4,PUN,K10,evening,13,280.4,3.9,0.002,1.08,0.86,0.796,observed,C,2.0,3
C-S5-DEL,S5,DEL,K01,night,1,197.1,144.0,1.871,28.38,235.81,8.31,observed,A,170.0,2
C-S5-DEL,S5,DEL,K01,night,5,185.3,59.0,0.542,10.94,68.24,6.24,observed,A,170.0,2
C-S5-DEL,S5,DEL,K01,night,9,169.5,24.5,0.146,4.15,18.39,4.433,observed,A,170.0,2
C-S5-DEL,S5,DEL,K01,night,13,149.8,11.5,0.051,1.73,6.44,3.73,observed,A,170.0,2
C-S5-DEL,S5,DEL,K01,morning,1,197.0,339.6,4.415,66.89,556.24,8.316,observed,A,170.0,2
C-S5-DEL,S5,DEL,K01,morning,5,185.2,139.2,1.278,25.78,160.98,6.245,observed,A,170.0,2
C-S5-DEL,S5,DEL,K01,morning,9,169.4,57.7,0.344,9.78,43.39,4.437,observed,A,170.0,2
C-S5-DEL,S5,DEL,K01,morning,13,149.7,27.2,0.12,4.07,15.18,3.733,observed,A,170.0,2
C-S5-DEL,S5,DEL,K01,afternoon,1,199.0,311.6,4.051,62.01,510.4,8.231,observed,A,170.0,2
C-S5-DEL,S5,DEL,K01,afternoon,5,187.1,127.7,1.172,23.9,147.71,6.181,observed,A,170.0,2
C-S5-DEL,S5,DEL,K01,afternoon,9,171.1,53.0,0.316,9.07,39.81,4.392,observed,A,170.0,2
C-S5-DEL,S5,DEL,K01,afternoon,13,151.2,24.9,0.111,3.77,13.93,3.695,observed,A,170.0,2
C-S5-DEL,S5,DEL,K01,evening,1,212.4,249.0,3.237,52.88,407.9,7.714,observed,A,170.0,6
C-S5-DEL,S5,DEL,K01,evening,5,199.6,102.1,0.937,20.38,118.05,5.793,observed,A,170.0,6
C-S5-DEL,S5,DEL,K01,evening,9,182.6,42.3,0.253,7.73,31.82,4.116,observed,A,170.0,6
C-S5-DEL,S5,DEL,K01,evening,13,161.4,19.9,0.088,3.21,11.13,3.463,observed,A,170.0,6
C-S5-DEL,S5,DEL,K03,night,1,279.7,465.0,1.751,130.04,220.62,1.697,observed,A,82.0,4
C-S5-DEL,S5,DEL,K03,night,5,262.9,190.6,0.507,50.12,63.85,1.274,observed,A,82.0,4
C-S5-DEL,S5,DEL,K03,night,9,240.5,79.0,0.137,19.01,17.21,0.905,observed,A,82.0,4
C-S5-DEL,S5,DEL,K03,night,13,212.5,37.2,0.048,7.91,6.02,0.762,observed,A,82.0,4
C-S5-DEL,S5,DEL,K03,morning,1,266.5,1020.4,3.842,271.9,484.15,1.781,observed,A,82.0,4
C-S5-DEL,S5,DEL,K03,morning,5,250.5,418.4,1.112,104.79,140.12,1.337,observed,A,82.0,4
C-S5-DEL,S5,DEL,K03,morning,9,229.2,173.5,0.3,39.75,37.76,0.95,observed,A,82.0,4
C-S5-DEL,S5,DEL,K03,morning,13,202.5,81.6,0.105,16.53,13.21,0.799,observed,A,82.0,4
C-S5-DEL,S5,DEL,K03,afternoon,1,264.4,961.1,3.619,254.14,456.01,1.794,observed,A,82.0,4
C-S5-DEL,S5,DEL,K03,afternoon,5,248.6,394.0,1.047,97.95,131.98,1.347,observed,A,82.0,4
C-S5-DEL,S5,DEL,K03,afternoon,9,227.4,163.4,0.282,37.16,35.57,0.957,observed,A,82.0,4
C-S5-DEL,S5,DEL,K03,afternoon,13,201.0,76.9,0.099,15.45,12.45,0.805,observed,A,82.0,4
C-S5-DEL,S5,DEL,K03,evening,1,271.6,822.0,3.095,223.24,390.0,1.747,observed,A,82.0,5
C-S5-DEL,S5,DEL,K03,evening,5,255.3,337.0,0.896,86.04,112.87,1.312,observed,A,82.0,5
C-S5-DEL,S5,DEL,K03,evening,9,233.6,139.7,0.241,32.64,30.42,0.932,observed,A,82.0,5
C-S5-DEL,S5,DEL,K03,evening,13,206.4,65.8,0.084,13.57,10.64,0.784,observed,A,82.0,5
C-S5-DEL,S5,DEL,K08,night,1,261.0,28.7,0.337,7.48,42.48,5.679,observed,A,53.0,2
C-S5-DEL,S5,DEL,K08,night,5,245.4,11.7,0.098,2.88,12.29,4.265,observed,A,53.0,2
C-S5-DEL,S5,DEL,K08,night,9,224.5,4.9,0.026,1.09,3.31,3.03,observed,A,53.0,2
C-S5-DEL,S5,DEL,K08,night,13,198.4,2.3,0.009,0.45,1.16,2.549,observed,A,53.0,2
C-S5-DEL,S5,DEL,K08,morning,1,256.7,62.5,0.735,16.05,92.67,5.775,observed,A,53.0,2
C-S5-DEL,S5,DEL,K08,morning,5,241.3,25.6,0.213,6.18,26.82,4.337,observed,A,53.0,2
C-S5-DEL,S5,DEL,K08,morning,9,220.7,10.6,0.057,2.35,7.23,3.081,observed,A,53.0,2
C-S5-DEL,S5,DEL,K08,morning,13,195.1,5.0,0.02,0.98,2.53,2.593,observed,A,53.0,2
C-S5-DEL,S5,DEL,K08,afternoon,1,256.1,87.7,1.031,22.45,129.93,5.787,observed,A,53.0,2
C-S5-DEL,S5,DEL,K08,afternoon,5,240.8,35.9,0.298,8.65,37.6,4.346,observed,A,53.0,2
C-S5-DEL,S5,DEL,K08,afternoon,9,220.3,14.9,0.08,3.28,10.13,3.088,observed,A,53.0,2
C-S5-DEL,S5,DEL,K08,afternoon,13,194.7,7.0,0.028,1.37,3.55,2.598,observed,A,53.0,2
C-S5-DEL,S5,DEL,K08,evening,1,262.3,72.2,0.849,18.93,106.97,5.651,observed,A,53.0,2
C-S5-DEL,S5,DEL,K08,evening,5,246.6,29.6,0.246,7.3,30.96,4.243,observed,A,53.0,2
C-S5-DEL,S5,DEL,K08,evening,9,225.6,12.3,0.066,2.77,8.34,3.015,observed,A,53.0,2
C-S5-DEL,S5,DEL,K08,evening,13,199.4,5.8,0.023,1.15,2.92,2.537,observed,A,53.0,2
C-S5-MUM,S5,MUM,K01,night,1,228.6,77.2,1.23,17.66,154.95,8.775,observed,A,61.0,5
C-S5-MUM,S5,MUM,K01,night,5,214.9,31.7,0.356,6.81,44.84,6.59,observed,A,61.0,5
C-S5-MUM,S5,MUM,K01,night,9,196.6,13.1,0.096,2.58,12.09,4.682,observed,A,61.0,5
C-S5-MUM,S5,MUM,K01,night,13,173.7,6.2,0.034,1.07,4.23,3.939,observed,A,61.0,5
C-S5-MUM,S5,MUM,K01,morning,1,229.0,158.8,2.529,36.37,318.6,8.759,observed,A,61.0,5
C-S5-MUM,S5,MUM,K01,morning,5,215.3,65.1,0.732,14.02,92.21,6.578,observed,A,61.0,5
C-S5-MUM,S5,MUM,K01,morning,9,197.0,27.0,0.197,5.32,24.85,4.673,observed,A,61.0,5
C-S5-MUM,S5,MUM,K01,morning,13,174.1,12.7,0.069,2.21,8.7,3.932,observed,A,61.0,5
C-S5-MUM,S5,MUM,K01,afternoon,1,229.4,207.1,3.297,47.5,415.44,8.746,observed,A,61.0,5
C-S5-MUM,S5,MUM,K01,afternoon,5,215.6,84.9,0.954,18.31,120.23,6.568,observed,A,61.0,5
C-S5-MUM,S5,MUM,K01,afternoon,9,197.3,35.2,0.257,6.94,32.4,4.666,observed,A,61.0,5
C-S5-MUM,S5,MUM,K01,afternoon,13,174.3,16.6,0.09,2.89,11.34,3.926,observed,A,61.0,5
C-S5-MUM,S5,MUM,K01,evening,1,227.7,198.6,3.161,45.21,398.32,8.811,observed,A,61.0,5
C-S5-MUM,S5,MUM,K01,evening,5,214.0,81.4,0.915,17.42,115.28,6.616,observed,A,61.0,5
C-S5-MUM,S5,MUM,K01,evening,9,195.8,33.8,0.247,6.61,31.07,4.701,observed,A,61.0,5
C-S5-MUM,S5,MUM,K01,evening,13,173.0,15.9,0.086,2.75,10.87,3.955,observed,A,61.0,5
C-S5-MUM,S5,MUM,K03,night,1,327.5,502.2,1.97,164.5,248.18,1.509,observed,A,190.0,3
C-S5-MUM,S5,MUM,K03,night,5,307.9,205.9,0.57,63.4,71.83,1.133,observed,A,190.0,3
C-S5-MUM,S5,MUM,K03,night,9,281.7,85.4,0.154,24.05,19.36,0.805,observed,A,190.0,3
C-S5-MUM,S5,MUM,K03,night,13,248.9,40.2,0.054,10.0,6.77,0.677,observed,A,190.0,3
C-S5-MUM,S5,MUM,K03,morning,1,327.1,961.4,3.771,314.46,475.11,1.511,observed,A,190.0,3
C-S5-MUM,S5,MUM,K03,morning,5,307.4,394.2,1.091,121.19,137.5,1.135,observed,A,190.0,3
C-S5-MUM,S5,MUM,K03,morning,9,281.3,163.4,0.294,45.97,37.06,0.806,observed,A,190.0,3
C-S5-MUM,S5,MUM,K03,morning,13,248.6,76.9,0.103,19.12,12.97,0.678,observed,A,190.0,3
C-S5-MUM,S5,MUM,K03,afternoon,1,323.2,1290.1,5.06,416.9,637.51,1.529,observed,A,190.0,3
C-S5-MUM,S5,MUM,K03,afternoon,5,303.8,528.9,1.464,160.67,184.5,1.148,observed,A,190.0,3
C-S5-MUM,S5,MUM,K03,afternoon,9,277.9,219.3,0.395,60.95,49.73,0.816,observed,A,190.0,3
C-S5-MUM,S5,MUM,K03,afternoon,13,245.6,103.2,0.138,25.35,17.4,0.686,observed,A,190.0,3
C-S5-MUM,S5,MUM,K03,evening,1,319.3,1265.5,4.963,404.08,625.37,1.548,observed,A,190.0,3
C-S5-MUM,S5,MUM,K03,evening,5,300.1,518.9,1.436,155.73,180.99,1.162,observed,A,190.0,3
C-S5-MUM,S5,MUM,K03,evening,9,274.6,215.1,0.387,59.08,48.78,0.826,observed,A,190.0,3
C-S5-MUM,S5,MUM,K03,evening,13,242.7,101.2,0.135,24.57,17.07,0.695,observed,A,190.0,3
C-S5-MUM,S5,MUM,K08,night,1,295.2,25.4,0.297,7.5,37.45,4.991,observed,A,58.0,2
C-S5-MUM,S5,MUM,K08,night,5,277.5,10.4,0.086,2.89,10.84,3.748,observed,A,58.0,2
C-S5-MUM,S5,MUM,K08,night,9,253.9,4.3,0.023,1.1,2.92,2.663,observed,A,58.0,2
C-S5-MUM,S5,MUM,K08,night,13,224.4,2.0,0.008,0.46,1.02,2.241,observed,A,58.0,2
C-S5-MUM,S5,MUM,K08,morning,1,291.0,54.9,0.642,15.99,80.95,5.063,observed,A,58.0,2
C-S5-MUM,S5,MUM,K08,morning,5,273.6,22.5,0.186,6.16,23.43,3.802,observed,A,58.0,2
C-S5-MUM,S5,MUM,K08,morning,9,250.3,9.3,0.05,2.34,6.31,2.701,observed,A,58.0,2
C-S5-MUM,S5,MUM,K08,morning,13,221.2,4.4,0.018,0.97,2.21,2.273,observed,A,58.0,2
C-S5-MUM,S5,MUM,K08,afternoon,1,289.6,66.7,0.78,19.31,98.25,5.089,observed,A,58.0,2
C-S5-MUM,S5,MUM,K08,afternoon,5,272.2,27.3,0.226,7.44,28.43,3.821,observed,A,58.0,2
C-S5-MUM,S5,MUM,K08,afternoon,9,249.0,11.3,0.061,2.82,7.66,2.715,observed,A,58.0,2
C-S5-MUM,S5,MUM,K08,afternoon,13,220.1,5.3,0.021,1.17,2.68,2.284,observed,A,58.0,2
C-S5-MUM,S5,MUM,K08,evening,1,286.0,69.9,0.817,19.99,102.97,5.152,observed,A,58.0,2
C-S5-MUM,S5,MUM,K08,evening,5,268.9,28.7,0.237,7.7,29.8,3.869,observed,A,58.0,2
C-S5-MUM,S5,MUM,K08,evening,9,246.0,11.9,0.064,2.92,8.03,2.749,observed,A,58.0,2
C-S5-MUM,S5,MUM,K08,evening,13,217.4,5.6,0.022,1.22,2.81,2.313,observed,A,58.0,2
C-S5-BLR,S5,BLR,K01,night,1,219.9,68.6,0.95,15.08,119.65,7.933,observed,A,65.0,5
C-S5-BLR,S5,BLR,K01,night,5,206.7,28.1,0.275,5.81,34.63,5.957,observed,A,65.0,5
C-S5-BLR,S5,BLR,K01,night,9,189.1,11.7,0.074,2.21,9.33,4.232,observed,A,65.0,5
C-S5-BLR,S5,BLR,K01,night,13,167.1,5.5,0.026,0.92,3.27,3.561,observed,A,65.0,5
C-S5-BLR,S5,BLR,K01,morning,1,223.7,161.8,2.24,36.19,282.2,7.798,observed,A,65.0,5
C-S5-BLR,S5,BLR,K01,morning,5,210.2,66.3,0.648,13.95,81.67,5.855,observed,A,65.0,5
C-S5-BLR,S5,BLR,K01,morning,9,192.3,27.5,0.175,5.29,22.01,4.16,observed,A,65.0,5
C-S5-BLR,S5,BLR,K01,morning,13,170.0,12.9,0.061,2.2,7.7,3.5,observed,A,65.0,5
C-S5-BLR,S5,BLR,K01,afternoon,1,224.4,216.0,2.99,48.48,376.74,7.771,observed,A,65.0,5
C-S5-BLR,S5,BLR,K01,afternoon,5,211.0,88.6,0.865,18.68,109.03,5.836,observed,A,65.0,5
C-S5-BLR,S5,BLR,K01,afternoon,9,193.0,36.7,0.233,7.09,29.39,4.146,observed,A,65.0,5
C-S5-BLR,S5,BLR,K01,afternoon,13,170.6,17.3,0.082,2.95,10.28,3.489,observed,A,65.0,5
C-S5-BLR,S5,BLR,K01,evening,1,221.8,227.4,3.147,50.44,396.52,7.862,observed,A,65.0,5
C-S5-BLR,S5,BLR,K01,evening,5,208.5,93.2,0.911,19.44,114.76,5.904,observed,A,65.0,5
C-S5-BLR,S5,BLR,K01,evening,9,190.8,38.7,0.245,7.37,30.93,4.194,observed,A,65.0,5
C-S5-BLR,S5,BLR,K01,evening,13,168.6,18.2,0.086,3.07,10.82,3.529,observed,A,65.0,5
C-S5-BLR,S5,BLR,K03,night,1,307.5,361.8,1.453,111.24,183.05,1.646,observed,A,122.0,4
C-S5-BLR,S5,BLR,K03,night,5,289.0,148.3,0.42,42.87,52.98,1.236,observed,A,122.0,4
C-S5-BLR,S5,BLR,K03,night,9,264.4,61.5,0.113,16.26,14.28,0.878,observed,A,122.0,4
C-S5-BLR,S5,BLR,K03,night,13,233.7,28.9,0.04,6.76,5.0,0.739,observed,A,122.0,4
C-S5-BLR,S5,BLR,K03,morning,1,293.2,873.7,3.509,256.2,442.08,1.726,observed,A,122.0,4
C-S5-BLR,S5,BLR,K03,morning,5,275.6,358.2,1.015,98.74,127.94,1.296,observed,A,122.0,4
C-S5-BLR,S5,BLR,K03,morning,9,252.2,148.5,0.274,37.46,34.48,0.921,observed,A,122.0,4
C-S5-BLR,S5,BLR,K03,morning,13,222.9,69.9,0.096,15.58,12.07,0.775,observed,A,122.0,4
C-S5-BLR,S5,BLR,K03,afternoon,1,291.1,1033.9,4.152,300.96,523.13,1.738,observed,A,122.0,4
C-S5-BLR,S5,BLR,K03,afternoon,5,273.6,423.9,1.202,115.99,151.4,1.305,observed,A,122.0,4
C-S5-BLR,S5,BLR,K03,afternoon,9,250.3,175.8,0.324,44.0,40.8,0.927,observed,A,122.0,4
C-S5-BLR,S5,BLR,K03,afternoon,13,221.2,82.7,0.113,18.3,14.28,0.78,observed,A,122.0,4
C-S5-BLR,S5,BLR,K03,evening,1,285.2,1233.7,4.954,351.91,624.21,1.774,observed,A,122.0,4
C-S5-BLR,S5,BLR,K03,evening,5,268.1,505.8,1.434,135.63,180.65,1.332,observed,A,122.0,4
C-S5-BLR,S5,BLR,K03,evening,9,245.3,209.7,0.386,51.45,48.69,0.946,observed,A,122.0,4
C-S5-BLR,S5,BLR,K03,evening,13,216.8,98.7,0.135,21.4,17.04,0.796,observed,A,122.0,4
C-S5-BLR,S5,BLR,K08,night,1,278.5,20.4,0.237,5.68,29.83,5.252,observed,A,50.0,2
C-S5-BLR,S5,BLR,K08,night,5,261.8,8.4,0.069,2.19,8.63,3.944,observed,A,50.0,2
C-S5-BLR,S5,BLR,K08,night,9,239.5,3.5,0.018,0.83,2.33,2.802,observed,A,50.0,2
C-S5-BLR,S5,BLR,K08,night,13,211.6,1.6,0.006,0.35,0.81,2.358,observed,A,50.0,2
C-S5-BLR,S5,BLR,K08,morning,1,272.9,46.5,0.54,12.69,68.04,5.36,observed,A,50.0,2
C-S5-BLR,S5,BLR,K08,morning,5,256.5,19.1,0.156,4.89,19.69,4.025,observed,A,50.0,2
C-S5-BLR,S5,BLR,K08,morning,9,234.7,7.9,0.042,1.86,5.31,2.86,observed,A,50.0,2
C-S5-BLR,S5,BLR,K08,morning,13,207.4,3.7,0.015,0.77,1.86,2.406,observed,A,50.0,2
C-S5-BLR,S5,BLR,K08,afternoon,1,269.2,64.2,0.745,17.28,93.88,5.433,observed,A,50.0,2
C-S5-BLR,S5,BLR,K08,afternoon,5,253.1,26.3,0.216,6.66,27.17,4.079,observed,A,50.0,2
C-S5-BLR,S5,BLR,K08,afternoon,9,231.5,10.9,0.058,2.53,7.32,2.898,observed,A,50.0,2
C-S5-BLR,S5,BLR,K08,afternoon,13,204.6,5.1,0.02,1.05,2.56,2.439,observed,A,50.0,2
C-S5-BLR,S5,BLR,K08,evening,1,263.2,77.2,0.896,20.31,112.87,5.557,observed,A,50.0,2
C-S5-BLR,S5,BLR,K08,evening,5,247.4,31.6,0.259,7.83,32.66,4.173,observed,A,50.0,2
C-S5-BLR,S5,BLR,K08,evening,9,226.3,13.1,0.07,2.97,8.8,2.965,observed,A,50.0,2
C-S5-BLR,S5,BLR,K08,evening,13,200.0,6.2,0.024,1.23,3.08,2.495,observed,A,50.0,2
C-S5-HYD,S5,HYD,K01,night,1,183.6,63.9,0.854,11.73,107.59,9.172,observed,A,175.0,1
C-S5-HYD,S5,HYD,K01,night,5,172.6,26.2,0.247,4.52,31.14,6.888,observed,A,175.0,1
C-S5-HYD,S5,HYD,K01,night,9,157.9,10.9,0.067,1.71,8.39,4.894,observed,A,175.0,1
C-S5-HYD,S5,HYD,K01,night,13,139.5,5.1,0.023,0.71,2.94,4.118,observed,A,175.0,1
C-S5-HYD,S5,HYD,K01,morning,1,180.6,167.3,2.235,30.2,281.67,9.326,observed,A,175.0,1
C-S5-HYD,S5,HYD,K01,morning,5,169.7,68.6,0.647,11.64,81.52,7.004,observed,A,175.0,1
C-S5-HYD,S5,HYD,K01,morning,9,155.3,28.4,0.174,4.42,21.97,4.976,observed,A,175.0,1
C-S5-HYD,S5,HYD,K01,morning,13,137.2,13.4,0.061,1.84,7.69,4.187,observed,A,175.0,1
C-S5-HYD,S5,HYD,K01,afternoon,1,184.5,201.0,2.686,37.08,338.46,9.127,observed,A,175.0,2
C-S5-HYD,S5,HYD,K01,afternoon,5,173.4,82.4,0.777,14.29,97.95,6.854,observed,A,175.0,2
C-S5-HYD,S5,HYD,K01,afternoon,9,158.7,34.2,0.21,5.42,26.4,4.87,observed,A,175.0,2
C-S5-HYD,S5,HYD,K01,afternoon,13,140.2,16.1,0.073,2.25,9.24,4.097,observed,A,175.0,2
C-S5-HYD,S5,HYD,K01,evening,1,179.4,189.7,2.535,34.03,319.42,9.386,observed,A,175.0,2
C-S5-HYD,S5,HYD,K01,evening,5,168.7,77.8,0.734,13.12,92.44,7.048,observed,A,175.0,2
C-S5-HYD,S5,HYD,K01,evening,9,154.3,32.2,0.198,4.98,24.91,5.007,observed,A,175.0,2
C-S5-HYD,S5,HYD,K01,evening,13,136.4,15.2,0.069,2.07,8.72,4.213,observed,A,175.0,2
C-S5-HYD,S5,HYD,K03,night,1,280.2,247.4,0.82,69.31,103.38,1.491,observed,A,64.0,4
C-S5-HYD,S5,HYD,K03,night,5,263.4,101.4,0.237,26.71,29.92,1.12,observed,A,64.0,4
C-S5-HYD,S5,HYD,K03,night,9,241.0,42.1,0.064,10.13,8.06,0.796,observed,A,64.0,4
C-S5-HYD,S5,HYD,K03,night,13,213.0,19.8,0.022,4.21,2.82,0.67,observed,A,64.0,4
C-S5-HYD,S5,HYD,K03,morning,1,268.0,573.8,1.903,153.78,239.82,1.56,observed,A,64.0,4
C-S5-HYD,S5,HYD,K03,morning,5,251.9,235.3,0.551,59.27,69.41,1.171,observed,A,64.0,4
C-S5-HYD,S5,HYD,K03,morning,9,230.5,97.6,0.148,22.48,18.71,0.832,observed,A,64.0,4
C-S5-HYD,S5,HYD,K03,morning,13,203.7,45.9,0.052,9.35,6.55,0.7,observed,A,64.0,4
C-S5-HYD,S5,HYD,K03,afternoon,1,267.5,637.0,2.113,170.38,266.21,1.563,observed,A,64.0,4
C-S5-HYD,S5,HYD,K03,afternoon,5,251.4,261.2,0.611,65.66,77.05,1.173,observed,A,64.0,4
C-S5-HYD,S5,HYD,K03,afternoon,9,230.0,108.3,0.165,24.91,20.76,0.834,observed,A,64.0,4
C-S5-HYD,S5,HYD,K03,afternoon,13,203.3,51.0,0.058,10.36,7.27,0.701,observed,A,64.0,4
C-S5-HYD,S5,HYD,K03,evening,1,263.0,646.0,2.143,169.87,269.98,1.589,observed,A,64.0,4
C-S5-HYD,S5,HYD,K03,evening,5,247.2,264.9,0.62,65.47,78.13,1.193,observed,A,64.0,4
C-S5-HYD,S5,HYD,K03,evening,9,226.1,109.8,0.167,24.84,21.06,0.848,observed,A,64.0,4
C-S5-HYD,S5,HYD,K03,evening,13,199.8,51.7,0.058,10.33,7.37,0.713,observed,A,64.0,4
C-S5-HYD,S5,HYD,K08,night,1,245.8,11.6,0.129,2.86,16.26,5.692,observed,B,23.0,2
C-S5-HYD,S5,HYD,K08,night,5,231.0,4.8,0.037,1.1,4.71,4.274,observed,B,23.0,2
C-S5-HYD,S5,HYD,K08,night,9,211.4,2.0,0.01,0.42,1.27,3.037,observed,B,23.0,2
C-S5-HYD,S5,HYD,K08,night,13,186.8,0.9,0.004,0.17,0.44,2.555,observed,B,23.0,2
C-S5-HYD,S5,HYD,K08,morning,1,243.4,26.4,0.293,6.42,36.91,5.748,observed,B,23.0,2
C-S5-HYD,S5,HYD,K08,morning,5,228.8,10.8,0.085,2.48,10.68,4.316,observed,B,23.0,2
C-S5-HYD,S5,HYD,K08,morning,9,209.3,4.5,0.023,0.94,2.88,3.066,observed,B,23.0,2
C-S5-HYD,S5,HYD,K08,morning,13,185.0,2.1,0.008,0.39,1.01,2.58,observed,B,23.0,2
C-S5-HYD,S5,HYD,K08,afternoon,1,243.4,32.0,0.355,7.78,44.73,5.748,observed,B,23.0,2
C-S5-HYD,S5,HYD,K08,afternoon,5,228.8,13.1,0.103,3.0,12.95,4.316,observed,B,23.0,2
C-S5-HYD,S5,HYD,K08,afternoon,9,209.3,5.4,0.028,1.14,3.49,3.067,observed,B,23.0,2
C-S5-HYD,S5,HYD,K08,afternoon,13,185.0,2.6,0.01,0.47,1.22,2.58,observed,B,23.0,2
C-S5-HYD,S5,HYD,K08,evening,1,240.3,29.2,0.325,7.03,40.91,5.822,observed,B,23.0,2
C-S5-HYD,S5,HYD,K08,evening,5,225.9,12.0,0.094,2.71,11.84,4.372,observed,B,23.0,2
C-S5-HYD,S5,HYD,K08,evening,9,206.7,5.0,0.025,1.03,3.19,3.106,observed,B,23.0,2
C-S5-HYD,S5,HYD,K08,evening,13,182.6,2.3,0.009,0.43,1.12,2.614,observed,B,23.0,2
C-S5-PUN,S5,PUN,K01,night,1,182.7,15.6,0.189,2.86,23.84,8.341,observed,C,8.0,8
C-S5-PUN,S5,PUN,K01,night,5,171.8,6.4,0.055,1.1,6.9,6.263,observed,C,8.0,8
C-S5-PUN,S5,PUN,K01,night,9,157.1,2.7,0.015,0.42,1.86,4.45,observed,C,8.0,8
C-S5-PUN,S5,PUN,K01,night,13,138.9,1.3,0.005,0.17,0.65,3.744,observed,C,8.0,8
C-S5-PUN,S5,PUN,K01,morning,1,188.3,56.2,0.679,10.58,85.61,8.094,observed,C,8.0,7
C-S5-PUN,S5,PUN,K01,morning,5,177.0,23.0,0.197,4.08,24.78,6.078,observed,C,8.0,7
C-S5-PUN,S5,PUN,K01,morning,9,161.9,9.5,0.053,1.55,6.68,4.318,observed,C,8.0,7
C-S5-PUN,S5,PUN,K01,morning,13,143.1,4.5,0.019,0.64,2.34,3.633,observed,C,8.0,7
C-S5-PUN,S5,PUN,K01,afternoon,1,190.0,74.3,0.898,14.11,113.18,8.022,observed,C,8.0,7
C-S5-PUN,S5,PUN,K01,afternoon,5,178.6,30.4,0.26,5.44,32.76,6.024,observed,C,8.0,7
C-S5-PUN,S5,PUN,K01,afternoon,9,163.4,12.6,0.07,2.06,8.83,4.28,observed,C,8.0,7
C-S5-PUN,S5,PUN,K01,afternoon,13,144.4,5.9,0.025,0.86,3.09,3.601,observed,C,8.0,7
C-S5-PUN,S5,PUN,K01,evening,1,186.5,56.7,0.686,10.58,86.43,8.173,observed,C,8.0,8
C-S5-PUN,S5,PUN,K01,evening,5,175.3,23.3,0.199,4.08,25.02,6.138,observed,C,8.0,8
C-S5-PUN,S5,PUN,K01,evening,9,160.4,9.6,0.054,1.55,6.74,4.361,observed,C,8.0,8
C-S5-PUN,S5,PUN,K01,evening,13,141.7,4.5,0.019,0.64,2.36,3.669,observed,C,8.0,8
C-S5-PUN,S5,PUN,K03,night,1,285.2,155.3,0.566,44.3,71.31,1.61,observed,A,34.0,5
C-S5-PUN,S5,PUN,K03,night,5,268.1,63.7,0.164,17.07,20.64,1.209,observed,A,34.0,5
C-S5-PUN,S5,PUN,K03,night,9,245.3,26.4,0.044,6.48,5.56,0.859,observed,A,34.0,5
C-S5-PUN,S5,PUN,K03,night,13,216.8,12.4,0.015,2.69,1.95,0.723,observed,A,34.0,5
C-S5-PUN,S5,PUN,K03,morning,1,273.7,347.0,1.265,94.99,159.33,1.677,observed,A,34.0,5
C-S5-PUN,S5,PUN,K03,morning,5,257.3,142.3,0.366,36.61,46.11,1.26,observed,A,34.0,5
C-S5-PUN,S5,PUN,K03,morning,9,235.4,59.0,0.099,13.89,12.43,0.895,observed,A,34.0,5
C-S5-PUN,S5,PUN,K03,morning,13,208.0,27.8,0.035,5.78,4.35,0.753,observed,A,34.0,5
C-S5-PUN,S5,PUN,K03,afternoon,1,270.1,444.9,1.622,120.17,204.31,1.7,observed,A,34.0,5
C-S5-PUN,S5,PUN,K03,afternoon,5,253.9,182.4,0.469,46.31,59.13,1.277,observed,A,34.0,5
C-S5-PUN,S5,PUN,K03,afternoon,9,232.3,75.6,0.126,17.57,15.94,0.907,observed,A,34.0,5
C-S5-PUN,S5,PUN,K03,afternoon,13,205.3,35.6,0.044,7.31,5.58,0.763,observed,A,34.0,5
C-S5-PUN,S5,PUN,K03,evening,1,271.5,385.3,1.404,104.6,176.93,1.692,observed,A,34.0,5
C-S5-PUN,S5,PUN,K03,evening,5,255.2,158.0,0.406,40.31,51.21,1.27,observed,A,34.0,5
C-S5-PUN,S5,PUN,K03,evening,9,233.5,65.5,0.11,15.29,13.8,0.902,observed,A,34.0,5
C-S5-PUN,S5,PUN,K03,evening,13,206.3,30.8,0.038,6.36,4.83,0.759,observed,A,34.0,5
C-S5-PUN,S5,PUN,K08,night,1,238.5,3.1,0.032,0.73,4.02,5.482,observed,C,4.0,1
C-S5-PUN,S5,PUN,K08,night,5,224.2,1.3,0.009,0.28,1.16,4.116,observed,C,4.0,1
C-S5-PUN,S5,PUN,K08,night,9,205.1,0.5,0.002,0.11,0.31,2.924,observed,C,4.0,1
C-S5-PUN,S5,PUN,K08,night,13,181.3,0.2,0.001,0.04,0.11,2.461,observed,C,4.0,1
C-S5-PUN,S5,PUN,K08,morning,1,238.2,12.3,0.128,2.93,16.1,5.489,observed,C,4.0,2
C-S5-PUN,S5,PUN,K08,morning,5,223.9,5.0,0.037,1.13,4.66,4.122,observed,C,4.0,2
C-S5-PUN,S5,PUN,K08,morning,9,204.8,2.1,0.01,0.43,1.26,2.929,observed,C,4.0,2
C-S5-PUN,S5,PUN,K08,morning,13,181.0,1.0,0.003,0.18,0.44,2.464,observed,C,4.0,2
C-S5-PUN,S5,PUN,K08,afternoon,1,238.7,14.9,0.155,3.56,19.51,5.477,observed,C,4.0,2
C-S5-PUN,S5,PUN,K08,afternoon,5,224.4,6.1,0.045,1.37,5.65,4.113,observed,C,4.0,2
C-S5-PUN,S5,PUN,K08,afternoon,9,205.3,2.5,0.012,0.52,1.52,2.922,observed,C,4.0,2
C-S5-PUN,S5,PUN,K08,afternoon,13,181.4,1.2,0.004,0.22,0.53,2.459,observed,C,4.0,2
C-S5-PUN,S5,PUN,K08,evening,1,235.3,13.1,0.136,3.08,17.13,5.556,observed,C,4.0,2
C-S5-PUN,S5,PUN,K08,evening,5,221.2,5.4,0.039,1.19,4.96,4.172,observed,C,4.0,2
C-S5-PUN,S5,PUN,K08,evening,9,202.4,2.2,0.011,0.45,1.34,2.964,observed,C,4.0,2
C-S5-PUN,S5,PUN,K08,evening,13,178.9,1.0,0.004,0.19,0.47,2.494,observed,C,4.0,2
