campaign_id,sku_id,city_id,keyword_id,daypart,slot,cpm_inr,impressions_day,orders_day,spend_day,revenue_day,droas,reach_source,tier,orders_28d,current_slot
C-S1-DEL,S1,DEL,K01,night,1,213.1,102.2,1.774,21.77,305.2,14.02,observed,A,36.0,8
C-S1-DEL,S1,DEL,K01,night,5,200.3,41.9,0.514,8.39,88.33,10.528,observed,A,36.0,8
C-S1-DEL,S1,DEL,K01,night,9,183.2,17.4,0.138,3.18,23.81,7.48,observed,A,36.0,8
C-S1-DEL,S1,DEL,K01,night,13,161.9,8.2,0.048,1.32,8.33,6.294,observed,A,36.0,8
C-S1-DEL,S1,DEL,K01,morning,1,220.9,235.3,4.087,51.98,702.94,13.523,observed,A,36.0,7
C-S1-DEL,S1,DEL,K01,morning,5,207.6,96.5,1.183,20.03,203.44,10.155,observed,A,36.0,7
C-S1-DEL,S1,DEL,K01,morning,9,190.0,40.0,0.319,7.6,54.83,7.215,observed,A,36.0,7
C-S1-DEL,S1,DEL,K01,morning,13,167.9,18.8,0.112,3.16,19.19,6.071,observed,A,36.0,7
C-S1-DEL,S1,DEL,K01,afternoon,1,222.1,355.0,6.165,78.85,1060.36,13.448,observed,A,36.0,7
C-S1-DEL,S1,DEL,K01,afternoon,5,208.8,145.5,1.784,30.39,306.88,10.099,observed,A,36.0,7
C-S1-DEL,S1,DEL,K01,afternoon,9,191.0,60.3,0.481,11.53,82.71,7.175,observed,A,36.0,7
C-S1-DEL,S1,DEL,K01,afternoon,13,168.8,28.4,0.168,4.79,28.94,6.037,observed,A,36.0,7
C-S1-DEL,S1,DEL,K01,evening,1,209.5,267.8,4.651,56.12,800.03,14.256,truncated,A,36.0,5
C-S1-DEL,S1,DEL,K01,evening,5,197.0,109.8,1.346,21.63,231.54,10.705,truncated,A,36.0,5
C-S1-DEL,S1,DEL,K01,evening,9,180.2,45.5,0.363,8.2,62.4,7.606,truncated,A,36.0,5
C-S1-DEL,S1,DEL,K01,evening,13,159.2,21.4,0.127,3.41,21.84,6.4,truncated,A,36.0,5
C-S1-DEL,S1,DEL,K02,night,1,215.3,47.3,1.316,10.18,226.37,22.236,observed,A,84.0,3
C-S1-DEL,S1,DEL,K02,night,5,202.4,19.4,0.381,3.92,65.51,16.698,observed,A,84.0,3
C-S1-DEL,S1,DEL,K02,night,9,185.2,8.0,0.103,1.49,17.66,11.863,observed,A,84.0,3
C-S1-DEL,S1,DEL,K02,night,13,163.7,3.8,0.036,0.62,6.18,9.982,observed,A,84.0,3
C-S1-DEL,S1,DEL,K02,morning,1,210.7,109.7,3.054,23.12,525.31,22.726,observed,A,84.0,3
C-S1-DEL,S1,DEL,K02,morning,5,198.1,45.0,0.884,8.91,152.03,17.066,observed,A,84.0,3
C-S1-DEL,S1,DEL,K02,morning,9,181.2,18.7,0.238,3.38,40.97,12.125,observed,A,84.0,3
C-S1-DEL,S1,DEL,K02,morning,13,160.1,8.8,0.083,1.41,14.34,10.202,observed,A,84.0,3
C-S1-DEL,S1,DEL,K02,afternoon,1,212.1,123.3,3.432,26.14,590.28,22.58,observed,A,84.0,3
C-S1-DEL,S1,DEL,K02,afternoon,5,199.3,50.5,0.993,10.07,170.83,16.956,observed,A,84.0,3
C-S1-DEL,S1,DEL,K02,afternoon,9,182.4,21.0,0.268,3.82,46.04,12.047,observed,A,84.0,3
C-S1-DEL,S1,DEL,K02,afternoon,13,161.2,9.9,0.094,1.59,16.11,10.137,observed,A,84.0,3
C-S1-DEL,S1,DEL,K02,evening,1,224.9,92.3,2.568,20.75,441.74,21.291,truncated,A,84.0,3
C-S1-DEL,S1,DEL,K02,evening,5,211.4,37.8,0.743,8.0,127.84,15.988,truncated,A,84.0,3
C-S1-DEL,S1,DEL,K02,evening,9,193.4,15.7,0.2,3.03,34.46,11.359,truncated,A,84.0,3
C-S1-DEL,S1,DEL,K02,evening,13,170.9,7.4,0.07,1.26,12.06,9.558,truncated,A,84.0,3
C-S1-DEL,S1,DEL,K03,night,1,289.1,800.8,4.64,231.47,798.08,3.448,observed,A,317.0,3
C-S1-DEL,S1,DEL,K03,night,5,271.7,328.3,1.343,89.21,230.97,2.589,observed,A,317.0,3
C-S1-DEL,S1,DEL,K03,night,9,248.6,136.1,0.362,33.84,62.25,1.839,observed,A,317.0,3
C-S1-DEL,S1,DEL,K03,night,13,219.7,64.1,0.127,14.07,21.78,1.548,observed,A,317.0,3
C-S1-DEL,S1,DEL,K03,morning,1,283.4,1865.4,10.809,528.62,1859.1,3.517,observed,A,317.0,3
C-S1-DEL,S1,DEL,K03,morning,5,266.4,764.8,3.128,203.73,538.05,2.641,observed,A,317.0,3
C-S1-DEL,S1,DEL,K03,morning,9,243.7,317.1,0.843,77.28,145.01,1.876,observed,A,317.0,3
C-S1-DEL,S1,DEL,K03,morning,13,215.4,149.2,0.295,32.14,50.74,1.579,observed,A,317.0,3
C-S1-DEL,S1,DEL,K03,afternoon,1,285.0,2088.1,12.099,595.01,2081.03,3.497,observed,A,317.0,3
C-S1-DEL,S1,DEL,K03,afternoon,5,267.9,856.1,3.502,229.32,602.27,2.626,observed,A,317.0,3
C-S1-DEL,S1,DEL,K03,afternoon,9,245.1,355.0,0.944,86.99,162.32,1.866,observed,A,317.0,3
C-S1-DEL,S1,DEL,K03,afternoon,13,216.6,167.1,0.33,36.18,56.8,1.57,observed,A,317.0,3
C-S1-DEL,S1,DEL,K03,evening,1,306.9,1369.0,7.932,420.07,1364.3,3.248,truncated,A,317.0,2
C-S1-DEL,S1,DEL,K03,evening,5,288.4,561.3,2.296,161.89,394.85,2.439,truncated,A,317.0,2
C-S1-DEL,S1,DEL,K03,evening,9,263.9,232.7,0.619,61.41,106.42,1.733,truncated,A,317.0,2
C-S1-DEL,S1,DEL,K03,evening,13,233.2,109.5,0.216,25.54,37.24,1.458,truncated,A,317.0,2
C-S1-DEL,S1,DEL,K04,night,1,279.5,225.4,1.381,62.99,237.47,3.77,observed,A,117.0,2
C-S1-DEL,S1,DEL,K04,night,5,262.7,92.4,0.4,24.28,68.73,2.831,observed,A,117.0,2
C-S1-DEL,S1,DEL,K04,night,9,240.4,38.3,0.108,9.21,18.52,2.011,observed,A,117.0,2
C-S1-DEL,S1,DEL,K04,night,13,212.4,18.0,0.038,3.83,6.48,1.692,observed,A,117.0,2
C-S1-DEL,S1,DEL,K04,morning,1,272.7,498.4,3.053,135.91,525.13,3.864,observed,A,117.0,2
C-S1-DEL,S1,DEL,K04,morning,5,256.3,204.3,0.884,52.38,151.98,2.901,observed,A,117.0,2
C-S1-DEL,S1,DEL,K04,morning,9,234.5,84.7,0.238,19.87,40.96,2.061,observed,A,117.0,2
C-S1-DEL,S1,DEL,K04,morning,13,207.2,39.9,0.083,8.26,14.33,1.735,observed,A,117.0,2
C-S1-DEL,S1,DEL,K04,afternoon,1,274.2,613.4,3.757,168.16,646.28,3.843,observed,A,117.0,2
C-S1-DEL,S1,DEL,K04,afternoon,5,257.7,251.5,1.087,64.81,187.04,2.886,observed,A,117.0,2
C-S1-DEL,S1,DEL,K04,afternoon,9,235.8,104.3,0.293,24.58,50.41,2.05,observed,A,117.0,2
C-S1-DEL,S1,DEL,K04,afternoon,13,208.4,49.1,0.103,10.22,17.64,1.725,observed,A,117.0,2
C-S1-DEL,S1,DEL,K04,evening,1,306.4,357.1,2.188,109.44,376.28,3.438,truncated,A,117.0,2
C-S1-DEL,S1,DEL,K04,evening,5,288.1,146.4,0.633,42.18,108.9,2.582,truncated,A,117.0,2
C-S1-DEL,S1,DEL,K04,evening,9,263.5,60.7,0.171,16.0,29.35,1.834,truncated,A,117.0,2
C-S1-DEL,S1,DEL,K04,evening,13,232.9,28.6,0.06,6.65,10.27,1.543,truncated,A,117.0,2
C-S1-DEL,S1,DEL,K07,night,1,268.9,89.6,0.802,24.1,138.03,5.727,observed,A,70.0,2
C-S1-DEL,S1,DEL,K07,night,5,252.8,36.7,0.232,9.29,39.95,4.301,observed,A,70.0,2
C-S1-DEL,S1,DEL,K07,night,9,231.3,15.2,0.063,3.52,10.77,3.056,observed,A,70.0,2
C-S1-DEL,S1,DEL,K07,night,13,204.4,7.2,0.022,1.47,3.77,2.571,observed,A,70.0,2
C-S1-DEL,S1,DEL,K07,morning,1,261.8,208.5,1.867,54.58,321.18,5.884,observed,A,70.0,2
C-S1-DEL,S1,DEL,K07,morning,5,246.0,85.5,0.54,21.04,92.95,4.419,observed,A,70.0,2
C-S1-DEL,S1,DEL,K07,morning,9,225.1,35.4,0.146,7.98,25.05,3.139,observed,A,70.0,2
C-S1-DEL,S1,DEL,K07,morning,13,198.9,16.7,0.051,3.32,8.77,2.642,observed,A,70.0,2
C-S1-DEL,S1,DEL,K07,afternoon,1,263.1,248.2,2.223,65.31,382.36,5.855,observed,A,70.0,2
C-S1-DEL,S1,DEL,K07,afternoon,5,247.3,101.8,0.643,25.17,110.66,4.397,observed,A,70.0,2
C-S1-DEL,S1,DEL,K07,afternoon,9,226.2,42.2,0.173,9.55,29.82,3.124,observed,A,70.0,2
C-S1-DEL,S1,DEL,K07,afternoon,13,199.9,19.9,0.061,3.97,10.44,2.628,observed,A,70.0,2
C-S1-DEL,S1,DEL,K07,evening,1,289.5,141.4,1.266,40.93,217.73,5.32,truncated,A,70.0,2
C-S1-DEL,S1,DEL,K07,evening,5,272.2,58.0,0.366,15.77,63.02,3.995,truncated,A,70.0,2
C-S1-DEL,S1,DEL,K07,evening,9,249.0,24.0,0.099,5.98,16.98,2.838,truncated,A,70.0,2
C-S1-DEL,S1,DEL,K07,evening,13,220.0,11.3,0.035,2.49,5.94,2.388,truncated,A,70.0,2
C-S1-DEL,S1,DEL,K09,night,1,425.9,157.8,0.344,67.21,59.11,0.879,observed,A,27.0,3
C-S1-DEL,S1,DEL,K09,night,5,400.3,64.7,0.099,25.9,17.11,0.66,observed,A,27.0,3
C-S1-DEL,S1,DEL,K09,night,9,366.3,26.8,0.027,9.83,4.61,0.469,observed,A,27.0,3
C-S1-DEL,S1,DEL,K09,night,13,323.7,12.6,0.009,4.09,1.61,0.395,observed,A,27.0,3
C-S1-DEL,S1,DEL,K09,morning,1,414.3,369.2,0.804,152.95,138.26,0.904,observed,A,27.0,3
C-S1-DEL,S1,DEL,K09,morning,5,389.5,151.4,0.233,58.95,40.01,0.679,observed,A,27.0,3
C-S1-DEL,S1,DEL,K09,morning,9,356.3,62.8,0.063,22.36,10.78,0.482,observed,A,27.0,3
C-S1-DEL,S1,DEL,K09,morning,13,314.9,29.5,0.022,9.3,3.77,0.406,observed,A,27.0,3
C-S1-DEL,S1,DEL,K09,afternoon,1,416.4,424.6,0.925,176.81,159.04,0.9,observed,A,27.0,3
C-S1-DEL,S1,DEL,K09,afternoon,5,391.4,174.1,0.268,68.14,46.03,0.675,observed,A,27.0,3
C-S1-DEL,S1,DEL,K09,afternoon,9,358.1,72.2,0.072,25.85,12.41,0.48,observed,A,27.0,3
C-S1-DEL,S1,DEL,K09,afternoon,13,316.4,34.0,0.025,10.75,4.34,0.404,observed,A,27.0,3
C-S1-DEL,S1,DEL,K09,evening,1,453.3,386.9,0.842,175.39,144.9,0.826,truncated,A,27.0,3
C-S1-DEL,S1,DEL,K09,evening,5,426.1,158.6,0.244,67.6,41.94,0.62,truncated,A,27.0,3
C-S1-DEL,S1,DEL,K09,evening,9,389.9,65.8,0.066,25.64,11.3,0.441,truncated,A,27.0,3
C-S1-DEL,S1,DEL,K09,evening,13,344.5,31.0,0.023,10.66,3.95,0.371,truncated,A,27.0,3
C-S1-MUM,S1,MUM,K01,night,1,224.4,144.8,3.093,32.49,532.05,16.377,observed,A,339.0,3
C-S1-MUM,S1,MUM,K01,night,5,211.0,59.4,0.895,12.52,153.98,12.298,observed,A,339.0,3
C-S1-MUM,S1,MUM,K01,night,9,193.0,24.6,0.241,4.75,41.5,8.737,observed,A,339.0,3
C-S1-MUM,S1,MUM,K01,night,13,170.6,11.6,0.084,1.98,14.52,7.352,observed,A,339.0,3
C-S1-MUM,S1,MUM,K01,morning,1,225.9,293.4,6.269,66.29,1078.3,16.266,observed,A,339.0,3
C-S1-MUM,S1,MUM,K01,morning,5,212.4,120.3,1.814,25.55,312.07,12.215,observed,A,339.0,3
C-S1-MUM,S1,MUM,K01,morning,9,194.3,49.9,0.489,9.69,84.11,8.678,observed,A,339.0,3
C-S1-MUM,S1,MUM,K01,morning,13,171.7,23.5,0.171,4.03,29.43,7.302,observed,A,339.0,3
C-S1-MUM,S1,MUM,K01,afternoon,1,225.1,359.0,7.67,80.79,1319.32,16.331,observed,A,339.0,3
C-S1-MUM,S1,MUM,K01,afternoon,5,211.6,147.2,2.22,31.14,381.83,12.263,observed,A,339.0,3
C-S1-MUM,S1,MUM,K01,afternoon,9,193.5,61.0,0.598,11.81,102.91,8.713,observed,A,339.0,3
C-S1-MUM,S1,MUM,K01,afternoon,13,171.0,28.7,0.209,4.91,36.01,7.331,observed,A,339.0,3
C-S1-MUM,S1,MUM,K01,evening,1,224.5,375.0,8.014,84.2,1378.38,16.37,observed,A,339.0,3
C-S1-MUM,S1,MUM,K01,evening,5,211.0,153.8,2.319,32.45,398.92,12.293,observed,A,339.0,3
C-S1-MUM,S1,MUM,K01,evening,9,193.1,63.8,0.625,12.31,107.51,8.734,observed,A,339.0,3
C-S1-MUM,S1,MUM,K01,evening,13,170.6,30.0,0.219,5.12,37.62,7.349,observed,A,339.0,3
C-S1-MUM,S1,MUM,K02,night,1,242.0,41.5,1.275,10.05,219.34,21.828,observed,A,166.0,2
C-S1-MUM,S1,MUM,K02,night,5,227.5,17.0,0.369,3.87,63.48,16.391,observed,A,166.0,2
C-S1-MUM,S1,MUM,K02,night,9,208.2,7.1,0.099,1.47,17.11,11.645,observed,A,166.0,2
C-S1-MUM,S1,MUM,K02,night,13,183.9,3.3,0.035,0.61,5.99,9.799,observed,A,166.0,2
C-S1-MUM,S1,MUM,K02,morning,1,238.6,93.1,2.86,22.22,491.94,22.14,observed,A,166.0,2
C-S1-MUM,S1,MUM,K02,morning,5,224.3,38.2,0.828,8.56,142.37,16.626,observed,A,166.0,2
C-S1-MUM,S1,MUM,K02,morning,9,205.2,15.8,0.223,3.25,38.37,11.812,observed,A,166.0,2
C-S1-MUM,S1,MUM,K02,morning,13,181.4,7.4,0.078,1.35,13.43,9.939,observed,A,166.0,2
C-S1-MUM,S1,MUM,K02,afternoon,1,240.3,117.4,3.605,28.21,620.1,21.985,observed,A,166.0,2
C-S1-MUM,S1,MUM,K02,afternoon,5,225.9,48.1,1.043,10.87,179.46,16.51,observed,A,166.0,2
C-S1-MUM,S1,MUM,K02,afternoon,9,206.7,20.0,0.281,4.12,48.37,11.73,observed,A,166.0,2
C-S1-MUM,S1,MUM,K02,afternoon,13,182.6,9.4,0.098,1.71,16.93,9.87,observed,A,166.0,2
C-S1-MUM,S1,MUM,K02,evening,1,235.8,125.8,3.863,29.65,664.38,22.408,observed,A,166.0,2
C-S1-MUM,S1,MUM,K02,evening,5,221.6,51.6,1.118,11.43,192.28,16.827,observed,A,166.0,2
C-S1-MUM,S1,MUM,K02,evening,9,202.8,21.4,0.301,4.33,51.82,11.955,observed,A,166.0,2
C-S1-MUM,S1,MUM,K02,evening,13,179.2,10.1,0.105,1.8,18.13,10.059,observed,A,166.0,2
C-S1-MUM,S1,MUM,K03,night,1,346.4,473.0,2.541,163.83,437.01,2.667,observed,A,152.0,4
C-S1-MUM,S1,MUM,K03,night,5,325.6,193.9,0.735,63.14,126.48,2.003,observed,A,152.0,4
C-S1-MUM,S1,MUM,K03,night,9,297.9,80.4,0.198,23.95,34.09,1.423,observed,A,152.0,4
C-S1-MUM,S1,MUM,K03,night,13,263.2,37.8,0.069,9.96,11.93,1.197,observed,A,152.0,4
C-S1-MUM,S1,MUM,K03,morning,1,338.5,901.0,4.84,304.97,832.42,2.73,observed,A,152.0,4
C-S1-MUM,S1,MUM,K03,morning,5,318.2,369.4,1.401,117.54,240.91,2.05,observed,A,152.0,4
C-S1-MUM,S1,MUM,K03,morning,9,291.1,153.2,0.377,44.59,64.93,1.456,observed,A,152.0,4
C-S1-MUM,S1,MUM,K03,morning,13,257.2,72.1,0.132,18.54,22.72,1.225,observed,A,152.0,4
C-S1-MUM,S1,MUM,K03,afternoon,1,336.6,1077.2,5.786,362.57,995.23,2.745,observed,A,152.0,4
C-S1-MUM,S1,MUM,K03,afternoon,5,316.4,441.7,1.675,139.74,288.03,2.061,observed,A,152.0,4
C-S1-MUM,S1,MUM,K03,afternoon,9,289.5,183.1,0.451,53.01,77.63,1.464,observed,A,152.0,4
C-S1-MUM,S1,MUM,K03,afternoon,13,255.8,86.2,0.158,22.04,27.16,1.232,observed,A,152.0,4
C-S1-MUM,S1,MUM,K03,evening,1,334.6,1194.2,6.414,399.52,1103.26,2.761,observed,A,152.0,4
C-S1-MUM,S1,MUM,K03,evening,5,314.5,489.6,1.856,153.98,319.3,2.074,observed,A,152.0,4
C-S1-MUM,S1,MUM,K03,evening,9,287.7,203.0,0.5,58.41,86.05,1.473,observed,A,152.0,4
C-S1-MUM,S1,MUM,K03,evening,13,254.3,95.5,0.175,24.29,30.11,1.24,observed,A,152.0,4
C-S1-MUM,S1,MUM,K04,night,1,343.5,168.4,1.224,57.83,210.54,3.64,observed,A,120.0,3
C-S1-MUM,S1,MUM,K04,night,5,322.8,69.0,0.354,22.29,60.93,2.734,observed,A,120.0,3
C-S1-MUM,S1,MUM,K04,night,9,295.4,28.6,0.095,8.46,16.42,1.942,observed,A,120.0,3
C-S1-MUM,S1,MUM,K04,night,13,261.0,13.5,0.033,3.52,5.75,1.634,observed,A,120.0,3
C-S1-MUM,S1,MUM,K04,morning,1,340.8,330.4,2.402,112.6,413.13,3.669,observed,A,120.0,3
C-S1-MUM,S1,MUM,K04,morning,5,320.3,135.5,0.695,43.4,119.57,2.755,observed,A,120.0,3
C-S1-MUM,S1,MUM,K04,morning,9,293.1,56.2,0.187,16.46,32.22,1.957,observed,A,120.0,3
C-S1-MUM,S1,MUM,K04,morning,13,259.0,26.4,0.066,6.85,11.28,1.647,observed,A,120.0,3
C-S1-MUM,S1,MUM,K04,afternoon,1,339.5,416.5,3.027,141.41,520.72,3.682,observed,A,120.0,3
C-S1-MUM,S1,MUM,K04,afternoon,5,319.2,170.8,0.876,54.5,150.7,2.765,observed,A,120.0,3
C-S1-MUM,S1,MUM,K04,afternoon,9,292.0,70.8,0.236,20.67,40.62,1.965,observed,A,120.0,3
C-S1-MUM,S1,MUM,K04,afternoon,13,258.1,33.3,0.083,8.6,14.21,1.653,observed,A,120.0,3
C-S1-MUM,S1,MUM,K04,evening,1,337.4,440.3,3.201,148.56,550.52,3.706,observed,A,120.0,3
C-S1-MUM,S1,MUM,K04,evening,5,317.2,180.5,0.926,57.25,159.33,2.783,observed,A,120.0,3
C-S1-MUM,S1,MUM,K04,evening,9,290.2,74.9,0.25,21.72,42.94,1.977,observed,A,120.0,3
C-S1-MUM,S1,MUM,K04,evening,13,256.4,35.2,0.087,9.03,15.03,1.664,observed,A,120.0,3
C-S1-MUM,S1,MUM,K07,night,1,306.4,48.1,0.401,14.74,68.99,4.681,observed,A,43.0,2
C-S1-MUM,S1,MUM,K07,night,5,288.0,19.7,0.116,5.68,19.97,3.515,observed,A,43.0,2
C-S1-MUM,S1,MUM,K07,night,9,263.5,8.2,0.031,2.15,5.38,2.497,observed,A,43.0,2
C-S1-MUM,S1,MUM,K07,night,13,232.8,3.8,0.011,0.9,1.88,2.101,observed,A,43.0,2
C-S1-MUM,S1,MUM,K07,morning,1,300.4,96.9,0.808,29.11,138.95,4.773,observed,A,43.0,2
C-S1-MUM,S1,MUM,K07,morning,5,282.4,39.7,0.234,11.22,40.21,3.585,observed,A,43.0,2
C-S1-MUM,S1,MUM,K07,morning,9,258.4,16.5,0.063,4.26,10.84,2.547,observed,A,43.0,2
C-S1-MUM,S1,MUM,K07,morning,13,228.3,7.8,0.022,1.77,3.79,2.143,observed,A,43.0,2
C-S1-MUM,S1,MUM,K07,afternoon,1,296.6,127.0,1.059,37.67,182.14,4.835,observed,A,43.0,2
C-S1-MUM,S1,MUM,K07,afternoon,5,278.8,52.1,0.306,14.52,52.71,3.63,observed,A,43.0,2
C-S1-MUM,S1,MUM,K07,afternoon,9,255.1,21.6,0.083,5.51,14.21,2.579,observed,A,43.0,2
C-S1-MUM,S1,MUM,K07,afternoon,13,225.4,10.2,0.029,2.29,4.97,2.17,observed,A,43.0,2
C-S1-MUM,S1,MUM,K07,evening,1,291.2,132.1,1.102,38.48,189.48,4.924,observed,A,43.0,2
C-S1-MUM,S1,MUM,K07,evening,5,273.8,54.2,0.319,14.83,54.84,3.697,observed,A,43.0,2
C-S1-MUM,S1,MUM,K07,evening,9,250.5,22.5,0.086,5.63,14.78,2.627,observed,A,43.0,2
C-S1-MUM,S1,MUM,K07,evening,13,221.3,10.6,0.03,2.34,5.17,2.21,observed,A,43.0,2
C-S1-MUM,S1,MUM,K09,night,1,501.5,215.1,0.427,107.87,73.38,0.68,observed,A,45.0,3
C-S1-MUM,S1,MUM,K09,night,5,471.4,88.2,0.123,41.57,21.24,0.511,observed,A,45.0,3
C-S1-MUM,S1,MUM,K09,night,9,431.3,36.6,0.033,15.77,5.72,0.363,observed,A,45.0,3
C-S1-MUM,S1,MUM,K09,night,13,381.1,17.2,0.012,6.56,2.0,0.305,observed,A,45.0,3
C-S1-MUM,S1,MUM,K09,morning,1,501.3,431.1,0.855,216.12,147.06,0.68,observed,A,45.0,3
C-S1-MUM,S1,MUM,K09,morning,5,471.2,176.8,0.247,83.29,42.56,0.511,observed,A,45.0,3
C-S1-MUM,S1,MUM,K09,morning,9,431.1,73.3,0.067,31.6,11.47,0.363,observed,A,45.0,3
C-S1-MUM,S1,MUM,K09,morning,13,381.0,34.5,0.023,13.14,4.01,0.305,observed,A,45.0,3
C-S1-MUM,S1,MUM,K09,afternoon,1,500.6,545.5,1.082,273.09,186.08,0.681,observed,A,45.0,3
C-S1-MUM,S1,MUM,K09,afternoon,5,470.6,223.7,0.313,105.25,53.85,0.512,observed,A,45.0,3
C-S1-MUM,S1,MUM,K09,afternoon,9,430.5,92.7,0.084,39.93,14.51,0.364,observed,A,45.0,3
C-S1-MUM,S1,MUM,K09,afternoon,13,380.5,43.6,0.03,16.6,5.08,0.306,observed,A,45.0,3
C-S1-MUM,S1,MUM,K09,evening,1,497.6,558.5,1.108,277.9,190.5,0.685,observed,A,45.0,3
C-S1-MUM,S1,MUM,K09,evening,5,467.7,229.0,0.321,107.1,55.13,0.515,observed,A,45.0,3
C-S1-MUM,S1,MUM,K09,evening,9,427.9,94.9,0.086,40.63,14.86,0.366,observed,A,45.0,3
C-S1-MUM,S1,MUM,K09,evening,13,378.2,44.7,0.03,16.9,5.2,0.308,observed,A,45.0,3
C-S1-BLR,S1,BLR,K01,night,1,211.4,88.2,1.365,18.64,234.87,12.598,observed,A,173.0,2
C-S1-BLR,S1,BLR,K01,night,5,198.7,36.2,0.395,7.19,67.97,9.46,observed,A,173.0,2
C-S1-BLR,S1,BLR,K01,night,9,181.8,15.0,0.107,2.73,18.32,6.721,observed,A,173.0,2
C-S1-BLR,S1,BLR,K01,night,13,160.6,7.1,0.037,1.13,6.41,5.655,observed,A,173.0,2
C-S1-BLR,S1,BLR,K01,morning,1,209.8,214.9,3.326,45.08,572.15,12.693,observed,A,173.0,2
C-S1-BLR,S1,BLR,K01,morning,5,197.2,88.1,0.963,17.37,165.59,9.532,observed,A,173.0,2
C-S1-BLR,S1,BLR,K01,morning,9,180.4,36.5,0.259,6.59,44.63,6.772,observed,A,173.0,2
C-S1-BLR,S1,BLR,K01,morning,13,159.4,17.2,0.091,2.74,15.62,5.698,observed,A,173.0,2
C-S1-BLR,S1,BLR,K01,afternoon,1,214.0,258.8,4.006,55.37,688.99,12.445,observed,A,173.0,2
C-S1-BLR,S1,BLR,K01,afternoon,5,201.1,106.1,1.159,21.34,199.4,9.345,observed,A,173.0,2
C-S1-BLR,S1,BLR,K01,afternoon,9,184.0,44.0,0.312,8.09,53.74,6.639,observed,A,173.0,2
C-S1-BLR,S1,BLR,K01,afternoon,13,162.6,20.7,0.109,3.37,18.81,5.587,observed,A,173.0,2
C-S1-BLR,S1,BLR,K01,evening,1,216.0,162.7,2.519,35.16,433.33,12.325,observed,A,173.0,3
C-S1-BLR,S1,BLR,K01,evening,5,203.1,66.7,0.729,13.55,125.41,9.255,observed,A,173.0,3
C-S1-BLR,S1,BLR,K01,evening,9,185.8,27.7,0.197,5.14,33.8,6.576,observed,A,173.0,3
C-S1-BLR,S1,BLR,K01,evening,13,164.2,13.0,0.069,2.14,11.83,5.533,observed,A,173.0,3
C-S1-BLR,S1,BLR,K02,night,1,232.2,27.3,0.672,6.33,115.5,18.242,observed,A,104.0,2
C-S1-BLR,S1,BLR,K02,night,5,218.3,11.2,0.194,2.44,33.43,13.699,observed,A,104.0,2
C-S1-BLR,S1,BLR,K02,night,9,199.7,4.6,0.052,0.93,9.01,9.732,observed,A,104.0,2
C-S1-BLR,S1,BLR,K02,night,13,176.5,2.2,0.018,0.38,3.15,8.189,observed,A,104.0,2
C-S1-BLR,S1,BLR,K02,morning,1,232.1,83.6,2.059,19.41,354.08,18.246,observed,A,104.0,2
C-S1-BLR,S1,BLR,K02,morning,5,218.2,34.3,0.596,7.48,102.48,13.701,observed,A,104.0,2
C-S1-BLR,S1,BLR,K02,morning,9,199.6,14.2,0.161,2.84,27.62,9.734,observed,A,104.0,2
C-S1-BLR,S1,BLR,K02,morning,13,176.4,6.7,0.056,1.18,9.66,8.191,observed,A,104.0,2
C-S1-BLR,S1,BLR,K02,afternoon,1,229.9,107.7,2.651,24.75,455.98,18.423,observed,A,104.0,2
C-S1-BLR,S1,BLR,K02,afternoon,5,216.1,44.1,0.767,9.54,131.97,13.835,observed,A,104.0,2
C-S1-BLR,S1,BLR,K02,afternoon,9,197.7,18.3,0.207,3.62,35.57,9.829,observed,A,104.0,2
C-S1-BLR,S1,BLR,K02,afternoon,13,174.7,8.6,0.072,1.5,12.45,8.271,observed,A,104.0,2
C-S1-BLR,S1,BLR,K02,evening,1,228.9,133.3,3.284,30.52,564.76,18.506,observed,A,104.0,2
C-S1-BLR,S1,BLR,K02,evening,5,215.1,54.7,0.95,11.76,163.45,13.897,observed,A,104.0,2
C-S1-BLR,S1,BLR,K02,evening,9,196.8,22.7,0.256,4.46,44.05,9.873,observed,A,104.0,2
C-S1-BLR,S1,BLR,K02,evening,13,173.9,10.7,0.09,1.86,15.41,8.308,observed,A,104.0,2
C-S1-BLR,S1,BLR,K03,night,1,306.0,555.4,2.938,169.96,505.37,2.974,observed,A,343.0,2
C-S1-BLR,S1,BLR,K03,night,5,287.7,227.7,0.85,65.5,146.26,2.233,observed,A,343.0,2
C-S1-BLR,S1,BLR,K03,night,9,263.2,94.4,0.229,24.85,39.42,1.586,observed,A,343.0,2
C-S1-BLR,S1,BLR,K03,night,13,232.6,44.4,0.08,10.33,13.79,1.335,observed,A,343.0,2
C-S1-BLR,S1,BLR,K03,morning,1,299.4,1349.4,7.139,404.05,1227.98,3.039,observed,A,343.0,2
C-S1-BLR,S1,BLR,K03,morning,5,281.5,553.3,2.066,155.72,355.39,2.282,observed,A,343.0,2
C-S1-BLR,S1,BLR,K03,morning,9,257.5,229.4,0.557,59.07,95.78,1.621,observed,A,343.0,2
C-S1-BLR,S1,BLR,K03,morning,13,227.6,108.0,0.195,24.57,33.52,1.364,observed,A,343.0,2
C-S1-BLR,S1,BLR,K03,afternoon,1,299.6,1636.1,8.656,490.12,1488.87,3.038,observed,A,343.0,2
C-S1-BLR,S1,BLR,K03,afternoon,5,281.6,670.8,2.505,188.89,430.9,2.281,observed,A,343.0,2
C-S1-BLR,S1,BLR,K03,afternoon,9,257.6,278.1,0.675,71.66,116.13,1.621,observed,A,343.0,2
C-S1-BLR,S1,BLR,K03,afternoon,13,227.7,130.9,0.236,29.8,40.64,1.364,observed,A,343.0,2
C-S1-BLR,S1,BLR,K03,evening,1,300.2,1727.9,9.142,518.64,1572.38,3.032,observed,A,343.0,2
C-S1-BLR,S1,BLR,K03,evening,5,282.1,708.4,2.646,199.88,455.06,2.277,observed,A,343.0,2
C-S1-BLR,S1,BLR,K03,evening,9,258.1,293.7,0.713,75.82,122.65,1.617,observed,A,343.0,2
C-S1-BLR,S1,BLR,K03,evening,13,228.1,138.2,0.25,31.53,42.92,1.361,observed,A,343.0,2
C-S1-BLR,S1,BLR,K04,night,1,317.8,84.5,0.537,26.86,92.4,3.44,observed,A,65.0,2
C-S1-BLR,S1,BLR,K04,night,5,298.7,34.6,0.155,10.35,26.74,2.584,observed,A,65.0,2
C-S1-BLR,S1,BLR,K04,night,9,273.3,14.4,0.042,3.93,7.21,1.836,observed,A,65.0,2
C-S1-BLR,S1,BLR,K04,night,13,241.5,6.8,0.015,1.63,2.52,1.544,observed,A,65.0,2
C-S1-BLR,S1,BLR,K04,morning,1,310.1,200.8,1.276,62.27,219.52,3.526,observed,A,65.0,3
C-S1-BLR,S1,BLR,K04,morning,5,291.5,82.3,0.369,24.0,63.53,2.648,observed,A,65.0,3
C-S1-BLR,S1,BLR,K04,morning,9,266.7,34.1,0.1,9.1,17.12,1.881,observed,A,65.0,3
C-S1-BLR,S1,BLR,K04,morning,13,235.7,16.1,0.035,3.79,5.99,1.583,observed,A,65.0,3
C-S1-BLR,S1,BLR,K04,afternoon,1,307.5,257.6,1.637,79.21,281.62,3.555,observed,A,65.0,3
C-S1-BLR,S1,BLR,K04,afternoon,5,289.1,105.6,0.474,30.53,81.5,2.67,observed,A,65.0,3
C-S1-BLR,S1,BLR,K04,afternoon,9,264.5,43.8,0.128,11.58,21.97,1.897,observed,A,65.0,3
C-S1-BLR,S1,BLR,K04,afternoon,13,233.7,20.6,0.045,4.82,7.69,1.596,observed,A,65.0,3
C-S1-BLR,S1,BLR,K04,evening,1,306.2,310.3,1.972,95.0,339.23,3.571,observed,A,65.0,2
C-S1-BLR,S1,BLR,K04,evening,5,287.8,127.2,0.571,36.61,98.18,2.681,observed,A,65.0,2
C-S1-BLR,S1,BLR,K04,evening,9,263.3,52.7,0.154,13.89,26.46,1.905,observed,A,65.0,2
C-S1-BLR,S1,BLR,K04,evening,13,232.7,24.8,0.054,5.78,9.26,1.603,observed,A,65.0,2
C-S1-BLR,S1,BLR,K07,night,1,291.2,52.5,0.431,15.28,74.05,4.846,observed,A,58.0,2
C-S1-BLR,S1,BLR,K07,night,5,273.7,21.5,0.125,5.89,21.43,3.639,observed,A,58.0,2
C-S1-BLR,S1,BLR,K07,night,9,250.4,8.9,0.034,2.23,5.78,2.585,observed,A,58.0,2
C-S1-BLR,S1,BLR,K07,night,13,221.3,4.2,0.012,0.93,2.02,2.175,observed,A,58.0,2
C-S1-BLR,S1,BLR,K07,morning,1,280.8,137.6,1.129,38.64,194.21,5.026,observed,A,58.0,2
C-S1-BLR,S1,BLR,K07,morning,5,263.9,56.4,0.327,14.89,56.21,3.774,observed,A,58.0,2
C-S1-BLR,S1,BLR,K07,morning,9,241.4,23.4,0.088,5.65,15.15,2.681,observed,A,58.0,2
C-S1-BLR,S1,BLR,K07,morning,13,213.4,11.0,0.031,2.35,5.3,2.256,observed,A,58.0,2
C-S1-BLR,S1,BLR,K07,afternoon,1,278.3,181.6,1.49,50.53,256.23,5.071,observed,A,58.0,2
C-S1-BLR,S1,BLR,K07,afternoon,5,261.6,74.5,0.431,19.47,74.16,3.808,observed,A,58.0,2
C-S1-BLR,S1,BLR,K07,afternoon,9,239.3,30.9,0.116,7.39,19.99,2.705,observed,A,58.0,2
C-S1-BLR,S1,BLR,K07,afternoon,13,211.5,14.5,0.041,3.07,6.99,2.276,observed,A,58.0,2
C-S1-BLR,S1,BLR,K07,evening,1,284.1,201.5,1.653,57.25,284.27,4.966,observed,A,58.0,2
C-S1-BLR,S1,BLR,K07,evening,5,267.1,82.6,0.478,22.06,82.27,3.729,observed,A,58.0,2
C-S1-BLR,S1,BLR,K07,evening,9,244.4,34.2,0.129,8.37,22.17,2.649,observed,A,58.0,2
C-S1-BLR,S1,BLR,K07,evening,13,215.9,16.1,0.045,3.48,7.76,2.229,observed,A,58.0,2
C-S1-BLR,S1,BLR,K09,night,1,458.2,149.4,0.262,68.47,44.99,0.657,observed,B,24.0,3
C-S1-BLR,S1,BLR,K09,night,5,430.7,61.3,0.076,26.39,13.02,0.493,observed,B,24.0,3
C-S1-BLR,S1,BLR,K09,night,9,394.1,25.4,0.02,10.01,3.51,0.351,observed,B,24.0,3
C-S1-BLR,S1,BLR,K09,night,13,348.3,12.0,0.007,4.16,1.23,0.295,observed,B,24.0,3
C-S1-BLR,S1,BLR,K09,morning,1,449.8,333.5,0.584,149.99,100.4,0.669,observed,B,24.0,3
C-S1-BLR,S1,BLR,K09,morning,5,422.8,136.7,0.169,57.81,29.06,0.503,observed,B,24.0,3
C-S1-BLR,S1,BLR,K09,morning,9,386.8,56.7,0.046,21.93,7.83,0.357,observed,B,24.0,3
C-S1-BLR,S1,BLR,K09,morning,13,341.8,26.7,0.016,9.12,2.74,0.3,observed,B,24.0,3
C-S1-BLR,S1,BLR,K09,afternoon,1,447.3,429.0,0.751,191.88,129.15,0.673,observed,B,24.0,3
C-S1-BLR,S1,BLR,K09,afternoon,5,420.4,175.9,0.217,73.95,37.38,0.505,observed,B,24.0,3
C-S1-BLR,S1,BLR,K09,afternoon,9,384.7,72.9,0.059,28.05,10.07,0.359,observed,B,24.0,3
C-S1-BLR,S1,BLR,K09,afternoon,13,339.9,34.3,0.02,11.67,3.53,0.302,observed,B,24.0,3
C-S1-BLR,S1,BLR,K09,evening,1,452.0,511.8,0.896,231.33,154.07,0.666,observed,B,24.0,3
C-S1-BLR,S1,BLR,K09,evening,5,424.9,209.8,0.259,89.15,44.59,0.5,observed,B,24.0,3
C-S1-BLR,S1,BLR,K09,evening,9,388.7,87.0,0.07,33.82,12.02,0.355,observed,B,24.0,3
C-S1-BLR,S1,BLR,K09,evening,13,343.5,40.9,0.024,14.06,4.21,0.299,observed,B,24.0,3
C-S1-HYD,S1,HYD,K01,night,1,185.8,64.2,1.161,11.93,199.63,16.732,observed,A,167.0,2
C-S1-HYD,S1,HYD,K01,night,5,174.7,26.3,0.336,4.6,57.77,12.565,observed,A,167.0,2
C-S1-HYD,S1,HYD,K01,night,9,159.8,10.9,0.091,1.74,15.57,8.927,observed,A,167.0,2
C-S1-HYD,S1,HYD,K01,night,13,141.2,5.1,0.032,0.73,5.45,7.511,observed,A,167.0,2
C-S1-HYD,S1,HYD,K01,morning,1,186.2,156.5,2.83,29.15,486.71,16.699,observed,A,167.0,2
C-S1-HYD,S1,HYD,K01,morning,5,175.0,64.2,0.819,11.23,140.86,12.54,observed,A,167.0,2
C-S1-HYD,S1,HYD,K01,morning,9,160.1,26.6,0.221,4.26,37.96,8.909,observed,A,167.0,2
C-S1-HYD,S1,HYD,K01,morning,13,141.5,12.5,0.077,1.77,13.28,7.496,observed,A,167.0,2
C-S1-HYD,S1,HYD,K01,afternoon,1,187.6,195.7,3.537,36.7,608.31,16.574,observed,A,167.0,2
C-S1-HYD,S1,HYD,K01,afternoon,5,176.3,80.2,1.024,14.15,176.05,12.446,observed,A,167.0,2
C-S1-HYD,S1,HYD,K01,afternoon,9,161.3,33.3,0.276,5.37,47.45,8.843,observed,A,167.0,2
C-S1-HYD,S1,HYD,K01,afternoon,13,142.6,15.7,0.097,2.23,16.6,7.44,observed,A,167.0,2
C-S1-HYD,S1,HYD,K01,evening,1,184.3,163.7,2.959,30.17,508.91,16.867,observed,A,167.0,2
C-S1-HYD,S1,HYD,K01,evening,5,173.3,67.1,0.856,11.63,147.28,12.666,observed,A,167.0,2
C-S1-HYD,S1,HYD,K01,evening,9,158.5,27.8,0.231,4.41,39.69,8.999,observed,A,167.0,2
C-S1-HYD,S1,HYD,K01,evening,13,140.1,13.1,0.081,1.83,13.89,7.572,observed,A,167.0,2
C-S1-HYD,S1,HYD,K02,night,1,204.8,13.9,0.406,2.85,69.85,24.531,observed,A,56.0,3
C-S1-HYD,S1,HYD,K02,night,5,192.5,5.7,0.118,1.1,20.22,18.421,observed,A,56.0,3
C-S1-HYD,S1,HYD,K02,night,9,176.1,2.4,0.032,0.42,5.45,13.088,observed,A,56.0,3
C-S1-HYD,S1,HYD,K02,night,13,155.6,1.1,0.011,0.17,1.91,11.012,observed,A,56.0,3
C-S1-HYD,S1,HYD,K02,morning,1,205.9,44.6,1.303,9.18,224.05,24.398,observed,A,56.0,3
C-S1-HYD,S1,HYD,K02,morning,5,193.6,18.3,0.377,3.54,64.84,18.321,observed,A,56.0,3
C-S1-HYD,S1,HYD,K02,morning,9,177.1,7.6,0.102,1.34,17.48,13.017,observed,A,56.0,3
C-S1-HYD,S1,HYD,K02,morning,13,156.5,3.6,0.036,0.56,6.12,10.952,observed,A,56.0,3
C-S1-HYD,S1,HYD,K02,afternoon,1,205.2,65.5,1.915,13.45,329.3,24.481,observed,A,56.0,4
C-S1-HYD,S1,HYD,K02,afternoon,5,192.9,26.9,0.554,5.18,95.3,18.383,observed,A,56.0,4
C-S1-HYD,S1,HYD,K02,afternoon,9,176.5,11.1,0.149,1.97,25.69,13.061,observed,A,56.0,4
C-S1-HYD,S1,HYD,K02,afternoon,13,156.0,5.2,0.052,0.82,8.99,10.99,observed,A,56.0,4
C-S1-HYD,S1,HYD,K02,evening,1,203.8,52.1,1.52,10.61,261.51,24.649,observed,A,56.0,3
C-S1-HYD,S1,HYD,K02,evening,5,191.6,21.3,0.44,4.09,75.68,18.51,observed,A,56.0,3
C-S1-HYD,S1,HYD,K02,evening,9,175.3,8.8,0.119,1.55,20.4,13.15,observed,A,56.0,3
C-S1-HYD,S1,HYD,K02,evening,13,154.9,4.2,0.041,0.65,7.14,11.065,observed,A,56.0,3
C-S1-HYD,S1,HYD,K03,night,1,277.4,318.9,1.631,88.45,280.56,3.172,observed,A,235.0,2
C-S1-HYD,S1,HYD,K03,night,5,260.7,130.7,0.472,34.09,81.2,2.382,observed,A,235.0,2
C-S1-HYD,S1,HYD,K03,night,9,238.5,54.2,0.127,12.93,21.88,1.692,observed,A,235.0,2
C-S1-HYD,S1,HYD,K03,night,13,210.8,25.5,0.045,5.38,7.66,1.424,observed,A,235.0,2
C-S1-HYD,S1,HYD,K03,morning,1,271.9,817.7,4.183,222.32,719.4,3.236,observed,A,235.0,2
C-S1-HYD,S1,HYD,K03,morning,5,255.6,335.2,1.21,85.68,208.2,2.43,observed,A,235.0,2
C-S1-HYD,S1,HYD,K03,morning,9,233.8,139.0,0.326,32.5,56.11,1.726,observed,A,235.0,2
C-S1-HYD,S1,HYD,K03,morning,13,206.6,65.4,0.114,13.52,19.64,1.453,observed,A,235.0,2
C-S1-HYD,S1,HYD,K03,afternoon,1,270.9,939.8,4.807,254.57,826.85,3.248,observed,A,235.0,2
C-S1-HYD,S1,HYD,K03,afternoon,5,254.6,385.3,1.391,98.11,239.3,2.439,observed,A,235.0,2
C-S1-HYD,S1,HYD,K03,afternoon,9,233.0,159.8,0.375,37.22,64.49,1.733,observed,A,235.0,2
C-S1-HYD,S1,HYD,K03,afternoon,13,205.9,75.2,0.131,15.48,22.57,1.458,observed,A,235.0,2
C-S1-HYD,S1,HYD,K03,evening,1,272.6,802.6,4.106,218.81,706.17,3.227,observed,A,235.0,2
C-S1-HYD,S1,HYD,K03,evening,5,256.3,329.1,1.188,84.33,204.38,2.423,observed,A,235.0,2
C-S1-HYD,S1,HYD,K03,evening,9,234.5,136.4,0.32,31.99,55.08,1.722,observed,A,235.0,2
C-S1-HYD,S1,HYD,K03,evening,13,207.2,64.2,0.112,13.3,19.27,1.449,observed,A,235.0,2
C-S1-HYD,S1,HYD,K04,night,1,270.6,68.4,0.401,18.51,69.04,3.73,observed,A,67.0,2
C-S1-HYD,S1,HYD,K04,night,5,254.4,28.0,0.116,7.13,19.98,2.801,observed,A,67.0,2
C-S1-HYD,S1,HYD,K04,night,9,232.7,11.6,0.031,2.71,5.39,1.99,observed,A,67.0,2
C-S1-HYD,S1,HYD,K04,night,13,205.7,5.5,0.011,1.13,1.88,1.674,observed,A,67.0,2
C-S1-HYD,S1,HYD,K04,morning,1,261.4,188.7,1.107,49.33,190.45,3.861,observed,A,67.0,2
C-S1-HYD,S1,HYD,K04,morning,5,245.7,77.4,0.32,19.01,55.12,2.899,observed,A,67.0,2
C-S1-HYD,S1,HYD,K04,morning,9,224.8,32.1,0.086,7.21,14.85,2.06,observed,A,67.0,2
C-S1-HYD,S1,HYD,K04,morning,13,198.7,15.1,0.03,3.0,5.2,1.733,observed,A,67.0,2
C-S1-HYD,S1,HYD,K04,afternoon,1,260.5,226.2,1.327,58.9,228.28,3.875,observed,A,67.0,2
C-S1-HYD,S1,HYD,K04,afternoon,5,244.8,92.7,0.384,22.7,66.07,2.91,observed,A,67.0,2
C-S1-HYD,S1,HYD,K04,afternoon,9,224.0,38.4,0.104,8.61,17.81,2.068,observed,A,67.0,2
C-S1-HYD,S1,HYD,K04,afternoon,13,198.0,18.1,0.036,3.58,6.23,1.74,observed,A,67.0,2
C-S1-HYD,S1,HYD,K04,evening,1,259.1,201.2,1.181,52.12,203.07,3.896,observed,A,67.0,2
C-S1-HYD,S1,HYD,K04,evening,5,243.5,82.5,0.342,20.09,58.77,2.926,observed,A,67.0,2
C-S1-HYD,S1,HYD,K04,evening,9,222.8,34.2,0.092,7.62,15.84,2.079,observed,A,67.0,2
C-S1-HYD,S1,HYD,K04,evening,13,196.9,16.1,0.032,3.17,5.54,1.749,observed,A,67.0,2
C-S1-HYD,S1,HYD,K07,night,1,258.3,21.1,0.166,5.44,28.54,5.248,observed,A,25.0,2
C-S1-HYD,S1,HYD,K07,night,5,242.8,8.6,0.048,2.1,8.26,3.941,observed,A,25.0,2
C-S1-HYD,S1,HYD,K07,night,9,222.2,3.6,0.013,0.8,2.23,2.8,observed,A,25.0,2
C-S1-HYD,S1,HYD,K07,night,13,196.3,1.7,0.005,0.33,0.78,2.356,observed,A,25.0,2
C-S1-HYD,S1,HYD,K07,morning,1,252.5,70.6,0.556,17.82,95.68,5.369,observed,A,25.0,2
C-S1-HYD,S1,HYD,K07,morning,5,237.3,28.9,0.161,6.87,27.69,4.032,observed,A,25.0,2
C-S1-HYD,S1,HYD,K07,morning,9,217.1,12.0,0.043,2.61,7.46,2.865,observed,A,25.0,2
C-S1-HYD,S1,HYD,K07,morning,13,191.9,5.6,0.015,1.08,2.61,2.41,observed,A,25.0,2
C-S1-HYD,S1,HYD,K07,afternoon,1,251.9,83.8,0.66,21.11,113.59,5.381,observed,A,25.0,2
C-S1-HYD,S1,HYD,K07,afternoon,5,236.8,34.4,0.191,8.14,32.87,4.041,observed,A,25.0,2
C-S1-HYD,S1,HYD,K07,afternoon,9,216.7,14.2,0.052,3.09,8.86,2.871,observed,A,25.0,2
C-S1-HYD,S1,HYD,K07,afternoon,13,191.5,6.7,0.018,1.28,3.1,2.415,observed,A,25.0,2
C-S1-HYD,S1,HYD,K07,evening,1,249.9,75.4,0.594,18.85,102.23,5.425,observed,A,25.0,2
C-S1-HYD,S1,HYD,K07,evening,5,234.9,30.9,0.172,7.26,29.59,4.074,observed,A,25.0,2
C-S1-HYD,S1,HYD,K07,evening,9,214.9,12.8,0.046,2.76,7.97,2.894,observed,A,25.0,2
C-S1-HYD,S1,HYD,K07,evening,13,189.9,6.0,0.016,1.15,2.79,2.435,observed,A,25.0,2
C-S1-HYD,S1,HYD,K09,night,1,410.7,104.4,0.235,42.87,40.36,0.942,observed,A,62.0,1
C-S1-HYD,S1,HYD,K09,night,5,386.1,42.8,0.068,16.52,11.68,0.707,observed,A,62.0,1
C-S1-HYD,S1,HYD,K09,night,9,353.2,17.7,0.018,6.27,3.15,0.502,observed,A,62.0,1
C-S1-HYD,S1,HYD,K09,night,13,312.1,8.3,0.006,2.61,1.1,0.423,observed,A,62.0,1
C-S1-HYD,S1,HYD,K09,morning,1,408.2,294.4,0.662,120.17,113.85,0.947,observed,A,62.0,1
C-S1-HYD,S1,HYD,K09,morning,5,383.7,120.7,0.192,46.31,32.95,0.711,observed,A,62.0,1
C-S1-HYD,S1,HYD,K09,morning,9,351.0,50.1,0.052,17.57,8.88,0.505,observed,A,62.0,1
C-S1-HYD,S1,HYD,K09,morning,13,310.2,23.6,0.018,7.31,3.11,0.425,observed,A,62.0,1
C-S1-HYD,S1,HYD,K09,afternoon,1,410.2,333.7,0.75,136.88,129.03,0.943,observed,A,62.0,1
C-S1-HYD,S1,HYD,K09,afternoon,5,385.6,136.8,0.217,52.75,37.34,0.708,observed,A,62.0,1
C-S1-HYD,S1,HYD,K09,afternoon,9,352.8,56.7,0.059,20.01,10.06,0.503,observed,A,62.0,1
C-S1-HYD,S1,HYD,K09,afternoon,13,311.8,26.7,0.02,8.32,3.52,0.423,observed,A,62.0,1
C-S1-HYD,S1,HYD,K09,evening,1,411.3,285.9,0.643,117.58,110.53,0.94,observed,A,62.0,1
C-S1-HYD,S1,HYD,K09,evening,5,386.6,117.2,0.186,45.32,31.99,0.706,observed,A,62.0,1
C-S1-HYD,S1,HYD,K09,evening,9,353.7,48.6,0.05,17.19,8.62,0.502,observed,A,62.0,1
C-S1-HYD,S1,HYD,K09,evening,13,312.6,22.9,0.018,7.15,3.02,0.422,observed,A,62.0,1
C-S1-PUN,S1,PUN,K01,night,1,177.5,40.9,0.819,7.26,140.92,19.406,observed,A,151.0,2
C-S1-PUN,S1,PUN,K01,night,5,166.8,16.8,0.237,2.8,40.78,14.572,observed,A,151.0,2
C-S1-PUN,S1,PUN,K01,night,9,152.6,7.0,0.064,1.06,10.99,10.353,observed,A,151.0,2
C-S1-PUN,S1,PUN,K01,night,13,134.9,3.3,0.022,0.44,3.85,8.711,observed,A,151.0,2
C-S1-PUN,S1,PUN,K01,morning,1,178.2,117.6,2.355,20.96,405.11,19.332,observed,A,151.0,2
C-S1-PUN,S1,PUN,K01,morning,5,167.5,48.2,0.682,8.08,117.24,14.517,observed,A,151.0,2
C-S1-PUN,S1,PUN,K01,morning,9,153.2,20.0,0.184,3.06,31.6,10.314,observed,A,151.0,2
C-S1-PUN,S1,PUN,K01,morning,13,135.4,9.4,0.064,1.27,11.06,8.678,observed,A,151.0,2
C-S1-PUN,S1,PUN,K01,afternoon,1,178.7,146.6,2.937,26.2,505.09,19.275,observed,A,151.0,2
C-S1-PUN,S1,PUN,K01,afternoon,5,168.0,60.1,0.85,10.1,146.18,14.474,observed,A,151.0,2
C-S1-PUN,S1,PUN,K01,afternoon,9,153.7,24.9,0.229,3.83,39.4,10.283,observed,A,151.0,2
C-S1-PUN,S1,PUN,K01,afternoon,13,135.8,11.7,0.08,1.59,13.79,8.653,observed,A,151.0,2
C-S1-PUN,S1,PUN,K01,evening,1,176.6,121.4,2.43,21.43,417.98,19.508,observed,A,151.0,2
C-S1-PUN,S1,PUN,K01,evening,5,166.0,49.8,0.703,8.26,120.97,14.65,observed,A,151.0,2
C-S1-PUN,S1,PUN,K01,evening,9,151.8,20.6,0.19,3.13,32.6,10.408,observed,A,151.0,2
C-S1-PUN,S1,PUN,K01,evening,13,134.2,9.7,0.066,1.3,11.41,8.758,observed,A,151.0,2
C-S1-PUN,S1,PUN,K02,night,1,196.2,13.2,0.351,2.59,60.41,23.342,observed,A,42.0,3
C-S1-PUN,S1,PUN,K02,night,5,184.5,5.4,0.102,1.0,17.48,17.529,observed,A,42.0,3
C-S1-PUN,S1,PUN,K02,night,9,168.8,2.2,0.027,0.38,4.71,12.453,observed,A,42.0,3
C-S1-PUN,S1,PUN,K02,night,13,149.1,1.1,0.01,0.16,1.65,10.479,observed,A,42.0,3
C-S1-PUN,S1,PUN,K02,morning,1,197.8,31.5,0.84,6.24,144.41,23.161,observed,A,42.0,3
C-S1-PUN,S1,PUN,K02,morning,5,185.9,12.9,0.243,2.4,41.79,17.392,observed,A,42.0,3
C-S1-PUN,S1,PUN,K02,morning,9,170.1,5.4,0.065,0.91,11.26,12.357,observed,A,42.0,3
C-S1-PUN,S1,PUN,K02,morning,13,150.3,2.5,0.023,0.38,3.94,10.397,observed,A,42.0,3
C-S1-PUN,S1,PUN,K02,afternoon,1,198.9,45.5,1.211,9.04,208.21,23.028,observed,A,42.0,3
C-S1-PUN,S1,PUN,K02,afternoon,5,187.0,18.6,0.35,3.48,60.26,17.293,observed,A,42.0,3
C-S1-PUN,S1,PUN,K02,afternoon,9,171.1,7.7,0.094,1.32,16.24,12.286,observed,A,42.0,3
C-S1-PUN,S1,PUN,K02,afternoon,13,151.2,3.6,0.033,0.55,5.68,10.338,observed,A,42.0,3
C-S1-PUN,S1,PUN,K02,evening,1,196.4,32.8,0.872,6.43,150.06,23.326,observed,A,42.0,3
C-S1-PUN,S1,PUN,K02,evening,5,184.6,13.4,0.252,2.48,43.43,17.516,observed,A,42.0,3
C-S1-PUN,S1,PUN,K02,evening,9,168.9,5.6,0.068,0.94,11.7,12.445,observed,A,42.0,3
C-S1-PUN,S1,PUN,K02,evening,13,149.3,2.6,0.024,0.39,4.1,10.471,observed,A,42.0,3
C-S1-PUN,S1,PUN,K03,night,1,290.2,206.4,0.881,59.91,151.56,2.53,observed,A,66.0,4
C-S1-PUN,S1,PUN,K03,night,5,272.8,84.6,0.255,23.09,43.86,1.9,observed,A,66.0,4
C-S1-PUN,S1,PUN,K03,night,9,249.6,35.1,0.069,8.76,11.82,1.35,observed,A,66.0,4
C-S1-PUN,S1,PUN,K03,night,13,220.6,16.5,0.024,3.64,4.14,1.136,observed,A,66.0,4
C-S1-PUN,S1,PUN,K03,morning,1,283.7,501.3,2.14,142.25,368.07,2.588,observed,A,66.0,4
C-S1-PUN,S1,PUN,K03,morning,5,266.7,205.5,0.619,54.82,106.52,1.943,observed,A,66.0,4
C-S1-PUN,S1,PUN,K03,morning,9,244.0,85.2,0.167,20.8,28.71,1.38,observed,A,66.0,4
C-S1-PUN,S1,PUN,K03,morning,13,215.6,40.1,0.058,8.65,10.05,1.162,observed,A,66.0,4
C-S1-PUN,S1,PUN,K03,afternoon,1,282.9,626.3,2.674,177.17,459.85,2.595,observed,A,66.0,4
C-S1-PUN,S1,PUN,K03,afternoon,5,265.9,256.8,0.774,68.28,133.09,1.949,observed,A,66.0,4
C-S1-PUN,S1,PUN,K03,afternoon,9,243.3,106.5,0.209,25.9,35.87,1.385,observed,A,66.0,4
C-S1-PUN,S1,PUN,K03,afternoon,13,215.0,50.1,0.073,10.77,12.55,1.165,observed,A,66.0,4
C-S1-PUN,S1,PUN,K03,evening,1,283.8,496.4,2.119,140.87,364.49,2.587,observed,A,66.0,4
C-S1-PUN,S1,PUN,K03,evening,5,266.7,203.5,0.613,54.29,105.49,1.943,observed,A,66.0,4
C-S1-PUN,S1,PUN,K03,evening,9,244.0,84.4,0.165,20.59,28.43,1.38,observed,A,66.0,4
C-S1-PUN,S1,PUN,K03,evening,13,215.7,39.7,0.058,8.56,9.95,1.162,observed,A,66.0,4
C-S1-PUN,S1,PUN,K04,night,1,263.3,54.3,0.42,14.3,72.19,5.049,observed,A,70.0,2
C-S1-PUN,S1,PUN,K04,night,5,247.5,22.3,0.121,5.51,20.89,3.792,observed,A,70.0,2
C-S1-PUN,S1,PUN,K04,night,9,226.4,9.2,0.033,2.09,5.63,2.694,observed,A,70.0,2
C-S1-PUN,S1,PUN,K04,night,13,200.1,4.3,0.011,0.87,1.97,2.267,observed,A,70.0,2
C-S1-PUN,S1,PUN,K04,morning,1,258.3,133.6,1.033,34.51,177.65,5.148,observed,A,70.0,2
C-S1-PUN,S1,PUN,K04,morning,5,242.8,54.8,0.299,13.3,51.41,3.866,observed,A,70.0,2
C-S1-PUN,S1,PUN,K04,morning,9,222.1,22.7,0.081,5.05,13.86,2.746,observed,A,70.0,2
C-S1-PUN,S1,PUN,K04,morning,13,196.3,10.7,0.028,2.1,4.85,2.311,observed,A,70.0,2
C-S1-PUN,S1,PUN,K04,afternoon,1,259.6,157.8,1.22,40.97,209.79,5.121,observed,A,70.0,2
C-S1-PUN,S1,PUN,K04,afternoon,5,244.0,64.7,0.353,15.79,60.71,3.845,observed,A,70.0,2
C-S1-PUN,S1,PUN,K04,afternoon,9,223.3,26.8,0.095,5.99,16.36,2.732,observed,A,70.0,2
C-S1-PUN,S1,PUN,K04,afternoon,13,197.3,12.6,0.033,2.49,5.73,2.299,observed,A,70.0,2
C-S1-PUN,S1,PUN,K04,evening,1,258.0,131.3,1.015,33.89,174.61,5.153,observed,A,70.0,2
C-S1-PUN,S1,PUN,K04,evening,5,242.5,53.8,0.294,13.06,50.53,3.869,observed,A,70.0,2
C-S1-PUN,S1,PUN,K04,evening,9,221.9,22.3,0.079,4.95,13.62,2.749,observed,A,70.0,2
C-S1-PUN,S1,PUN,K04,evening,13,196.1,10.5,0.028,2.06,4.77,2.313,observed,A,70.0,2
C-S1-PUN,S1,PUN,K07,night,1,248.7,15.8,0.136,3.92,23.46,5.985,observed,A,29.0,1
C-S1-PUN,S1,PUN,K07,night,5,233.8,6.5,0.039,1.51,6.79,4.494,observed,A,29.0,1
C-S1-PUN,S1,PUN,K07,night,9,213.9,2.7,0.011,0.57,1.83,3.193,observed,A,29.0,1
C-S1-PUN,S1,PUN,K07,night,13,189.0,1.3,0.004,0.24,0.64,2.687,observed,A,29.0,1
C-S1-PUN,S1,PUN,K07,morning,1,244.0,62.4,0.54,15.22,92.88,6.102,observed,A,29.0,2
C-S1-PUN,S1,PUN,K07,morning,5,229.3,25.6,0.156,5.87,26.88,4.582,observed,A,29.0,2
C-S1-PUN,S1,PUN,K07,morning,9,209.8,10.6,0.042,2.23,7.24,3.256,observed,A,29.0,2
C-S1-PUN,S1,PUN,K07,morning,13,185.4,5.0,0.015,0.93,2.54,2.739,observed,A,29.0,2
C-S1-PUN,S1,PUN,K07,afternoon,1,243.4,72.7,0.63,17.7,108.28,6.116,observed,A,29.0,2
C-S1-PUN,S1,PUN,K07,afternoon,5,228.8,29.8,0.182,6.82,31.34,4.593,observed,A,29.0,2
C-S1-PUN,S1,PUN,K07,afternoon,9,209.3,12.4,0.049,2.59,8.45,3.263,observed,A,29.0,2
C-S1-PUN,S1,PUN,K07,afternoon,13,185.0,5.8,0.017,1.08,2.96,2.746,observed,A,29.0,2
C-S1-PUN,S1,PUN,K07,evening,1,241.4,66.0,0.572,15.94,98.33,6.167,observed,A,29.0,2
C-S1-PUN,S1,PUN,K07,evening,5,226.9,27.1,0.165,6.15,28.46,4.631,observed,A,29.0,2
C-S1-PUN,S1,PUN,K07,evening,9,207.6,11.2,0.045,2.33,7.67,3.29,observed,A,29.0,2
C-S1-PUN,S1,PUN,K07,evening,13,183.5,5.3,0.016,0.97,2.68,2.768,observed,A,29.0,2
C-S1-PUN,S1,PUN,K09,night,1,385.7,57.5,0.122,22.17,20.95,0.945,observed,A,31.0,1
C-S1-PUN,S1,PUN,K09,night,5,362.6,23.6,0.035,8.55,6.06,0.709,observed,A,31.0,1
C-S1-PUN,S1,PUN,K09,night,9,331.7,9.8,0.009,3.24,1.63,0.504,observed,A,31.0,1
C-S1-PUN,S1,PUN,K09,night,13,293.2,4.6,0.003,1.35,0.57,0.424,observed,A,31.0,1
C-S1-PUN,S1,PUN,K09,morning,1,384.0,154.0,0.326,59.14,56.12,0.949,observed,A,31.0,1
C-S1-PUN,S1,PUN,K09,morning,5,361.0,63.1,0.094,22.79,16.24,0.713,observed,A,31.0,1
C-S1-PUN,S1,PUN,K09,morning,9,330.3,26.2,0.025,8.65,4.38,0.506,observed,A,31.0,1
C-S1-PUN,S1,PUN,K09,morning,13,291.9,12.3,0.009,3.6,1.53,0.426,observed,A,31.0,1
C-S1-PUN,S1,PUN,K09,afternoon,1,381.4,197.6,0.419,75.37,72.01,0.955,observed,A,31.0,1
C-S1-PUN,S1,PUN,K09,afternoon,5,358.5,81.0,0.121,29.05,20.84,0.717,observed,A,31.0,1
C-S1-PUN,S1,PUN,K09,afternoon,9,328.0,33.6,0.033,11.02,5.62,0.51,observed,A,31.0,1
C-S1-PUN,S1,PUN,K09,afternoon,13,289.8,15.8,0.011,4.58,1.97,0.429,observed,A,31.0,1
C-S1-PUN,S1,PUN,K09,evening,1,378.1,157.7,0.334,59.61,57.45,0.964,observed,A,31.0,1
C-S1-PUN,S1,PUN,K09,evening,5,355.4,64.6,0.097,22.97,16.63,0.724,observed,A,31.0,1
C-S1-PUN,S1,PUN,K09,evening,9,325.1,26.8,0.026,8.71,4.48,0.514,observed,A,31.0,1
C-S1-PUN,S1,PUN,K09,evening,13,287.3,12.6,0.009,3.62,1.57,0.433,observed,A,31.0,1
C-S2-DEL,S2,DEL,K01,night,1,217.8,170.0,3.413,37.04,952.17,25.71,observed,A,281.0,5
C-S2-DEL,S2,DEL,K01,night,5,204.7,69.7,0.988,14.27,275.57,19.307,observed,A,281.0,5
C-S2-DEL,S2,DEL,K01,night,9,187.3,28.9,0.266,5.41,74.27,13.717,observed,A,281.0,5
C-S2-DEL,S2,DEL,K01,night,13,165.5,13.6,0.093,2.25,25.99,11.542,observed,A,281.0,5
C-S2-DEL,S2,DEL,K01,morning,1,223.4,388.9,7.806,86.88,2177.74,25.065,observed,A,281.0,5
C-S2-DEL,S2,DEL,K01,morning,5,210.0,159.4,2.259,33.49,630.26,18.822,observed,A,281.0,5
C-S2-DEL,S2,DEL,K01,morning,9,192.1,66.1,0.609,12.7,169.86,13.373,observed,A,281.0,5
C-S2-DEL,S2,DEL,K01,morning,13,169.8,31.1,0.213,5.28,59.44,11.252,observed,A,281.0,5
C-S2-DEL,S2,DEL,K01,afternoon,1,224.6,504.5,10.126,113.33,2825.2,24.93,observed,A,281.0,5
C-S2-DEL,S2,DEL,K01,afternoon,5,211.1,206.9,2.931,43.68,817.65,18.721,observed,A,281.0,5
C-S2-DEL,S2,DEL,K01,afternoon,9,193.2,85.8,0.79,16.57,220.37,13.3,observed,A,281.0,5
C-S2-DEL,S2,DEL,K01,afternoon,13,170.7,40.4,0.276,6.89,77.11,11.191,observed,A,281.0,5
C-S2-DEL,S2,DEL,K01,evening,1,207.9,453.9,9.11,94.39,2541.72,26.929,observed,A,281.0,3
C-S2-DEL,S2,DEL,K01,evening,5,195.5,186.1,2.637,36.38,735.6,20.222,observed,A,281.0,3
C-S2-DEL,S2,DEL,K01,evening,9,178.8,77.2,0.711,13.8,198.25,14.367,observed,A,281.0,3
C-S2-DEL,S2,DEL,K01,evening,13,158.0,36.3,0.249,5.74,69.37,12.089,observed,A,281.0,3
C-S2-DEL,S2,DEL,K05,night,1,337.9,281.1,2.2,94.98,613.81,6.463,observed,A,340.0,2
C-S2-DEL,S2,DEL,K05,night,5,317.6,115.3,0.637,36.6,177.64,4.853,observed,A,340.0,2
C-S2-DEL,S2,DEL,K05,night,9,290.6,47.8,0.172,13.89,47.88,3.448,observed,A,340.0,2
C-S2-DEL,S2,DEL,K05,night,13,256.8,22.5,0.06,5.77,16.75,2.901,observed,A,340.0,2
C-S2-DEL,S2,DEL,K05,morning,1,332.5,650.2,5.089,216.2,1419.7,6.567,observed,A,340.0,2
C-S2-DEL,S2,DEL,K05,morning,5,312.6,266.6,1.473,83.32,410.88,4.931,observed,A,340.0,2
C-S2-DEL,S2,DEL,K05,morning,9,286.0,110.5,0.397,31.61,110.74,3.503,observed,A,340.0,2
C-S2-DEL,S2,DEL,K05,morning,13,252.7,52.0,0.139,13.15,38.75,2.948,observed,A,340.0,2
C-S2-DEL,S2,DEL,K05,afternoon,1,329.2,884.7,6.924,291.24,1931.74,6.633,observed,A,340.0,2
C-S2-DEL,S2,DEL,K05,afternoon,5,309.4,362.7,2.004,112.24,559.07,4.981,observed,A,340.0,2
C-S2-DEL,S2,DEL,K05,afternoon,9,283.1,150.4,0.54,42.58,150.68,3.539,observed,A,340.0,2
C-S2-DEL,S2,DEL,K05,afternoon,13,250.2,70.8,0.189,17.71,52.73,2.978,observed,A,340.0,2
C-S2-DEL,S2,DEL,K05,evening,1,335.3,753.2,5.895,252.52,1644.71,6.513,observed,A,340.0,2
C-S2-DEL,S2,DEL,K05,evening,5,315.1,308.8,1.706,97.32,476.0,4.891,observed,A,340.0,2
C-S2-DEL,S2,DEL,K05,evening,9,288.3,128.0,0.46,36.92,128.29,3.475,observed,A,340.0,2
C-S2-DEL,S2,DEL,K05,evening,13,254.8,60.3,0.161,15.35,44.89,2.924,observed,A,340.0,2
C-S2-DEL,S2,DEL,K06,night,1,372.3,100.8,0.504,37.54,140.59,3.745,observed,A,70.0,2
C-S2-DEL,S2,DEL,K06,night,5,350.0,41.3,0.146,14.47,40.69,2.812,observed,A,70.0,2
C-S2-DEL,S2,DEL,K06,night,9,320.2,17.1,0.039,5.49,10.97,1.998,observed,A,70.0,2
C-S2-DEL,S2,DEL,K06,night,13,282.9,8.1,0.014,2.28,3.84,1.681,observed,A,70.0,2
C-S2-DEL,S2,DEL,K06,morning,1,361.9,237.2,1.186,85.85,330.77,3.853,observed,A,70.0,2
C-S2-DEL,S2,DEL,K06,morning,5,340.1,97.3,0.343,33.09,95.73,2.893,observed,A,70.0,2
C-S2-DEL,S2,DEL,K06,morning,9,311.2,40.3,0.092,12.55,25.8,2.056,observed,A,70.0,2
C-S2-DEL,S2,DEL,K06,morning,13,275.0,19.0,0.032,5.22,9.03,1.73,observed,A,70.0,2
C-S2-DEL,S2,DEL,K06,afternoon,1,354.3,306.5,1.532,108.6,427.3,3.935,observed,A,70.0,2
C-S2-DEL,S2,DEL,K06,afternoon,5,333.1,125.7,0.443,41.86,123.67,2.955,observed,A,70.0,2
C-S2-DEL,S2,DEL,K06,afternoon,9,304.7,52.1,0.119,15.88,33.33,2.099,observed,A,70.0,2
C-S2-DEL,S2,DEL,K06,afternoon,13,269.3,24.5,0.042,6.6,11.66,1.766,observed,A,70.0,2
C-S2-DEL,S2,DEL,K06,evening,1,352.7,287.3,1.436,101.32,400.5,3.953,observed,A,70.0,2
C-S2-DEL,S2,DEL,K06,evening,5,331.5,117.8,0.415,39.05,115.91,2.968,observed,A,70.0,2
C-S2-DEL,S2,DEL,K06,evening,9,303.3,48.8,0.112,14.81,31.24,2.109,observed,A,70.0,2
C-S2-DEL,S2,DEL,K06,evening,13,268.0,23.0,0.039,6.16,10.93,1.775,observed,A,70.0,2
C-S2-DEL,S2,DEL,K10,night,1,414.5,121.1,0.275,50.2,76.65,1.527,observed,A,42.0,2
C-S2-DEL,S2,DEL,K10,night,5,389.7,49.6,0.08,19.35,22.18,1.147,observed,A,42.0,2
C-S2-DEL,S2,DEL,K10,night,9,356.5,20.6,0.021,7.34,5.98,0.815,observed,A,42.0,2
C-S2-DEL,S2,DEL,K10,night,13,315.0,9.7,0.007,3.05,2.09,0.685,observed,A,42.0,2
C-S2-DEL,S2,DEL,K10,morning,1,410.8,274.9,0.624,112.91,173.97,1.541,observed,A,42.0,2
C-S2-DEL,S2,DEL,K10,morning,5,386.1,112.7,0.18,43.51,50.35,1.157,observed,A,42.0,2
C-S2-DEL,S2,DEL,K10,morning,9,353.3,46.7,0.049,16.51,13.57,0.822,observed,A,42.0,2
C-S2-DEL,S2,DEL,K10,morning,13,312.2,22.0,0.017,6.86,4.75,0.692,observed,A,42.0,2
C-S2-DEL,S2,DEL,K10,afternoon,1,411.6,361.2,0.82,148.69,228.65,1.538,observed,A,42.0,2
C-S2-DEL,S2,DEL,K10,afternoon,5,386.9,148.1,0.237,57.3,66.17,1.155,observed,A,42.0,2
C-S2-DEL,S2,DEL,K10,afternoon,9,354.0,61.4,0.064,21.74,17.83,0.82,observed,A,42.0,2
C-S2-DEL,S2,DEL,K10,afternoon,13,312.8,28.9,0.022,9.04,6.24,0.69,observed,A,42.0,2
C-S2-DEL,S2,DEL,K10,evening,1,403.2,325.1,0.737,131.06,205.75,1.57,observed,A,42.0,2
C-S2-DEL,S2,DEL,K10,evening,5,379.0,133.3,0.213,50.51,59.55,1.179,observed,A,42.0,2
C-S2-DEL,S2,DEL,K10,evening,9,346.7,55.3,0.058,19.16,16.05,0.838,observed,A,42.0,2
C-S2-DEL,S2,DEL,K10,evening,13,306.4,26.0,0.02,7.97,5.62,0.705,observed,A,42.0,2
C-S2-MUM,S2,MUM,K01,night,1,226.1,137.6,2.317,31.11,646.58,20.786,observed,A,180.0,3
C-S2-MUM,S2,MUM,K01,night,5,212.5,56.4,0.671,11.99,187.13,15.609,observed,A,180.0,3
C-S2-MUM,S2,MUM,K01,night,9,194.4,23.4,0.181,4.55,50.43,11.09,observed,A,180.0,3
C-S2-MUM,S2,MUM,K01,night,13,171.8,11.0,0.063,1.89,17.65,9.331,observed,A,180.0,3
C-S2-MUM,S2,MUM,K01,morning,1,224.2,277.3,4.67,62.16,1303.06,20.962,observed,A,180.0,3
C-S2-MUM,S2,MUM,K01,morning,5,210.7,113.7,1.352,23.96,377.12,15.741,observed,A,180.0,3
C-S2-MUM,S2,MUM,K01,morning,9,192.8,47.1,0.364,9.09,101.64,11.184,observed,A,180.0,3
C-S2-MUM,S2,MUM,K01,morning,13,170.4,22.2,0.127,3.78,35.57,9.41,observed,A,180.0,3
C-S2-MUM,S2,MUM,K01,afternoon,1,224.7,337.8,5.69,75.9,1587.54,20.916,observed,A,180.0,3
C-S2-MUM,S2,MUM,K01,afternoon,5,211.2,138.5,1.647,29.25,459.45,15.707,observed,A,180.0,3
C-S2-MUM,S2,MUM,K01,afternoon,9,193.2,57.4,0.444,11.1,123.83,11.159,observed,A,180.0,3
C-S2-MUM,S2,MUM,K01,afternoon,13,170.7,27.0,0.155,4.61,43.33,9.39,observed,A,180.0,3
C-S2-MUM,S2,MUM,K01,evening,1,216.6,387.1,6.52,83.85,1819.04,21.695,observed,A,180.0,2
C-S2-MUM,S2,MUM,K01,evening,5,203.6,158.7,1.887,32.31,526.45,16.291,observed,A,180.0,2
C-S2-MUM,S2,MUM,K01,evening,9,186.3,65.8,0.509,12.26,141.88,11.574,observed,A,180.0,2
C-S2-MUM,S2,MUM,K01,evening,13,164.6,31.0,0.178,5.1,49.65,9.739,observed,A,180.0,2
C-S2-MUM,S2,MUM,K05,night,1,372.8,204.9,1.613,76.41,449.95,5.889,observed,A,167.0,2
C-S2-MUM,S2,MUM,K05,night,5,350.5,84.0,0.467,29.45,130.22,4.422,observed,A,167.0,2
C-S2-MUM,S2,MUM,K05,night,9,320.6,34.8,0.126,11.17,35.1,3.142,observed,A,167.0,2
C-S2-MUM,S2,MUM,K05,night,13,283.3,16.4,0.044,4.65,12.28,2.644,observed,A,167.0,2
C-S2-MUM,S2,MUM,K05,morning,1,359.6,425.2,3.346,152.89,933.48,6.106,observed,A,167.0,2
C-S2-MUM,S2,MUM,K05,morning,5,338.0,174.3,0.968,58.92,270.16,4.585,observed,A,167.0,2
C-S2-MUM,S2,MUM,K05,morning,9,309.2,72.3,0.261,22.35,72.81,3.257,observed,A,167.0,2
C-S2-MUM,S2,MUM,K05,morning,13,273.3,34.0,0.091,9.3,25.48,2.741,observed,A,167.0,2
C-S2-MUM,S2,MUM,K05,afternoon,1,363.4,505.2,3.975,183.57,1109.14,6.042,observed,A,167.0,2
C-S2-MUM,S2,MUM,K05,afternoon,5,341.6,207.1,1.151,70.75,321.0,4.537,observed,A,167.0,2
C-S2-MUM,S2,MUM,K05,afternoon,9,312.5,85.9,0.31,26.84,86.51,3.223,observed,A,167.0,2
C-S2-MUM,S2,MUM,K05,afternoon,13,276.2,40.4,0.109,11.16,30.27,2.712,observed,A,167.0,2
C-S2-MUM,S2,MUM,K05,evening,1,380.7,529.5,4.166,201.59,1162.43,5.766,observed,A,167.0,2
C-S2-MUM,S2,MUM,K05,evening,5,357.9,217.1,1.206,77.69,336.42,4.33,observed,A,167.0,2
C-S2-MUM,S2,MUM,K05,evening,9,327.4,90.0,0.325,29.47,90.67,3.076,observed,A,167.0,2
C-S2-MUM,S2,MUM,K05,evening,13,289.4,42.4,0.114,12.26,31.73,2.589,observed,A,167.0,2
C-S2-MUM,S2,MUM,K06,night,1,431.8,59.5,0.261,25.71,72.78,2.831,observed,B,16.0,3
C-S2-MUM,S2,MUM,K06,night,5,405.9,24.4,0.075,9.91,21.06,2.126,observed,B,16.0,3
C-S2-MUM,S2,MUM,K06,night,9,371.4,10.1,0.02,3.76,5.68,1.51,observed,B,16.0,3
C-S2-MUM,S2,MUM,K06,night,13,328.2,4.8,0.007,1.56,1.99,1.271,observed,B,16.0,3
C-S2-MUM,S2,MUM,K06,morning,1,419.8,121.5,0.533,51.01,148.57,2.912,observed,B,16.0,3
C-S2-MUM,S2,MUM,K06,morning,5,394.6,49.8,0.154,19.66,43.0,2.187,observed,B,16.0,3
C-S2-MUM,S2,MUM,K06,morning,9,361.0,20.7,0.042,7.46,11.59,1.554,observed,B,16.0,3
C-S2-MUM,S2,MUM,K06,morning,13,319.0,9.7,0.015,3.1,4.06,1.307,observed,B,16.0,3
C-S2-MUM,S2,MUM,K06,afternoon,1,419.2,149.7,0.656,62.74,182.97,2.916,observed,B,16.0,3
C-S2-MUM,S2,MUM,K06,afternoon,5,394.0,61.4,0.19,24.18,52.95,2.19,observed,B,16.0,3
C-S2-MUM,S2,MUM,K06,afternoon,9,360.5,25.4,0.051,9.17,14.27,1.556,observed,B,16.0,3
C-S2-MUM,S2,MUM,K06,afternoon,13,318.6,12.0,0.018,3.81,4.99,1.309,observed,B,16.0,3
C-S2-MUM,S2,MUM,K06,evening,1,433.2,177.3,0.777,76.8,216.72,2.822,observed,B,16.0,3
C-S2-MUM,S2,MUM,K06,evening,5,407.2,72.7,0.225,29.6,62.72,2.119,observed,B,16.0,3
C-S2-MUM,S2,MUM,K06,evening,9,372.6,30.1,0.061,11.23,16.9,1.505,observed,B,16.0,3
C-S2-MUM,S2,MUM,K06,evening,13,329.3,14.2,0.021,4.67,5.92,1.267,observed,B,16.0,3
C-S2-MUM,S2,MUM,K10,night,1,456.7,91.3,0.207,41.69,57.89,1.389,observed,B,23.0,2
C-S2-MUM,S2,MUM,K10,night,5,429.3,37.4,0.06,16.07,16.75,1.043,observed,B,23.0,2
C-S2-MUM,S2,MUM,K10,night,9,392.8,15.5,0.016,6.09,4.52,0.741,observed,B,23.0,2
C-S2-MUM,S2,MUM,K10,night,13,347.1,7.3,0.006,2.53,1.58,0.623,observed,B,23.0,2
C-S2-MUM,S2,MUM,K10,morning,1,453.8,180.1,0.409,81.71,114.19,1.398,observed,B,23.0,2
C-S2-MUM,S2,MUM,K10,morning,5,426.6,73.8,0.118,31.49,33.05,1.05,observed,B,23.0,2
C-S2-MUM,S2,MUM,K10,morning,9,390.3,30.6,0.032,11.95,8.91,0.746,observed,B,23.0,2
C-S2-MUM,S2,MUM,K10,morning,13,344.9,14.4,0.011,4.97,3.12,0.627,observed,B,23.0,2
C-S2-MUM,S2,MUM,K10,afternoon,1,450.1,230.3,0.524,103.69,146.09,1.409,observed,B,23.0,2
C-S2-MUM,S2,MUM,K10,afternoon,5,423.1,94.4,0.152,39.96,42.28,1.058,observed,B,23.0,2
C-S2-MUM,S2,MUM,K10,afternoon,9,387.1,39.2,0.041,15.16,11.4,0.752,observed,B,23.0,2
C-S2-MUM,S2,MUM,K10,afternoon,13,342.1,18.4,0.014,6.3,3.99,0.633,observed,B,23.0,2
C-S2-MUM,S2,MUM,K10,evening,1,455.8,237.9,0.541,108.45,150.88,1.391,observed,B,23.0,2
C-S2-MUM,S2,MUM,K10,evening,5,428.5,97.5,0.157,41.8,43.67,1.045,observed,B,23.0,2
C-S2-MUM,S2,MUM,K10,evening,9,392.0,40.4,0.042,15.85,11.77,0.742,observed,B,23.0,2
C-S2-MUM,S2,MUM,K10,evening,13,346.4,19.0,0.015,6.59,4.12,0.625,observed,B,23.0,2
C-S2-BLR,S2,BLR,K01,night,1,219.7,107.9,1.611,23.71,449.49,18.958,observed,A,209.0,3
C-S2-BLR,S2,BLR,K01,night,5,206.5,44.3,0.466,9.14,130.09,14.236,observed,A,209.0,3
C-S2-BLR,S2,BLR,K01,night,9,188.9,18.3,0.126,3.47,35.06,10.114,observed,A,209.0,3
C-S2-BLR,S2,BLR,K01,night,13,167.0,8.6,0.044,1.44,12.27,8.511,observed,A,209.0,3
C-S2-BLR,S2,BLR,K01,morning,1,223.2,258.8,3.863,57.77,1077.67,18.656,observed,A,209.0,3
C-S2-BLR,S2,BLR,K01,morning,5,209.8,106.1,1.118,22.26,311.89,14.009,observed,A,209.0,3
C-S2-BLR,S2,BLR,K01,morning,9,192.0,44.0,0.301,8.45,84.06,9.953,observed,A,209.0,3
C-S2-BLR,S2,BLR,K01,morning,13,169.7,20.7,0.105,3.51,29.41,8.375,observed,A,209.0,3
C-S2-BLR,S2,BLR,K01,afternoon,1,224.0,328.7,4.907,73.64,1369.09,18.591,observed,A,209.0,3
C-S2-BLR,S2,BLR,K01,afternoon,5,210.6,134.8,1.42,28.38,396.23,13.961,observed,A,209.0,3
C-S2-BLR,S2,BLR,K01,afternoon,9,192.7,55.9,0.383,10.77,106.79,9.919,observed,A,209.0,3
C-S2-BLR,S2,BLR,K01,afternoon,13,170.3,26.3,0.134,4.48,37.37,8.346,observed,A,209.0,3
C-S2-BLR,S2,BLR,K01,evening,1,218.2,381.8,5.699,83.28,1589.9,19.091,observed,A,209.0,3
C-S2-BLR,S2,BLR,K01,evening,5,205.1,156.5,1.649,32.1,460.13,14.336,observed,A,209.0,3
C-S2-BLR,S2,BLR,K01,evening,9,187.6,64.9,0.444,12.18,124.01,10.185,observed,A,209.0,3
C-S2-BLR,S2,BLR,K01,evening,13,165.8,30.5,0.156,5.06,43.39,8.57,observed,A,209.0,3
C-S2-BLR,S2,BLR,K05,night,1,362.3,176.9,1.276,64.09,356.09,5.556,observed,A,227.0,2
C-S2-BLR,S2,BLR,K05,night,5,340.5,72.5,0.369,24.7,103.06,4.172,observed,A,227.0,2
C-S2-BLR,S2,BLR,K05,night,9,311.5,30.1,0.1,9.37,27.78,2.964,observed,A,227.0,2
C-S2-BLR,S2,BLR,K05,night,13,275.3,14.2,0.035,3.9,9.72,2.494,observed,A,227.0,2
C-S2-BLR,S2,BLR,K05,morning,1,350.2,430.8,3.108,150.86,867.15,5.748,observed,A,227.0,2
C-S2-BLR,S2,BLR,K05,morning,5,329.2,176.6,0.9,58.14,250.96,4.316,observed,A,227.0,2
C-S2-BLR,S2,BLR,K05,morning,9,301.2,73.2,0.242,22.06,67.64,3.067,observed,A,227.0,2
C-S2-BLR,S2,BLR,K05,morning,13,266.1,34.5,0.085,9.17,23.67,2.58,observed,A,227.0,2
C-S2-BLR,S2,BLR,K05,afternoon,1,349.5,551.4,3.978,192.71,1109.79,5.759,observed,A,227.0,2
C-S2-BLR,S2,BLR,K05,afternoon,5,328.5,226.1,1.151,74.27,321.19,4.325,observed,A,227.0,2
C-S2-BLR,S2,BLR,K05,afternoon,9,300.6,93.7,0.31,28.17,86.56,3.072,observed,A,227.0,2
C-S2-BLR,S2,BLR,K05,afternoon,13,265.6,44.1,0.109,11.72,30.29,2.585,observed,A,227.0,2
C-S2-BLR,S2,BLR,K05,evening,1,338.8,633.7,4.572,214.7,1275.53,5.941,observed,A,227.0,2
C-S2-BLR,S2,BLR,K05,evening,5,318.5,259.8,1.323,82.75,369.15,4.461,observed,A,227.0,2
C-S2-BLR,S2,BLR,K05,evening,9,291.4,107.7,0.357,31.39,99.49,3.17,observed,A,227.0,2
C-S2-BLR,S2,BLR,K05,evening,13,257.5,50.7,0.125,13.05,34.81,2.667,observed,A,227.0,2
C-S2-BLR,S2,BLR,K06,night,1,411.1,56.0,0.258,23.0,71.86,3.124,observed,B,24.0,3
C-S2-BLR,S2,BLR,K06,night,5,386.4,22.9,0.075,8.87,20.8,2.346,observed,B,24.0,3
C-S2-BLR,S2,BLR,K06,night,9,353.5,9.5,0.02,3.36,5.61,1.667,observed,B,24.0,3
C-S2-BLR,S2,BLR,K06,night,13,312.4,4.5,0.007,1.4,1.96,1.402,observed,B,24.0,3
C-S2-BLR,S2,BLR,K06,morning,1,395.7,134.4,0.619,53.18,172.56,3.245,observed,B,24.0,4
C-S2-BLR,S2,BLR,K06,morning,5,372.0,55.1,0.179,20.49,49.94,2.437,observed,B,24.0,4
C-S2-BLR,S2,BLR,K06,morning,9,340.3,22.8,0.048,7.77,13.46,1.731,observed,B,24.0,4
C-S2-BLR,S2,BLR,K06,morning,13,300.8,10.8,0.017,3.23,4.71,1.457,observed,B,24.0,4
C-S2-BLR,S2,BLR,K06,afternoon,1,392.9,166.9,0.768,65.59,214.37,3.268,observed,B,24.0,4
C-S2-BLR,S2,BLR,K06,afternoon,5,369.3,68.4,0.222,25.28,62.04,2.454,observed,B,24.0,4
C-S2-BLR,S2,BLR,K06,afternoon,9,337.9,28.4,0.06,9.59,16.72,1.744,observed,B,24.0,4
C-S2-BLR,S2,BLR,K06,afternoon,13,298.6,13.4,0.021,3.99,5.85,1.467,observed,B,24.0,4
C-S2-BLR,S2,BLR,K06,evening,1,383.6,196.9,0.906,75.55,252.88,3.347,observed,B,24.0,4
C-S2-BLR,S2,BLR,K06,evening,5,360.6,80.7,0.262,29.12,73.19,2.514,observed,B,24.0,4
C-S2-BLR,S2,BLR,K06,evening,9,329.9,33.5,0.071,11.05,19.72,1.786,observed,B,24.0,4
C-S2-BLR,S2,BLR,K06,evening,13,291.6,15.8,0.025,4.59,6.9,1.503,observed,B,24.0,4
C-S2-BLR,S2,BLR,K10,night,1,435.0,61.8,0.114,26.89,31.91,1.187,observed,B,18.0,2
C-S2-BLR,S2,BLR,K10,night,5,408.9,25.3,0.033,10.36,9.23,0.891,observed,B,18.0,2
C-S2-BLR,S2,BLR,K10,night,9,374.1,10.5,0.009,3.93,2.49,0.633,observed,B,18.0,2
C-S2-BLR,S2,BLR,K10,night,13,330.6,4.9,0.003,1.63,0.87,0.533,observed,B,18.0,2
C-S2-BLR,S2,BLR,K10,morning,1,422.8,171.6,0.317,72.53,88.57,1.221,observed,B,18.0,2
C-S2-BLR,S2,BLR,K10,morning,5,397.4,70.3,0.092,27.95,25.63,0.917,observed,B,18.0,2
C-S2-BLR,S2,BLR,K10,morning,9,363.6,29.2,0.025,10.6,6.91,0.652,observed,B,18.0,2
C-S2-BLR,S2,BLR,K10,morning,13,321.3,13.7,0.009,4.41,2.42,0.548,observed,B,18.0,2
C-S2-BLR,S2,BLR,K10,afternoon,1,425.3,211.0,0.39,89.74,108.95,1.214,observed,B,18.0,3
C-S2-BLR,S2,BLR,K10,afternoon,5,399.8,86.5,0.113,34.59,31.53,0.912,observed,B,18.0,3
C-S2-BLR,S2,BLR,K10,afternoon,9,365.7,35.9,0.03,13.12,8.5,0.648,observed,B,18.0,3
C-S2-BLR,S2,BLR,K10,afternoon,13,323.2,16.9,0.011,5.46,2.97,0.545,observed,B,18.0,3
C-S2-BLR,S2,BLR,K10,evening,1,419.0,253.6,0.469,106.27,130.95,1.232,observed,B,18.0,3
C-S2-BLR,S2,BLR,K10,evening,5,393.8,104.0,0.136,40.96,37.9,0.925,observed,B,18.0,3
C-S2-BLR,S2,BLR,K10,evening,9,360.3,43.1,0.037,15.54,10.21,0.657,observed,B,18.0,3
C-S2-BLR,S2,BLR,K10,evening,13,318.4,20.3,0.013,6.46,3.57,0.553,observed,B,18.0,3
C-S2-HYD,S2,HYD,K01,night,1,195.0,68.1,1.457,13.28,406.51,30.601,observed,A,117.0,4
C-S2-HYD,S2,HYD,K01,night,5,183.3,27.9,0.422,5.12,117.65,22.98,observed,A,117.0,4
C-S2-HYD,S2,HYD,K01,night,9,167.7,11.6,0.114,1.94,31.71,16.326,observed,A,117.0,4
C-S2-HYD,S2,HYD,K01,night,13,148.2,5.4,0.04,0.81,11.1,13.737,observed,A,117.0,4
C-S2-HYD,S2,HYD,K01,morning,1,201.3,176.7,3.78,35.57,1054.66,29.648,observed,A,117.0,4
C-S2-HYD,S2,HYD,K01,morning,5,189.2,72.4,1.094,13.71,305.23,22.264,observed,A,117.0,4
C-S2-HYD,S2,HYD,K01,morning,9,173.1,30.0,0.295,5.2,82.26,15.818,observed,A,117.0,4
C-S2-HYD,S2,HYD,K01,morning,13,153.0,14.1,0.103,2.16,28.79,13.31,observed,A,117.0,4
C-S2-HYD,S2,HYD,K01,afternoon,1,203.2,218.6,4.676,44.41,1304.65,29.374,observed,A,117.0,4
C-S2-HYD,S2,HYD,K01,afternoon,5,191.0,89.6,1.353,17.12,377.58,22.058,observed,A,117.0,4
C-S2-HYD,S2,HYD,K01,afternoon,9,174.7,37.2,0.365,6.49,101.76,15.672,observed,A,117.0,4
C-S2-HYD,S2,HYD,K01,afternoon,13,154.4,17.5,0.128,2.7,35.61,13.187,observed,A,117.0,4
C-S2-HYD,S2,HYD,K01,evening,1,201.4,195.8,4.188,39.42,1168.35,29.642,observed,A,117.0,5
C-S2-HYD,S2,HYD,K01,evening,5,189.3,80.3,1.212,15.19,338.13,22.259,observed,A,117.0,5
C-S2-HYD,S2,HYD,K01,evening,9,173.2,33.3,0.327,5.76,91.13,15.815,observed,A,117.0,5
C-S2-HYD,S2,HYD,K01,evening,13,153.0,15.7,0.114,2.4,31.89,13.307,observed,A,117.0,5
C-S2-HYD,S2,HYD,K05,night,1,316.2,104.9,0.806,33.17,224.97,6.783,observed,A,103.0,2
C-S2-HYD,S2,HYD,K05,night,5,297.3,43.0,0.233,12.78,65.11,5.093,observed,A,103.0,2
C-S2-HYD,S2,HYD,K05,night,9,272.0,17.8,0.063,4.85,17.55,3.619,observed,A,103.0,2
C-S2-HYD,S2,HYD,K05,night,13,240.3,8.4,0.022,2.02,6.14,3.045,observed,A,103.0,2
C-S2-HYD,S2,HYD,K05,morning,1,305.1,243.5,1.872,74.29,522.24,7.03,observed,A,103.0,2
C-S2-HYD,S2,HYD,K05,morning,5,286.8,99.8,0.542,28.63,151.14,5.279,observed,A,103.0,2
C-S2-HYD,S2,HYD,K05,morning,9,262.4,41.4,0.146,10.86,40.73,3.75,observed,A,103.0,2
C-S2-HYD,S2,HYD,K05,morning,13,231.9,19.5,0.051,4.52,14.25,3.156,observed,A,103.0,2
C-S2-HYD,S2,HYD,K05,afternoon,1,300.7,303.3,2.332,91.22,650.6,7.132,observed,A,103.0,2
C-S2-HYD,S2,HYD,K05,afternoon,5,282.7,124.4,0.675,35.16,188.29,5.356,observed,A,103.0,2
C-S2-HYD,S2,HYD,K05,afternoon,9,258.6,51.6,0.182,13.34,50.75,3.805,observed,A,103.0,2
C-S2-HYD,S2,HYD,K05,afternoon,13,228.6,24.3,0.064,5.55,17.76,3.202,observed,A,103.0,2
C-S2-HYD,S2,HYD,K05,evening,1,300.7,259.4,1.994,78.0,556.36,7.133,observed,A,103.0,2
C-S2-HYD,S2,HYD,K05,evening,5,282.6,106.3,0.577,30.06,161.02,5.357,observed,A,103.0,2
C-S2-HYD,S2,HYD,K05,evening,9,258.6,44.1,0.156,11.4,43.4,3.806,observed,A,103.0,2
C-S2-HYD,S2,HYD,K05,evening,13,228.5,20.8,0.054,4.74,15.19,3.202,observed,A,103.0,2
C-S2-HYD,S2,HYD,K06,night,1,351.8,49.0,0.221,17.22,61.68,3.581,observed,A,34.0,2
C-S2-HYD,S2,HYD,K06,night,5,330.7,20.1,0.064,6.64,17.85,2.689,observed,A,34.0,2
C-S2-HYD,S2,HYD,K06,night,9,302.5,8.3,0.017,2.52,4.81,1.911,observed,A,34.0,2
C-S2-HYD,S2,HYD,K06,night,13,267.4,3.9,0.006,1.05,1.68,1.608,observed,A,34.0,2
C-S2-HYD,S2,HYD,K06,morning,1,345.0,135.9,0.614,46.87,171.18,3.652,observed,A,34.0,2
C-S2-HYD,S2,HYD,K06,morning,5,324.3,55.7,0.178,18.06,49.54,2.742,observed,A,34.0,2
C-S2-HYD,S2,HYD,K06,morning,9,296.7,23.1,0.048,6.85,13.35,1.948,observed,A,34.0,2
C-S2-HYD,S2,HYD,K06,morning,13,262.2,10.9,0.017,2.85,4.67,1.639,observed,A,34.0,2
C-S2-HYD,S2,HYD,K06,afternoon,1,338.1,171.7,0.775,58.06,216.32,3.726,observed,A,34.0,2
C-S2-HYD,S2,HYD,K06,afternoon,5,317.8,70.4,0.224,22.38,62.61,2.798,observed,A,34.0,2
C-S2-HYD,S2,HYD,K06,afternoon,9,290.8,29.2,0.06,8.49,16.87,1.988,observed,A,34.0,2
C-S2-HYD,S2,HYD,K06,afternoon,13,257.0,13.7,0.021,3.53,5.9,1.673,observed,A,34.0,2
C-S2-HYD,S2,HYD,K06,evening,1,340.8,145.0,0.655,49.42,182.72,3.697,observed,A,34.0,2
C-S2-HYD,S2,HYD,K06,evening,5,320.3,59.5,0.19,19.05,52.88,2.776,observed,A,34.0,2
C-S2-HYD,S2,HYD,K06,evening,9,293.0,24.7,0.051,7.23,14.25,1.972,observed,A,34.0,2
C-S2-HYD,S2,HYD,K06,evening,13,259.0,11.6,0.018,3.0,4.99,1.66,observed,A,34.0,2
C-S2-HYD,S2,HYD,K10,night,1,376.3,41.5,0.104,15.62,29.14,1.865,observed,A,26.0,1
C-S2-HYD,S2,HYD,K10,night,5,353.7,17.0,0.03,6.02,8.43,1.4,observed,A,26.0,1
C-S2-HYD,S2,HYD,K10,night,9,323.6,7.1,0.008,2.28,2.27,0.995,observed,A,26.0,1
C-S2-HYD,S2,HYD,K10,night,13,286.0,3.3,0.003,0.95,0.8,0.837,observed,A,26.0,1
C-S2-HYD,S2,HYD,K10,morning,1,371.1,120.3,0.303,44.66,84.45,1.891,observed,A,26.0,2
C-S2-HYD,S2,HYD,K10,morning,5,348.8,49.3,0.088,17.21,24.44,1.42,observed,A,26.0,2
C-S2-HYD,S2,HYD,K10,morning,9,319.1,20.5,0.024,6.53,6.59,1.009,observed,A,26.0,2
C-S2-HYD,S2,HYD,K10,morning,13,282.0,9.6,0.008,2.72,2.3,0.849,observed,A,26.0,2
C-S2-HYD,S2,HYD,K10,afternoon,1,366.5,154.8,0.389,56.74,108.65,1.915,observed,A,26.0,2
C-S2-HYD,S2,HYD,K10,afternoon,5,344.5,63.5,0.113,21.87,31.44,1.438,observed,A,26.0,2
C-S2-HYD,S2,HYD,K10,afternoon,9,315.2,26.3,0.03,8.3,8.47,1.022,observed,A,26.0,2
C-S2-HYD,S2,HYD,K10,afternoon,13,278.5,12.4,0.011,3.45,2.97,0.86,observed,A,26.0,2
C-S2-HYD,S2,HYD,K10,evening,1,365.8,128.7,0.324,47.07,90.28,1.918,observed,A,26.0,2
C-S2-HYD,S2,HYD,K10,evening,5,343.9,52.8,0.094,18.14,26.13,1.44,observed,A,26.0,2
C-S2-HYD,S2,HYD,K10,evening,9,314.6,21.9,0.025,6.88,7.04,1.023,observed,A,26.0,2
C-S2-HYD,S2,HYD,K10,evening,13,278.0,10.3,0.009,2.86,2.46,0.861,observed,A,26.0,2
C-S2-PUN,S2,PUN,K01,night,1,183.6,40.8,0.669,7.49,186.62,24.928,observed,A,68.0,4
C-S2-PUN,S2,PUN,K01,night,5,172.6,16.7,0.194,2.89,54.01,18.72,observed,A,68.0,4
C-S2-PUN,S2,PUN,K01,night,9,157.9,6.9,0.052,1.09,14.56,13.3,observed,A,68.0,4
C-S2-PUN,S2,PUN,K01,night,13,139.6,3.3,0.018,0.46,5.09,11.191,observed,A,68.0,4
C-S2-PUN,S2,PUN,K01,morning,1,189.2,114.9,1.885,21.74,526.05,24.198,observed,A,68.0,4
C-S2-PUN,S2,PUN,K01,morning,5,177.8,47.1,0.546,8.38,152.25,18.172,observed,A,68.0,4
C-S2-PUN,S2,PUN,K01,morning,9,162.7,19.5,0.147,3.18,41.03,12.91,observed,A,68.0,4
C-S2-PUN,S2,PUN,K01,morning,13,143.8,9.2,0.051,1.32,14.36,10.863,observed,A,68.0,4
C-S2-PUN,S2,PUN,K01,afternoon,1,190.1,145.0,2.379,27.57,663.76,24.076,observed,A,68.0,4
C-S2-PUN,S2,PUN,K01,afternoon,5,178.7,59.4,0.689,10.63,192.1,18.08,observed,A,68.0,4
C-S2-PUN,S2,PUN,K01,afternoon,9,163.5,24.6,0.186,4.03,51.77,12.845,observed,A,68.0,4
C-S2-PUN,S2,PUN,K01,afternoon,13,144.5,11.6,0.065,1.68,18.12,10.808,observed,A,68.0,4
C-S2-PUN,S2,PUN,K01,evening,1,188.5,122.7,2.014,23.14,561.84,24.28,observed,A,68.0,4
C-S2-PUN,S2,PUN,K01,evening,5,177.2,50.3,0.583,8.92,162.6,18.233,observed,A,68.0,4
C-S2-PUN,S2,PUN,K01,evening,9,162.1,20.9,0.157,3.38,43.82,12.954,observed,A,68.0,4
C-S2-PUN,S2,PUN,K01,evening,13,143.3,9.8,0.055,1.41,15.33,10.9,observed,A,68.0,4
C-S2-PUN,S2,PUN,K05,night,1,308.9,63.7,0.558,19.67,155.75,7.918,observed,A,82.0,2
C-S2-PUN,S2,PUN,K05,night,5,290.4,26.1,0.162,7.58,45.08,5.946,observed,A,82.0,2
C-S2-PUN,S2,PUN,K05,night,9,265.7,10.8,0.044,2.88,12.15,4.224,observed,A,82.0,2
C-S2-PUN,S2,PUN,K05,night,13,234.8,5.1,0.015,1.2,4.25,3.555,observed,A,82.0,2
C-S2-PUN,S2,PUN,K05,morning,1,296.8,162.8,1.428,48.33,398.3,8.241,observed,A,82.0,2
C-S2-PUN,S2,PUN,K05,morning,5,279.0,66.8,0.413,18.63,115.27,6.189,observed,A,82.0,2
C-S2-PUN,S2,PUN,K05,morning,9,255.3,27.7,0.111,7.07,31.07,4.397,observed,A,82.0,2
C-S2-PUN,S2,PUN,K05,morning,13,225.6,13.0,0.039,2.94,10.87,3.7,observed,A,82.0,2
C-S2-PUN,S2,PUN,K05,afternoon,1,297.6,193.5,1.696,57.58,473.3,8.22,observed,A,82.0,2
C-S2-PUN,S2,PUN,K05,afternoon,5,279.7,79.3,0.491,22.19,136.98,6.172,observed,A,82.0,2
C-S2-PUN,S2,PUN,K05,afternoon,9,255.9,32.9,0.132,8.42,36.92,4.385,observed,A,82.0,2
C-S2-PUN,S2,PUN,K05,afternoon,13,226.2,15.5,0.046,3.5,12.92,3.69,observed,A,82.0,2
C-S2-PUN,S2,PUN,K05,evening,1,294.3,171.1,1.5,50.36,418.51,8.311,observed,A,82.0,2
C-S2-PUN,S2,PUN,K05,evening,5,276.7,70.1,0.434,19.41,121.12,6.241,observed,A,82.0,2
C-S2-PUN,S2,PUN,K05,evening,9,253.1,29.1,0.117,7.36,32.64,4.434,observed,A,82.0,2
C-S2-PUN,S2,PUN,K05,evening,13,223.7,13.7,0.041,3.06,11.42,3.731,observed,A,82.0,2
C-S2-PUN,S2,PUN,K06,night,1,351.4,21.6,0.107,7.58,29.93,3.948,observed,B,16.0,3
C-S2-PUN,S2,PUN,K06,night,5,330.3,8.8,0.031,2.92,8.66,2.965,observed,B,16.0,3
C-S2-PUN,S2,PUN,K06,night,9,302.2,3.7,0.008,1.11,2.33,2.106,observed,B,16.0,3
C-S2-PUN,S2,PUN,K06,night,13,267.1,1.7,0.003,0.46,0.82,1.772,observed,B,16.0,3
C-S2-PUN,S2,PUN,K06,morning,1,347.6,68.7,0.342,23.89,95.35,3.991,observed,B,16.0,3
C-S2-PUN,S2,PUN,K06,morning,5,326.8,28.2,0.099,9.21,27.6,2.997,observed,B,16.0,3
C-S2-PUN,S2,PUN,K06,morning,9,299.0,11.7,0.027,3.49,7.44,2.129,observed,B,16.0,3
C-S2-PUN,S2,PUN,K06,morning,13,264.2,5.5,0.009,1.45,2.6,1.792,observed,B,16.0,3
C-S2-PUN,S2,PUN,K06,afternoon,1,344.3,94.8,0.471,32.64,131.52,4.03,observed,B,16.0,3
C-S2-PUN,S2,PUN,K06,afternoon,5,323.6,38.9,0.136,12.58,38.06,3.026,observed,B,16.0,3
C-S2-PUN,S2,PUN,K06,afternoon,9,296.1,16.1,0.037,4.77,10.26,2.15,observed,B,16.0,3
C-S2-PUN,S2,PUN,K06,afternoon,13,261.7,7.6,0.013,1.98,3.59,1.809,observed,B,16.0,3
C-S2-PUN,S2,PUN,K06,evening,1,343.8,76.2,0.379,26.21,105.76,4.035,observed,B,16.0,3
C-S2-PUN,S2,PUN,K06,evening,5,323.2,31.3,0.11,10.1,30.61,3.03,observed,B,16.0,3
C-S2-PUN,S2,PUN,K06,evening,9,295.7,13.0,0.03,3.83,8.25,2.153,observed,B,16.0,3
C-S2-PUN,S2,PUN,K06,evening,13,261.3,6.1,0.01,1.59,2.89,1.812,observed,B,16.0,3
C-S2-PUN,S2,PUN,K10,night,1,365.4,22.0,0.038,8.03,10.58,1.318,observed,C,7.0,1
C-S2-PUN,S2,PUN,K10,night,5,343.5,9.0,0.011,3.1,3.06,0.99,observed,C,7.0,1
C-S2-PUN,S2,PUN,K10,night,9,314.3,3.7,0.003,1.17,0.83,0.703,observed,C,7.0,1
C-S2-PUN,S2,PUN,K10,night,13,277.7,1.8,0.001,0.49,0.29,0.592,observed,C,7.0,1
C-S2-PUN,S2,PUN,K10,morning,1,361.1,69.1,0.119,24.94,33.26,1.334,observed,C,7.0,2
C-S2-PUN,S2,PUN,K10,morning,5,339.5,28.3,0.035,9.61,9.63,1.001,observed,C,7.0,2
C-S2-PUN,S2,PUN,K10,morning,9,310.6,11.7,0.009,3.65,2.59,0.711,observed,C,7.0,2
C-S2-PUN,S2,PUN,K10,morning,13,274.5,5.5,0.003,1.52,0.91,0.599,observed,C,7.0,2
C-S2-PUN,S2,PUN,K10,afternoon,1,360.3,92.2,0.159,33.23,44.42,1.337,observed,C,7.0,2
C-S2-PUN,S2,PUN,K10,afternoon,5,338.7,37.8,0.046,12.81,12.86,1.004,observed,C,7.0,2
C-S2-PUN,S2,PUN,K10,afternoon,9,309.8,15.7,0.012,4.86,3.46,0.713,observed,C,7.0,2
C-S2-PUN,S2,PUN,K10,afternoon,13,273.8,7.4,0.004,2.02,1.21,0.6,observed,C,7.0,2
C-S2-PUN,S2,PUN,K10,evening,1,356.2,71.6,0.124,25.5,34.47,1.352,observed,C,7.0,2
C-S2-PUN,S2,PUN,K10,evening,5,334.8,29.3,0.036,9.83,9.98,1.015,observed,C,7.0,2
C-S2-PUN,S2,PUN,K10,evening,9,306.3,12.2,0.01,3.73,2.69,0.721,observed,C,7.0,2
C-S2-PUN,S2,PUN,K10,evening,13,270.7,5.7,0.003,1.55,0.94,0.607,observed,C,7.0,2
C-S3-DEL,S3,DEL,K01,night,1,200.8,129.4,2.029,25.99,302.35,11.635,observed,A,336.0,2
C-S3-DEL,S3,DEL,K01,night,5,188.8,53.1,0.587,10.01,87.5,8.737,observed,A,336.0,2
C-S3-DEL,S3,DEL,K01,night,9,172.7,22.0,0.158,3.8,23.58,6.208,observed,A,336.0,2
C-S3-DEL,S3,DEL,K01,night,13,152.6,10.4,0.055,1.58,8.25,5.223,observed,A,336.0,2
C-S3-DEL,S3,DEL,K01,morning,1,201.4,309.8,4.858,62.39,723.89,11.603,observed,A,336.0,2
C-S3-DEL,S3,DEL,K01,morning,5,189.3,127.0,1.406,24.04,209.5,8.713,observed,A,336.0,2
C-S3-DEL,S3,DEL,K01,morning,9,173.2,52.7,0.379,9.12,56.46,6.191,observed,A,336.0,2
C-S3-DEL,S3,DEL,K01,morning,13,153.0,24.8,0.133,3.79,19.76,5.209,observed,A,336.0,2
C-S3-DEL,S3,DEL,K01,afternoon,1,202.3,393.6,6.172,79.62,919.65,11.55,observed,A,336.0,2
C-S3-DEL,S3,DEL,K01,afternoon,5,190.1,161.4,1.786,30.69,266.16,8.674,observed,A,336.0,2
C-S3-DEL,S3,DEL,K01,afternoon,9,174.0,66.9,0.481,11.64,71.73,6.162,observed,A,336.0,2
C-S3-DEL,S3,DEL,K01,afternoon,13,153.7,31.5,0.168,4.84,25.1,5.185,observed,A,336.0,2
C-S3-DEL,S3,DEL,K01,evening,1,201.7,417.2,6.543,84.15,974.86,11.585,observed,A,336.0,2
C-S3-DEL,S3,DEL,K01,evening,5,189.6,171.1,1.894,32.43,282.13,8.7,observed,A,336.0,2
C-S3-DEL,S3,DEL,K01,evening,9,173.4,70.9,0.51,12.3,76.04,6.181,observed,A,336.0,2
C-S3-DEL,S3,DEL,K01,evening,13,153.3,33.4,0.179,5.12,26.61,5.201,observed,A,336.0,2
C-S3-DEL,S3,DEL,K02,night,1,209.7,66.9,1.608,14.03,239.65,17.085,observed,A,251.0,2
C-S3-DEL,S3,DEL,K02,night,5,197.1,27.4,0.465,5.41,69.36,12.83,observed,A,251.0,2
C-S3-DEL,S3,DEL,K02,night,9,180.3,11.4,0.125,2.05,18.69,9.115,observed,A,251.0,2
C-S3-DEL,S3,DEL,K02,night,13,159.3,5.4,0.044,0.85,6.54,7.67,observed,A,251.0,2
C-S3-DEL,S3,DEL,K02,morning,1,204.3,154.6,3.716,31.59,553.7,17.53,observed,A,251.0,2
C-S3-DEL,S3,DEL,K02,morning,5,192.1,63.4,1.075,12.17,160.25,13.164,observed,A,251.0,2
C-S3-DEL,S3,DEL,K02,morning,9,175.7,26.3,0.29,4.62,43.19,9.353,observed,A,251.0,2
C-S3-DEL,S3,DEL,K02,morning,13,155.3,12.4,0.101,1.92,15.11,7.87,observed,A,251.0,2
C-S3-DEL,S3,DEL,K02,afternoon,1,204.9,197.5,4.747,40.47,707.35,17.48,observed,A,251.0,2
C-S3-DEL,S3,DEL,K02,afternoon,5,192.6,81.0,1.374,15.6,204.71,13.127,observed,A,251.0,2
C-S3-DEL,S3,DEL,K02,afternoon,9,176.2,33.6,0.37,5.92,55.17,9.326,observed,A,251.0,2
C-S3-DEL,S3,DEL,K02,afternoon,13,155.7,15.8,0.13,2.46,19.31,7.847,observed,A,251.0,2
C-S3-DEL,S3,DEL,K02,evening,1,201.0,179.1,4.305,35.99,641.46,17.825,observed,A,251.0,2
C-S3-DEL,S3,DEL,K02,evening,5,188.9,73.4,1.246,13.87,185.65,13.386,observed,A,251.0,2
C-S3-DEL,S3,DEL,K02,evening,9,172.8,30.4,0.336,5.26,50.03,9.51,observed,A,251.0,2
C-S3-DEL,S3,DEL,K02,evening,13,152.7,14.3,0.118,2.19,17.51,8.002,observed,A,251.0,2
C-S3-DEL,S3,DEL,K03,night,1,286.4,856.0,5.024,245.18,748.64,3.053,observed,A,605.0,2
C-S3-DEL,S3,DEL,K03,night,5,269.2,351.0,1.454,94.49,216.67,2.293,observed,A,605.0,2
C-S3-DEL,S3,DEL,K03,night,9,246.3,145.5,0.392,35.85,58.39,1.629,observed,A,605.0,2
C-S3-DEL,S3,DEL,K03,night,13,217.7,68.5,0.137,14.91,20.43,1.371,observed,A,605.0,2
C-S3-DEL,S3,DEL,K03,morning,1,282.4,1994.7,11.708,563.28,1744.56,3.097,observed,A,605.0,3
C-S3-DEL,S3,DEL,K03,morning,5,265.4,817.8,3.389,217.09,504.9,2.326,observed,A,605.0,3
C-S3-DEL,S3,DEL,K03,morning,9,242.9,339.1,0.913,82.35,136.08,1.652,observed,A,605.0,3
C-S3-DEL,S3,DEL,K03,morning,13,214.6,159.6,0.32,34.25,47.62,1.39,observed,A,605.0,3
C-S3-DEL,S3,DEL,K03,afternoon,1,281.8,2483.9,14.58,700.06,2172.35,3.103,observed,A,605.0,3
C-S3-DEL,S3,DEL,K03,afternoon,5,264.9,1018.4,4.219,269.8,628.7,2.33,observed,A,605.0,3
C-S3-DEL,S3,DEL,K03,afternoon,9,242.4,422.3,1.137,102.35,169.44,1.656,observed,A,605.0,3
C-S3-DEL,S3,DEL,K03,afternoon,13,214.2,198.7,0.398,42.56,59.29,1.393,observed,A,605.0,3
C-S3-DEL,S3,DEL,K03,evening,1,276.6,2405.4,14.119,665.4,2103.77,3.162,observed,A,605.0,2
C-S3-DEL,S3,DEL,K03,evening,5,260.0,986.2,4.086,256.45,608.86,2.374,observed,A,605.0,2
C-S3-DEL,S3,DEL,K03,evening,9,237.9,408.9,1.101,97.28,164.09,1.687,observed,A,605.0,2
C-S3-DEL,S3,DEL,K03,evening,13,210.2,192.4,0.385,40.46,57.42,1.419,observed,A,605.0,2
C-S3-DEL,S3,DEL,K04,night,1,280.8,228.6,1.718,64.2,256.05,3.988,observed,A,236.0,2
C-S3-DEL,S3,DEL,K04,night,5,263.9,93.7,0.497,24.74,74.1,2.995,observed,A,236.0,2
C-S3-DEL,S3,DEL,K04,night,9,241.5,38.9,0.134,9.39,19.97,2.128,observed,A,236.0,2
C-S3-DEL,S3,DEL,K04,night,13,213.4,18.3,0.047,3.9,6.99,1.79,observed,A,236.0,2
C-S3-DEL,S3,DEL,K04,morning,1,274.5,504.0,3.788,138.35,564.44,4.08,observed,A,236.0,2
C-S3-DEL,S3,DEL,K04,morning,5,258.0,206.6,1.096,53.32,163.36,3.064,observed,A,236.0,2
C-S3-DEL,S3,DEL,K04,morning,9,236.1,85.7,0.295,20.23,44.03,2.177,observed,A,236.0,2
C-S3-DEL,S3,DEL,K04,morning,13,208.6,40.3,0.103,8.41,15.41,1.831,observed,A,236.0,2
C-S3-DEL,S3,DEL,K04,afternoon,1,269.3,657.8,4.944,177.11,736.62,4.159,observed,A,236.0,2
C-S3-DEL,S3,DEL,K04,afternoon,5,253.1,269.7,1.431,68.26,213.19,3.123,observed,A,236.0,2
C-S3-DEL,S3,DEL,K04,afternoon,9,231.6,111.8,0.386,25.89,57.46,2.219,observed,A,236.0,2
C-S3-DEL,S3,DEL,K04,afternoon,13,204.6,52.6,0.135,10.77,20.11,1.867,observed,A,236.0,2
C-S3-DEL,S3,DEL,K04,evening,1,266.3,620.8,4.666,165.34,695.24,4.205,observed,A,236.0,2
C-S3-DEL,S3,DEL,K04,evening,5,250.3,254.5,1.35,63.72,201.21,3.158,observed,A,236.0,2
C-S3-DEL,S3,DEL,K04,evening,9,229.0,105.5,0.364,24.17,54.23,2.243,observed,A,236.0,2
C-S3-DEL,S3,DEL,K04,evening,13,202.4,49.7,0.127,10.05,18.98,1.888,observed,A,236.0,2
C-S3-DEL,S3,DEL,K09,night,1,416.4,207.6,0.506,86.43,75.37,0.872,observed,A,93.0,2
C-S3-DEL,S3,DEL,K09,night,5,391.4,85.1,0.146,33.31,21.81,0.655,observed,A,93.0,2
C-S3-DEL,S3,DEL,K09,night,9,358.1,35.3,0.039,12.64,5.88,0.465,observed,A,93.0,2
C-S3-DEL,S3,DEL,K09,night,13,316.4,16.6,0.014,5.25,2.06,0.391,observed,A,93.0,2
C-S3-DEL,S3,DEL,K09,morning,1,405.3,480.2,1.17,194.65,174.36,0.896,observed,A,93.0,2
C-S3-DEL,S3,DEL,K09,morning,5,381.0,196.9,0.339,75.02,50.46,0.673,observed,A,93.0,2
C-S3-DEL,S3,DEL,K09,morning,9,348.6,81.6,0.091,28.46,13.6,0.478,observed,A,93.0,2
C-S3-DEL,S3,DEL,K09,morning,13,308.1,38.4,0.032,11.83,4.76,0.402,observed,A,93.0,2
C-S3-DEL,S3,DEL,K09,afternoon,1,408.0,590.2,1.438,240.77,214.3,0.89,observed,A,93.0,2
C-S3-DEL,S3,DEL,K09,afternoon,5,383.5,242.0,0.416,92.79,62.02,0.668,observed,A,93.0,2
C-S3-DEL,S3,DEL,K09,afternoon,9,350.8,100.3,0.112,35.2,16.72,0.475,observed,A,93.0,2
C-S3-DEL,S3,DEL,K09,afternoon,13,310.0,47.2,0.039,14.64,5.85,0.4,observed,A,93.0,2
C-S3-DEL,S3,DEL,K09,evening,1,405.5,545.0,1.328,220.99,197.91,0.896,observed,A,93.0,2
C-S3-DEL,S3,DEL,K09,evening,5,381.1,223.5,0.384,85.17,57.28,0.672,observed,A,93.0,2
C-S3-DEL,S3,DEL,K09,evening,9,348.7,92.7,0.104,32.31,15.44,0.478,observed,A,93.0,2
C-S3-DEL,S3,DEL,K09,evening,13,308.1,43.6,0.036,13.44,5.4,0.402,observed,A,93.0,2
C-S3-MUM,S3,MUM,K01,night,1,229.4,107.0,1.741,24.55,259.47,10.57,observed,A,78.0,6
C-S3-MUM,S3,MUM,K01,night,5,215.6,43.9,0.504,9.46,75.09,7.938,observed,A,78.0,6
C-S3-MUM,S3,MUM,K01,night,9,197.2,18.2,0.136,3.59,20.24,5.639,observed,A,78.0,6
C-S3-MUM,S3,MUM,K01,night,13,174.3,8.6,0.048,1.49,7.08,4.745,observed,A,78.0,6
C-S3-MUM,S3,MUM,K01,morning,1,231.6,214.0,3.482,49.56,518.79,10.468,observed,A,78.0,6
C-S3-MUM,S3,MUM,K01,morning,5,217.7,87.7,1.008,19.1,150.14,7.86,observed,A,78.0,6
C-S3-MUM,S3,MUM,K01,morning,9,199.2,36.4,0.272,7.25,40.47,5.585,observed,A,78.0,6
C-S3-MUM,S3,MUM,K01,morning,13,176.0,17.1,0.095,3.01,14.16,4.699,observed,A,78.0,6
C-S3-MUM,S3,MUM,K01,afternoon,1,232.5,262.1,4.265,60.94,635.48,10.428,observed,A,78.0,6
C-S3-MUM,S3,MUM,K01,afternoon,5,218.5,107.5,1.234,23.49,183.92,7.831,observed,A,78.0,6
C-S3-MUM,S3,MUM,K01,afternoon,9,199.9,44.6,0.333,8.91,49.57,5.564,observed,A,78.0,6
C-S3-MUM,S3,MUM,K01,afternoon,13,176.7,21.0,0.116,3.71,17.34,4.681,observed,A,78.0,6
C-S3-MUM,S3,MUM,K01,evening,1,228.2,292.6,4.761,66.78,709.43,10.623,observed,A,78.0,5
C-S3-MUM,S3,MUM,K01,evening,5,214.5,120.0,1.378,25.74,205.32,7.978,observed,A,78.0,5
C-S3-MUM,S3,MUM,K01,evening,9,196.3,49.7,0.371,9.76,55.34,5.668,observed,A,78.0,5
C-S3-MUM,S3,MUM,K01,evening,13,173.4,23.4,0.13,4.06,19.36,4.769,observed,A,78.0,5
C-S3-MUM,S3,MUM,K02,night,1,243.0,39.7,1.043,9.65,155.43,16.108,observed,A,177.0,2
C-S3-MUM,S3,MUM,K02,night,5,228.4,16.3,0.302,3.72,44.98,12.096,observed,A,177.0,2
C-S3-MUM,S3,MUM,K02,night,9,209.0,6.8,0.081,1.41,12.12,8.594,observed,A,177.0,2
C-S3-MUM,S3,MUM,K02,night,13,184.7,3.2,0.028,0.59,4.24,7.231,observed,A,177.0,2
C-S3-MUM,S3,MUM,K02,morning,1,241.1,94.9,2.493,22.88,371.44,16.232,observed,A,177.0,2
C-S3-MUM,S3,MUM,K02,morning,5,226.7,38.9,0.721,8.82,107.5,12.189,observed,A,177.0,2
C-S3-MUM,S3,MUM,K02,morning,9,207.4,16.1,0.194,3.35,28.97,8.66,observed,A,177.0,2
C-S3-MUM,S3,MUM,K02,morning,13,183.3,7.6,0.068,1.39,10.14,7.287,observed,A,177.0,2
C-S3-MUM,S3,MUM,K02,afternoon,1,239.8,120.3,3.161,28.86,470.99,16.32,observed,A,177.0,2
C-S3-MUM,S3,MUM,K02,afternoon,5,225.4,49.3,0.915,11.12,136.31,12.255,observed,A,177.0,2
C-S3-MUM,S3,MUM,K02,afternoon,9,206.2,20.5,0.247,4.22,36.74,8.707,observed,A,177.0,2
C-S3-MUM,S3,MUM,K02,afternoon,13,182.3,9.6,0.086,1.75,12.86,7.326,observed,A,177.0,2
C-S3-MUM,S3,MUM,K02,evening,1,235.5,128.2,3.367,30.19,501.69,16.617,observed,A,177.0,2
C-S3-MUM,S3,MUM,K02,evening,5,221.4,52.6,0.974,11.64,145.19,12.479,observed,A,177.0,2
C-S3-MUM,S3,MUM,K02,evening,9,202.6,21.8,0.263,4.41,39.13,8.866,observed,A,177.0,2
C-S3-MUM,S3,MUM,K02,evening,13,179.0,10.3,0.092,1.84,13.69,7.46,observed,A,177.0,2
C-S3-MUM,S3,MUM,K03,night,1,340.5,546.8,3.212,186.2,478.62,2.571,observed,A,238.0,4
C-S3-MUM,S3,MUM,K03,night,5,320.1,224.2,0.93,71.76,138.52,1.93,observed,A,238.0,4
C-S3-MUM,S3,MUM,K03,night,9,292.8,93.0,0.251,27.22,37.33,1.371,observed,A,238.0,4
C-S3-MUM,S3,MUM,K03,night,13,258.8,43.7,0.088,11.32,13.06,1.154,observed,A,238.0,4
C-S3-MUM,S3,MUM,K03,morning,1,335.9,1049.1,6.163,352.36,918.25,2.606,observed,A,238.0,4
C-S3-MUM,S3,MUM,K03,morning,5,315.7,430.1,1.784,135.8,265.75,1.957,observed,A,238.0,4
C-S3-MUM,S3,MUM,K03,morning,9,288.9,178.3,0.481,51.51,71.62,1.39,observed,A,238.0,4
C-S3-MUM,S3,MUM,K03,morning,13,255.3,83.9,0.168,21.42,25.06,1.17,observed,A,238.0,4
C-S3-MUM,S3,MUM,K03,afternoon,1,334.9,1261.9,7.413,422.65,1104.58,2.613,observed,A,238.0,4
C-S3-MUM,S3,MUM,K03,afternoon,5,314.8,517.4,2.145,162.89,319.68,1.963,observed,A,238.0,4
C-S3-MUM,S3,MUM,K03,afternoon,9,288.0,214.5,0.578,61.79,86.16,1.394,observed,A,238.0,4
C-S3-MUM,S3,MUM,K03,afternoon,13,254.5,101.0,0.202,25.7,30.15,1.173,observed,A,238.0,4
C-S3-MUM,S3,MUM,K03,evening,1,332.1,1380.4,8.109,458.37,1208.28,2.636,observed,A,238.0,4
C-S3-MUM,S3,MUM,K03,evening,5,312.1,566.0,2.347,176.66,349.69,1.98,observed,A,238.0,4
C-S3-MUM,S3,MUM,K03,evening,9,285.6,234.7,0.633,67.01,94.25,1.406,observed,A,238.0,4
C-S3-MUM,S3,MUM,K03,evening,13,252.4,110.4,0.221,27.87,32.98,1.183,observed,A,238.0,4
C-S3-MUM,S3,MUM,K04,night,1,325.5,177.5,1.267,57.78,188.78,3.267,observed,A,201.0,2
C-S3-MUM,S3,MUM,K04,night,5,306.0,72.8,0.367,22.27,54.64,2.453,observed,A,201.0,2
C-S3-MUM,S3,MUM,K04,night,9,280.0,30.2,0.099,8.45,14.72,1.743,observed,A,201.0,2
C-S3-MUM,S3,MUM,K04,night,13,247.4,14.2,0.035,3.51,5.15,1.467,observed,A,201.0,2
C-S3-MUM,S3,MUM,K04,morning,1,322.3,352.2,2.514,113.5,374.54,3.3,observed,A,201.0,2
C-S3-MUM,S3,MUM,K04,morning,5,303.0,144.4,0.727,43.74,108.4,2.478,observed,A,201.0,2
C-S3-MUM,S3,MUM,K04,morning,9,277.2,59.9,0.196,16.59,29.21,1.761,observed,A,201.0,2
C-S3-MUM,S3,MUM,K04,morning,13,244.9,28.2,0.069,6.9,10.22,1.481,observed,A,201.0,2
C-S3-MUM,S3,MUM,K04,afternoon,1,321.2,446.3,3.186,143.38,474.67,3.311,observed,A,201.0,2
C-S3-MUM,S3,MUM,K04,afternoon,5,302.0,183.0,0.922,55.26,137.38,2.486,observed,A,201.0,2
C-S3-MUM,S3,MUM,K04,afternoon,9,276.3,75.9,0.248,20.96,37.02,1.766,observed,A,201.0,2
C-S3-MUM,S3,MUM,K04,afternoon,13,244.1,35.7,0.087,8.72,12.96,1.486,observed,A,201.0,2
C-S3-MUM,S3,MUM,K04,evening,1,317.7,470.7,3.36,149.53,500.6,3.348,observed,A,201.0,2
C-S3-MUM,S3,MUM,K04,evening,5,298.6,193.0,0.972,57.63,144.88,2.514,observed,A,201.0,2
C-S3-MUM,S3,MUM,K04,evening,9,273.2,80.0,0.262,21.86,39.05,1.786,observed,A,201.0,2
C-S3-MUM,S3,MUM,K04,evening,13,241.4,37.7,0.092,9.09,13.66,1.503,observed,A,201.0,2
C-S3-MUM,S3,MUM,K09,night,1,467.8,241.8,0.579,113.09,86.26,0.763,observed,A,106.0,1
C-S3-MUM,S3,MUM,K09,night,5,439.7,99.1,0.168,43.59,24.96,0.573,observed,A,106.0,1
C-S3-MUM,S3,MUM,K09,night,9,402.3,41.1,0.045,16.53,6.73,0.407,observed,A,106.0,1
C-S3-MUM,S3,MUM,K09,night,13,355.5,19.3,0.016,6.88,2.35,0.342,observed,A,106.0,1
C-S3-MUM,S3,MUM,K09,morning,1,469.8,491.7,1.178,231.01,175.45,0.759,observed,A,106.0,2
C-S3-MUM,S3,MUM,K09,morning,5,441.6,201.6,0.341,89.03,50.78,0.57,observed,A,106.0,2
C-S3-MUM,S3,MUM,K09,morning,9,404.0,83.6,0.092,33.77,13.69,0.405,observed,A,106.0,2
C-S3-MUM,S3,MUM,K09,morning,13,357.0,39.3,0.032,14.05,4.79,0.341,observed,A,106.0,2
C-S3-MUM,S3,MUM,K09,afternoon,1,465.9,618.3,1.481,288.05,220.6,0.766,observed,A,106.0,1
C-S3-MUM,S3,MUM,K09,afternoon,5,437.9,253.5,0.428,111.02,63.85,0.575,observed,A,106.0,1
C-S3-MUM,S3,MUM,K09,afternoon,9,400.7,105.1,0.115,42.11,17.21,0.409,observed,A,106.0,1
C-S3-MUM,S3,MUM,K09,afternoon,13,354.1,49.5,0.04,17.51,6.02,0.344,observed,A,106.0,1
C-S3-MUM,S3,MUM,K09,evening,1,464.1,632.4,1.514,293.52,225.65,0.769,observed,A,106.0,1
C-S3-MUM,S3,MUM,K09,evening,5,436.3,259.3,0.438,113.12,65.3,0.577,observed,A,106.0,1
C-S3-MUM,S3,MUM,K09,evening,9,399.1,107.5,0.118,42.91,17.6,0.41,observed,A,106.0,1
C-S3-MUM,S3,MUM,K09,evening,13,352.7,50.6,0.041,17.85,6.16,0.345,observed,A,106.0,1
C-S3-BLR,S3,BLR,K01,night,1,222.6,86.9,1.487,19.36,221.61,11.45,observed,A,71.0,5
C-S3-BLR,S3,BLR,K01,night,5,209.3,35.6,0.43,7.46,64.14,8.598,observed,A,71.0,5
C-S3-BLR,S3,BLR,K01,night,9,191.4,14.8,0.116,2.83,17.29,6.109,observed,A,71.0,5
C-S3-BLR,S3,BLR,K01,night,13,169.2,7.0,0.041,1.18,6.05,5.14,observed,A,71.0,5
C-S3-BLR,S3,BLR,K01,morning,1,227.0,204.2,3.494,46.36,520.59,11.229,observed,A,71.0,5
C-S3-BLR,S3,BLR,K01,morning,5,213.4,83.7,1.011,17.87,150.66,8.432,observed,A,71.0,5
C-S3-BLR,S3,BLR,K01,morning,9,195.2,34.7,0.273,6.78,40.61,5.991,observed,A,71.0,5
C-S3-BLR,S3,BLR,K01,morning,13,172.5,16.3,0.095,2.82,14.21,5.041,observed,A,71.0,5
C-S3-BLR,S3,BLR,K01,afternoon,1,228.9,258.2,4.417,59.1,658.16,11.137,observed,A,71.0,5
C-S3-BLR,S3,BLR,K01,afternoon,5,215.1,105.9,1.278,22.78,190.48,8.363,observed,A,71.0,5
C-S3-BLR,S3,BLR,K01,afternoon,9,196.8,43.9,0.345,8.64,51.34,5.942,observed,A,71.0,5
C-S3-BLR,S3,BLR,K01,afternoon,13,173.9,20.7,0.121,3.59,17.96,4.999,observed,A,71.0,5
C-S3-BLR,S3,BLR,K01,evening,1,225.1,215.5,3.687,48.51,549.32,11.323,truncated,A,71.0,5
C-S3-BLR,S3,BLR,K01,evening,5,211.6,88.4,1.067,18.7,158.98,8.503,truncated,A,71.0,5
C-S3-BLR,S3,BLR,K01,evening,9,193.6,36.6,0.288,7.09,42.85,6.041,truncated,A,71.0,5
C-S3-BLR,S3,BLR,K01,evening,13,171.1,17.2,0.101,2.95,14.99,5.083,truncated,A,71.0,5
C-S3-BLR,S3,BLR,K02,night,1,233.3,28.4,0.804,6.62,119.79,18.084,observed,A,139.0,2
C-S3-BLR,S3,BLR,K02,night,5,219.3,11.6,0.233,2.55,34.67,13.58,observed,A,139.0,2
C-S3-BLR,S3,BLR,K02,night,9,200.6,4.8,0.063,0.97,9.34,9.648,observed,A,139.0,2
C-S3-BLR,S3,BLR,K02,night,13,177.3,2.3,0.022,0.4,3.27,8.118,observed,A,139.0,2
C-S3-BLR,S3,BLR,K02,morning,1,230.1,85.6,2.423,19.68,360.97,18.338,observed,A,139.0,2
C-S3-BLR,S3,BLR,K02,morning,5,216.3,35.1,0.701,7.59,104.47,13.77,observed,A,139.0,2
C-S3-BLR,S3,BLR,K02,morning,9,197.9,14.5,0.189,2.88,28.16,9.783,observed,A,139.0,2
C-S3-BLR,S3,BLR,K02,morning,13,174.9,6.8,0.066,1.2,9.85,8.232,observed,A,139.0,2
C-S3-BLR,S3,BLR,K02,afternoon,1,233.1,111.1,3.146,25.9,468.78,18.1,observed,A,139.0,2
C-S3-BLR,S3,BLR,K02,afternoon,5,219.1,45.6,0.911,9.98,135.67,13.592,observed,A,139.0,2
C-S3-BLR,S3,BLR,K02,afternoon,9,200.5,18.9,0.245,3.79,36.57,9.657,observed,A,139.0,2
C-S3-BLR,S3,BLR,K02,afternoon,13,177.1,8.9,0.086,1.57,12.8,8.125,observed,A,139.0,2
C-S3-BLR,S3,BLR,K02,evening,1,233.9,74.2,2.102,17.36,313.19,18.038,truncated,A,139.0,2
C-S3-BLR,S3,BLR,K02,evening,5,219.9,30.4,0.608,6.69,90.64,13.545,truncated,A,139.0,2
C-S3-BLR,S3,BLR,K02,evening,9,201.1,12.6,0.164,2.54,24.43,9.623,truncated,A,139.0,2
C-S3-BLR,S3,BLR,K02,evening,13,177.8,5.9,0.057,1.06,8.55,8.097,truncated,A,139.0,2
C-S3-BLR,S3,BLR,K03,night,1,322.8,478.9,2.843,154.57,423.61,2.741,observed,A,206.0,4
C-S3-BLR,S3,BLR,K03,night,5,303.4,196.3,0.823,59.57,122.6,2.058,observed,A,206.0,4
C-S3-BLR,S3,BLR,K03,night,9,277.6,81.4,0.222,22.6,33.04,1.462,observed,A,206.0,4
C-S3-BLR,S3,BLR,K03,night,13,245.3,38.3,0.078,9.4,11.56,1.23,observed,A,206.0,4
C-S3-BLR,S3,BLR,K03,morning,1,312.5,1158.9,6.881,362.22,1025.21,2.83,observed,A,206.0,4
C-S3-BLR,S3,BLR,K03,morning,5,293.8,475.2,1.991,139.6,296.71,2.125,observed,A,206.0,4
C-S3-BLR,S3,BLR,K03,morning,9,268.8,197.0,0.537,52.96,79.97,1.51,observed,A,206.0,4
C-S3-BLR,S3,BLR,K03,morning,13,237.5,92.7,0.188,22.02,27.98,1.271,observed,A,206.0,4
C-S3-BLR,S3,BLR,K03,afternoon,1,312.5,1438.4,8.539,449.5,1272.39,2.831,observed,A,206.0,4
C-S3-BLR,S3,BLR,K03,afternoon,5,293.8,589.7,2.471,173.24,368.24,2.126,observed,A,206.0,4
C-S3-BLR,S3,BLR,K03,afternoon,9,268.8,244.5,0.666,65.72,99.25,1.51,observed,A,206.0,4
C-S3-BLR,S3,BLR,K03,afternoon,13,237.5,115.1,0.233,27.33,34.73,1.271,observed,A,206.0,4
C-S3-BLR,S3,BLR,K03,evening,1,317.9,1101.6,6.54,350.24,974.46,2.782,truncated,A,206.0,4
C-S3-BLR,S3,BLR,K03,evening,5,298.9,451.6,1.893,134.98,282.02,2.089,truncated,A,206.0,4
C-S3-BLR,S3,BLR,K03,evening,9,273.4,187.3,0.51,51.2,76.01,1.484,truncated,A,206.0,4
C-S3-BLR,S3,BLR,K03,evening,13,241.6,88.1,0.179,21.29,26.6,1.249,truncated,A,206.0,4
C-S3-BLR,S3,BLR,K04,night,1,316.1,90.5,0.62,28.62,92.32,3.226,observed,A,78.0,2
C-S3-BLR,S3,BLR,K04,night,5,297.1,37.1,0.179,11.03,26.72,2.423,observed,A,78.0,2
C-S3-BLR,S3,BLR,K04,night,9,271.8,15.4,0.048,4.18,7.2,1.721,observed,A,78.0,2
C-S3-BLR,S3,BLR,K04,night,13,240.2,7.2,0.017,1.74,2.52,1.448,observed,A,78.0,2
C-S3-BLR,S3,BLR,K04,morning,1,311.4,215.3,1.473,67.04,219.53,3.274,observed,A,78.0,2
C-S3-BLR,S3,BLR,K04,morning,5,292.7,88.3,0.426,25.84,63.53,2.459,observed,A,78.0,2
C-S3-BLR,S3,BLR,K04,morning,9,267.8,36.6,0.115,9.8,17.12,1.747,observed,A,78.0,2
C-S3-BLR,S3,BLR,K04,morning,13,236.7,17.2,0.04,4.08,5.99,1.47,observed,A,78.0,2
C-S3-BLR,S3,BLR,K04,afternoon,1,306.6,275.8,1.887,84.55,281.23,3.326,observed,A,78.0,2
C-S3-BLR,S3,BLR,K04,afternoon,5,288.2,113.1,0.546,32.59,81.39,2.498,observed,A,78.0,2
C-S3-BLR,S3,BLR,K04,afternoon,9,263.7,46.9,0.147,12.36,21.94,1.775,observed,A,78.0,2
C-S3-BLR,S3,BLR,K04,afternoon,13,233.0,22.1,0.052,5.14,7.68,1.493,observed,A,78.0,2
C-S3-BLR,S3,BLR,K04,evening,1,316.3,287.4,1.967,90.89,293.02,3.224,truncated,A,78.0,2
C-S3-BLR,S3,BLR,K04,evening,5,297.3,117.8,0.569,35.03,84.8,2.421,truncated,A,78.0,2
C-S3-BLR,S3,BLR,K04,evening,9,272.0,48.9,0.153,13.29,22.86,1.72,truncated,A,78.0,2
C-S3-BLR,S3,BLR,K04,evening,13,240.4,23.0,0.054,5.53,8.0,1.447,truncated,A,78.0,2
C-S3-BLR,S3,BLR,K09,night,1,438.2,186.0,0.403,81.5,60.07,0.737,observed,A,67.0,1
C-S3-BLR,S3,BLR,K09,night,5,411.9,76.3,0.117,31.41,17.39,0.554,observed,A,67.0,1
C-S3-BLR,S3,BLR,K09,night,9,376.9,31.6,0.031,11.91,4.69,0.393,observed,A,67.0,1
C-S3-BLR,S3,BLR,K09,night,13,333.0,14.9,0.011,4.96,1.64,0.331,observed,A,67.0,1
C-S3-BLR,S3,BLR,K09,morning,1,435.6,425.8,0.923,185.47,137.54,0.742,observed,A,67.0,2
C-S3-BLR,S3,BLR,K09,morning,5,409.4,174.6,0.267,71.48,39.81,0.557,observed,A,67.0,2
C-S3-BLR,S3,BLR,K09,morning,9,374.6,72.4,0.072,27.12,10.73,0.396,observed,A,67.0,2
C-S3-BLR,S3,BLR,K09,morning,13,331.0,34.1,0.025,11.28,3.75,0.333,observed,A,67.0,2
C-S3-BLR,S3,BLR,K09,afternoon,1,437.4,550.1,1.193,240.62,177.68,0.738,observed,A,67.0,2
C-S3-BLR,S3,BLR,K09,afternoon,5,411.2,225.5,0.345,92.74,51.42,0.555,observed,A,67.0,2
C-S3-BLR,S3,BLR,K09,afternoon,9,376.2,93.5,0.093,35.18,13.86,0.394,observed,A,67.0,2
C-S3-BLR,S3,BLR,K09,afternoon,13,332.4,44.0,0.033,14.63,4.85,0.331,observed,A,67.0,2
C-S3-BLR,S3,BLR,K09,evening,1,440.3,311.3,0.675,137.06,100.55,0.734,truncated,A,67.0,1
C-S3-BLR,S3,BLR,K09,evening,5,413.8,127.6,0.195,52.82,29.1,0.551,truncated,A,67.0,1
C-S3-BLR,S3,BLR,K09,evening,9,378.6,52.9,0.053,20.04,7.84,0.391,truncated,A,67.0,1
C-S3-BLR,S3,BLR,K09,evening,13,334.6,24.9,0.018,8.33,2.74,0.329,truncated,A,67.0,1
C-S3-HYD,S3,HYD,K01,night,1,191.2,24.8,0.423,4.74,63.09,13.303,observed,B,13.0,9
C-S3-HYD,S3,HYD,K01,night,5,179.8,10.2,0.123,1.83,18.26,9.99,observed,B,13.0,9
C-S3-HYD,S3,HYD,K01,night,9,164.5,4.2,0.033,0.69,4.92,7.098,observed,B,13.0,9
C-S3-HYD,S3,HYD,K01,night,13,145.3,2.0,0.012,0.29,1.72,5.972,observed,B,13.0,9
C-S3-HYD,S3,HYD,K01,morning,1,196.2,67.9,1.159,13.32,172.71,12.97,observed,B,13.0,8
C-S3-HYD,S3,HYD,K01,morning,5,184.4,27.8,0.335,5.13,49.98,9.74,observed,B,13.0,8
C-S3-HYD,S3,HYD,K01,morning,9,168.7,11.5,0.09,1.95,13.47,6.92,observed,B,13.0,8
C-S3-HYD,S3,HYD,K01,morning,13,149.1,5.4,0.032,0.81,4.71,5.822,observed,B,13.0,8
C-S3-HYD,S3,HYD,K01,afternoon,1,198.3,87.4,1.493,17.33,222.39,12.831,observed,B,13.0,8
C-S3-HYD,S3,HYD,K01,afternoon,5,186.4,35.8,0.432,6.68,64.36,9.635,observed,B,13.0,8
C-S3-HYD,S3,HYD,K01,afternoon,9,170.5,14.9,0.116,2.53,17.35,6.846,observed,B,13.0,8
C-S3-HYD,S3,HYD,K01,afternoon,13,150.7,7.0,0.041,1.05,6.07,5.76,observed,B,13.0,8
C-S3-HYD,S3,HYD,K01,evening,1,194.5,73.8,1.26,14.35,187.77,13.084,observed,B,13.0,9
C-S3-HYD,S3,HYD,K01,evening,5,182.8,30.3,0.365,5.53,54.34,9.825,observed,B,13.0,9
C-S3-HYD,S3,HYD,K01,evening,9,167.2,12.5,0.098,2.1,14.65,6.98,observed,B,13.0,9
C-S3-HYD,S3,HYD,K01,evening,13,147.8,5.9,0.034,0.87,5.12,5.873,observed,B,13.0,9
C-S3-HYD,S3,HYD,K02,night,1,201.3,20.5,0.495,4.12,73.69,17.88,observed,A,125.0,1
C-S3-HYD,S3,HYD,K02,night,5,189.2,8.4,0.143,1.59,21.33,13.427,observed,A,125.0,1
C-S3-HYD,S3,HYD,K02,night,9,173.1,3.5,0.039,0.6,5.75,9.539,observed,A,125.0,1
C-S3-HYD,S3,HYD,K02,night,13,153.0,1.6,0.013,0.25,2.01,8.027,observed,A,125.0,1
C-S3-HYD,S3,HYD,K02,morning,1,201.3,61.3,1.48,12.33,220.52,17.879,observed,A,125.0,1
C-S3-HYD,S3,HYD,K02,morning,5,189.2,25.1,0.428,4.75,63.82,13.426,observed,A,125.0,1
C-S3-HYD,S3,HYD,K02,morning,9,173.1,10.4,0.115,1.8,17.2,9.539,observed,A,125.0,1
C-S3-HYD,S3,HYD,K02,morning,13,153.0,4.9,0.04,0.75,6.02,8.026,observed,A,125.0,1
C-S3-HYD,S3,HYD,K02,afternoon,1,199.9,85.3,2.061,17.06,307.05,17.997,observed,A,125.0,1
C-S3-HYD,S3,HYD,K02,afternoon,5,188.0,35.0,0.596,6.58,88.86,13.515,observed,A,125.0,1
C-S3-HYD,S3,HYD,K02,afternoon,9,172.0,14.5,0.161,2.49,23.95,9.602,observed,A,125.0,1
C-S3-HYD,S3,HYD,K02,afternoon,13,152.0,6.8,0.056,1.04,8.38,8.079,observed,A,125.0,1
C-S3-HYD,S3,HYD,K02,evening,1,196.2,70.2,1.694,13.77,252.46,18.341,observed,A,125.0,1
C-S3-HYD,S3,HYD,K02,evening,5,184.4,28.8,0.49,5.31,73.07,13.773,observed,A,125.0,1
C-S3-HYD,S3,HYD,K02,evening,9,168.7,11.9,0.132,2.01,19.69,9.785,observed,A,125.0,1
C-S3-HYD,S3,HYD,K02,evening,13,149.1,5.6,0.046,0.84,6.89,8.233,observed,A,125.0,1
C-S3-HYD,S3,HYD,K03,night,1,286.1,206.0,1.146,58.92,170.82,2.899,observed,A,76.0,5
C-S3-HYD,S3,HYD,K03,night,5,268.9,84.4,0.332,22.71,49.44,2.177,observed,A,76.0,5
C-S3-HYD,S3,HYD,K03,night,9,246.0,35.0,0.089,8.61,13.32,1.547,observed,A,76.0,5
C-S3-HYD,S3,HYD,K03,night,13,217.4,16.5,0.031,3.58,4.66,1.301,observed,A,76.0,5
C-S3-HYD,S3,HYD,K03,morning,1,270.2,511.7,2.849,138.29,424.43,3.069,observed,A,76.0,4
C-S3-HYD,S3,HYD,K03,morning,5,254.0,209.8,0.824,53.3,122.83,2.305,observed,A,76.0,4
C-S3-HYD,S3,HYD,K03,morning,9,232.4,87.0,0.222,20.22,33.11,1.637,observed,A,76.0,4
C-S3-HYD,S3,HYD,K03,morning,13,205.4,40.9,0.078,8.41,11.58,1.378,observed,A,76.0,4
C-S3-HYD,S3,HYD,K03,afternoon,1,268.4,592.1,3.296,158.92,491.05,3.09,observed,A,76.0,4
C-S3-HYD,S3,HYD,K03,afternoon,5,252.3,242.7,0.954,61.25,142.11,2.32,observed,A,76.0,4
C-S3-HYD,S3,HYD,K03,afternoon,9,230.8,100.7,0.257,23.23,38.3,1.649,observed,A,76.0,4
C-S3-HYD,S3,HYD,K03,afternoon,13,204.0,47.4,0.09,9.66,13.4,1.387,observed,A,76.0,4
C-S3-HYD,S3,HYD,K03,evening,1,268.6,515.4,2.869,138.44,427.43,3.088,observed,A,76.0,4
C-S3-HYD,S3,HYD,K03,evening,5,252.5,211.3,0.83,53.35,123.7,2.319,observed,A,76.0,4
C-S3-HYD,S3,HYD,K03,evening,9,231.0,87.6,0.224,20.24,33.34,1.647,observed,A,76.0,4
C-S3-HYD,S3,HYD,K03,evening,13,204.2,41.2,0.078,8.42,11.67,1.386,observed,A,76.0,4
C-S3-HYD,S3,HYD,K04,night,1,279.0,42.4,0.245,11.82,36.53,3.09,observed,B,22.0,3
C-S3-HYD,S3,HYD,K04,night,5,262.3,17.4,0.071,4.56,10.57,2.32,observed,B,22.0,3
C-S3-HYD,S3,HYD,K04,night,9,240.0,7.2,0.019,1.73,2.85,1.648,observed,B,22.0,3
C-S3-HYD,S3,HYD,K04,night,13,212.1,3.4,0.007,0.72,1.0,1.387,observed,B,22.0,3
C-S3-HYD,S3,HYD,K04,morning,1,268.2,116.7,0.675,31.29,100.58,3.215,observed,B,22.0,4
C-S3-HYD,S3,HYD,K04,morning,5,252.1,47.8,0.195,12.06,29.11,2.414,observed,B,22.0,4
C-S3-HYD,S3,HYD,K04,morning,9,230.6,19.8,0.053,4.57,7.85,1.715,observed,B,22.0,4
C-S3-HYD,S3,HYD,K04,morning,13,203.8,9.3,0.018,1.9,2.75,1.443,observed,B,22.0,4
C-S3-HYD,S3,HYD,K04,afternoon,1,266.1,141.5,0.819,37.67,122.04,3.24,observed,B,22.0,4
C-S3-HYD,S3,HYD,K04,afternoon,5,250.2,58.0,0.237,14.52,35.32,2.433,observed,B,22.0,4
C-S3-HYD,S3,HYD,K04,afternoon,9,228.9,24.1,0.064,5.51,9.52,1.728,observed,B,22.0,4
C-S3-HYD,S3,HYD,K04,afternoon,13,202.3,11.3,0.022,2.29,3.33,1.454,observed,B,22.0,4
C-S3-HYD,S3,HYD,K04,evening,1,264.2,128.8,0.745,34.02,111.02,3.264,observed,B,22.0,4
C-S3-HYD,S3,HYD,K04,evening,5,248.3,52.8,0.216,13.11,32.13,2.451,observed,B,22.0,4
C-S3-HYD,S3,HYD,K04,evening,9,227.2,21.9,0.058,4.97,8.66,1.741,observed,B,22.0,4
C-S3-HYD,S3,HYD,K04,evening,13,200.8,10.3,0.02,2.07,3.03,1.465,observed,B,22.0,4
C-S3-HYD,S3,HYD,K09,night,1,421.9,84.4,0.198,35.62,29.52,0.829,observed,B,23.0,4
C-S3-HYD,S3,HYD,K09,night,5,396.6,34.6,0.057,13.73,8.54,0.622,observed,B,23.0,4
C-S3-HYD,S3,HYD,K09,night,9,362.9,14.4,0.015,5.21,2.3,0.442,observed,B,23.0,4
C-S3-HYD,S3,HYD,K09,night,13,320.7,6.8,0.005,2.17,0.81,0.372,observed,B,23.0,4
C-S3-HYD,S3,HYD,K09,morning,1,424.7,233.4,0.548,99.12,81.61,0.823,observed,B,23.0,4
C-S3-HYD,S3,HYD,K09,morning,5,399.2,95.7,0.159,38.2,23.62,0.618,observed,B,23.0,4
C-S3-HYD,S3,HYD,K09,morning,9,365.2,39.7,0.043,14.49,6.37,0.439,observed,B,23.0,4
C-S3-HYD,S3,HYD,K09,morning,13,322.8,18.7,0.015,6.03,2.23,0.37,observed,B,23.0,4
C-S3-HYD,S3,HYD,K09,afternoon,1,425.1,266.0,0.624,113.07,93.01,0.823,observed,B,23.0,4
C-S3-HYD,S3,HYD,K09,afternoon,5,399.6,109.1,0.181,43.58,26.92,0.618,observed,B,23.0,4
C-S3-HYD,S3,HYD,K09,afternoon,9,365.6,45.2,0.049,16.53,7.25,0.439,observed,B,23.0,4
C-S3-HYD,S3,HYD,K09,afternoon,13,323.1,21.3,0.017,6.87,2.54,0.369,observed,B,23.0,4
C-S3-HYD,S3,HYD,K09,evening,1,421.4,232.0,0.544,97.74,81.11,0.83,observed,B,23.0,4
C-S3-HYD,S3,HYD,K09,evening,5,396.1,95.1,0.158,37.67,23.47,0.623,observed,B,23.0,4
C-S3-HYD,S3,HYD,K09,evening,9,362.4,39.4,0.042,14.29,6.33,0.443,observed,B,23.0,4
C-S3-HYD,S3,HYD,K09,evening,13,320.3,18.6,0.015,5.94,2.21,0.373,observed,B,23.0,4
C-S3-PUN,S3,PUN,K01,night,1,183.8,34.7,0.671,6.38,99.95,15.664,observed,A,29.0,7
C-S3-PUN,S3,PUN,K01,night,5,172.7,14.2,0.194,2.46,28.93,11.763,observed,A,29.0,7
C-S3-PUN,S3,PUN,K01,night,9,158.0,5.9,0.052,0.93,7.8,8.357,observed,A,29.0,7
C-S3-PUN,S3,PUN,K01,night,13,139.7,2.8,0.018,0.39,2.73,7.032,observed,A,29.0,7
C-S3-PUN,S3,PUN,K01,morning,1,189.9,94.3,1.823,17.92,271.57,15.154,observed,A,29.0,7
C-S3-PUN,S3,PUN,K01,morning,5,178.5,38.7,0.527,6.91,78.6,11.38,observed,A,29.0,7
C-S3-PUN,S3,PUN,K01,morning,9,163.4,16.0,0.142,2.62,21.18,8.085,observed,A,29.0,7
C-S3-PUN,S3,PUN,K01,morning,13,144.4,7.5,0.05,1.09,7.41,6.803,observed,A,29.0,7
C-S3-PUN,S3,PUN,K01,afternoon,1,191.8,117.0,2.26,22.44,336.79,15.007,observed,A,29.0,6
C-S3-PUN,S3,PUN,K01,afternoon,5,180.3,48.0,0.654,8.65,97.47,11.269,observed,A,29.0,6
C-S3-PUN,S3,PUN,K01,afternoon,9,165.0,19.9,0.176,3.28,26.27,8.007,observed,A,29.0,6
C-S3-PUN,S3,PUN,K01,afternoon,13,145.8,9.4,0.062,1.36,9.19,6.737,observed,A,29.0,6
C-S3-PUN,S3,PUN,K01,evening,1,188.6,101.6,1.963,19.16,292.52,15.267,observed,A,29.0,7
C-S3-PUN,S3,PUN,K01,evening,5,177.2,41.7,0.568,7.38,84.66,11.464,observed,A,29.0,7
C-S3-PUN,S3,PUN,K01,evening,9,162.2,17.3,0.153,2.8,22.82,8.145,observed,A,29.0,7
C-S3-PUN,S3,PUN,K01,evening,13,143.3,8.1,0.054,1.16,7.98,6.853,observed,A,29.0,7
C-S3-PUN,S3,PUN,K02,night,1,192.6,16.0,0.388,3.07,57.81,18.8,observed,A,94.0,1
C-S3-PUN,S3,PUN,K02,night,5,181.1,6.5,0.112,1.19,16.73,14.118,observed,A,94.0,1
C-S3-PUN,S3,PUN,K02,night,9,165.7,2.7,0.03,0.45,4.51,10.03,observed,A,94.0,1
C-S3-PUN,S3,PUN,K02,night,13,146.4,1.3,0.011,0.19,1.58,8.44,observed,A,94.0,1
C-S3-PUN,S3,PUN,K02,morning,1,192.2,44.1,1.072,8.47,159.68,18.842,observed,A,94.0,1
C-S3-PUN,S3,PUN,K02,morning,5,180.7,18.1,0.31,3.27,46.21,14.149,observed,A,94.0,1
C-S3-PUN,S3,PUN,K02,morning,9,165.3,7.5,0.084,1.24,12.46,10.052,observed,A,94.0,1
C-S3-PUN,S3,PUN,K02,morning,13,146.1,3.5,0.029,0.52,4.36,8.458,observed,A,94.0,1
C-S3-PUN,S3,PUN,K02,afternoon,1,192.8,60.9,1.481,11.75,220.63,18.782,observed,A,94.0,1
C-S3-PUN,S3,PUN,K02,afternoon,5,181.2,25.0,0.429,4.53,63.85,14.104,observed,A,94.0,1
C-S3-PUN,S3,PUN,K02,afternoon,9,165.8,10.4,0.115,1.72,17.21,10.021,observed,A,94.0,1
C-S3-PUN,S3,PUN,K02,afternoon,13,146.5,4.9,0.04,0.71,6.02,8.432,observed,A,94.0,1
C-S3-PUN,S3,PUN,K02,evening,1,189.4,47.2,1.147,8.94,170.86,19.12,observed,A,94.0,1
C-S3-PUN,S3,PUN,K02,evening,5,178.0,19.3,0.332,3.44,49.45,14.358,observed,A,94.0,1
C-S3-PUN,S3,PUN,K02,evening,9,162.9,8.0,0.089,1.31,13.33,10.201,observed,A,94.0,1
C-S3-PUN,S3,PUN,K02,evening,13,143.9,3.8,0.031,0.54,4.66,8.583,observed,A,94.0,1
C-S3-PUN,S3,PUN,K03,night,1,286.3,243.2,1.28,69.62,190.72,2.739,observed,A,235.0,2
C-S3-PUN,S3,PUN,K03,night,5,269.1,99.7,0.37,26.83,55.2,2.057,observed,A,235.0,2
C-S3-PUN,S3,PUN,K03,night,9,246.2,41.3,0.1,10.18,14.88,1.462,observed,A,235.0,2
C-S3-PUN,S3,PUN,K03,night,13,217.6,19.5,0.035,4.23,5.21,1.23,observed,A,235.0,2
C-S3-PUN,S3,PUN,K03,morning,1,284.2,599.1,3.153,170.27,469.82,2.759,observed,A,235.0,2
C-S3-PUN,S3,PUN,K03,morning,5,267.2,245.6,0.913,65.62,135.97,2.072,observed,A,235.0,2
C-S3-PUN,S3,PUN,K03,morning,9,244.4,101.8,0.246,24.89,36.65,1.472,observed,A,235.0,2
C-S3-PUN,S3,PUN,K03,morning,13,216.0,47.9,0.086,10.35,12.82,1.239,observed,A,235.0,2
C-S3-PUN,S3,PUN,K03,afternoon,1,283.7,751.2,3.954,213.16,589.14,2.764,observed,A,235.0,2
C-S3-PUN,S3,PUN,K03,afternoon,5,266.7,308.0,1.144,82.15,170.5,2.076,observed,A,235.0,2
C-S3-PUN,S3,PUN,K03,afternoon,9,244.0,127.7,0.308,31.16,45.95,1.475,observed,A,235.0,2
C-S3-PUN,S3,PUN,K03,afternoon,13,215.6,60.1,0.108,12.96,16.08,1.241,observed,A,235.0,2
C-S3-PUN,S3,PUN,K03,evening,1,283.8,615.8,3.241,174.78,482.98,2.763,observed,A,235.0,2
C-S3-PUN,S3,PUN,K03,evening,5,266.8,252.5,0.938,67.36,139.78,2.075,observed,A,235.0,2
C-S3-PUN,S3,PUN,K03,evening,9,244.1,104.7,0.253,25.55,37.67,1.474,observed,A,235.0,2
C-S3-PUN,S3,PUN,K03,evening,13,215.7,49.3,0.088,10.63,13.18,1.24,observed,A,235.0,2
C-S3-PUN,S3,PUN,K04,night,1,270.3,40.3,0.239,10.89,35.54,3.263,observed,B,23.0,3
C-S3-PUN,S3,PUN,K04,night,5,254.0,16.5,0.069,4.2,10.29,2.45,observed,B,23.0,3
C-S3-PUN,S3,PUN,K04,night,9,232.4,6.9,0.019,1.59,2.77,1.741,observed,B,23.0,3
C-S3-PUN,S3,PUN,K04,night,13,205.4,3.2,0.007,0.66,0.97,1.465,observed,B,23.0,3
C-S3-PUN,S3,PUN,K04,morning,1,264.4,107.7,0.637,28.47,94.99,3.336,observed,B,23.0,3
C-S3-PUN,S3,PUN,K04,morning,5,248.5,44.2,0.184,10.97,27.49,2.505,observed,B,23.0,3
C-S3-PUN,S3,PUN,K04,morning,9,227.3,18.3,0.05,4.16,7.41,1.78,observed,B,23.0,3
C-S3-PUN,S3,PUN,K04,morning,13,200.9,8.6,0.017,1.73,2.59,1.498,observed,B,23.0,3
C-S3-PUN,S3,PUN,K04,afternoon,1,264.3,120.5,0.713,31.86,106.29,3.336,observed,B,23.0,3
C-S3-PUN,S3,PUN,K04,afternoon,5,248.5,49.4,0.206,12.28,30.76,2.505,observed,B,23.0,3
C-S3-PUN,S3,PUN,K04,afternoon,9,227.3,20.5,0.056,4.66,8.29,1.78,observed,B,23.0,3
C-S3-PUN,S3,PUN,K04,afternoon,13,200.9,9.6,0.019,1.94,2.9,1.498,observed,B,23.0,3
C-S3-PUN,S3,PUN,K04,evening,1,261.2,116.4,0.689,30.4,102.64,3.376,observed,B,23.0,3
C-S3-PUN,S3,PUN,K04,evening,5,245.5,47.7,0.199,11.72,29.71,2.535,observed,B,23.0,3
C-S3-PUN,S3,PUN,K04,evening,9,224.6,19.8,0.054,4.44,8.01,1.801,observed,B,23.0,3
C-S3-PUN,S3,PUN,K04,evening,13,198.5,9.3,0.019,1.85,2.8,1.516,observed,B,23.0,3
C-S3-PUN,S3,PUN,K09,night,1,397.4,44.2,0.138,17.56,20.53,1.169,observed,B,24.0,3
C-S3-PUN,S3,PUN,K09,night,5,373.6,18.1,0.04,6.77,5.94,0.878,observed,B,24.0,3
C-S3-PUN,S3,PUN,K09,night,9,341.8,7.5,0.011,2.57,1.6,0.624,observed,B,24.0,3
C-S3-PUN,S3,PUN,K09,night,13,302.1,3.5,0.004,1.07,0.56,0.525,observed,B,24.0,3
C-S3-PUN,S3,PUN,K09,morning,1,396.7,127.7,0.398,50.65,59.31,1.171,observed,B,24.0,3
C-S3-PUN,S3,PUN,K09,morning,5,372.9,52.3,0.115,19.52,17.17,0.879,observed,B,24.0,3
C-S3-PUN,S3,PUN,K09,morning,9,341.2,21.7,0.031,7.4,4.63,0.625,observed,B,24.0,3
C-S3-PUN,S3,PUN,K09,morning,13,301.5,10.2,0.011,3.08,1.62,0.526,observed,B,24.0,3
C-S3-PUN,S3,PUN,K09,afternoon,1,396.5,163.4,0.509,64.79,75.91,1.172,observed,B,24.0,3
C-S3-PUN,S3,PUN,K09,afternoon,5,372.8,67.0,0.147,24.97,21.97,0.88,observed,B,24.0,3
C-S3-PUN,S3,PUN,K09,afternoon,9,341.0,27.8,0.04,9.47,5.92,0.625,observed,B,24.0,3
C-S3-PUN,S3,PUN,K09,afternoon,13,301.4,13.1,0.014,3.94,2.07,0.526,observed,B,24.0,3
C-S3-PUN,S3,PUN,K09,evening,1,393.6,142.8,0.445,56.22,66.36,1.18,observed,B,24.0,4
C-S3-PUN,S3,PUN,K09,evening,5,370.0,58.6,0.129,21.67,19.21,0.886,observed,B,24.0,4
C-S3-PUN,S3,PUN,K09,evening,9,338.5,24.3,0.035,8.22,5.18,0.63,observed,B,24.0,4
C-S3-PUN,S3,PUN,K09,evening,13,299.2,11.4,0.012,3.42,1.81,0.53,observed,B,24.0,4
C-S4-DEL,S4,DEL,K01,night,1,217.4,167.5,2.564,36.41,1087.14,29.858,observed,A,188.0,5
C-S4-DEL,S4,DEL,K01,night,5,204.3,68.7,0.742,14.03,314.63,22.421,observed,A,188.0,5
C-S4-DEL,S4,DEL,K01,night,9,186.9,28.5,0.2,5.32,84.8,15.929,observed,A,188.0,5
C-S4-DEL,S4,DEL,K01,night,13,165.2,13.4,0.07,2.21,29.67,13.404,observed,A,188.0,5
C-S4-DEL,S4,DEL,K01,morning,1,224.3,378.7,5.797,84.93,2457.89,28.939,observed,A,188.0,5
C-S4-DEL,S4,DEL,K01,morning,5,210.8,155.3,1.678,32.73,711.34,21.731,observed,A,188.0,5
C-S4-DEL,S4,DEL,K01,morning,9,192.9,64.4,0.452,12.42,191.72,15.439,observed,A,188.0,5
C-S4-DEL,S4,DEL,K01,morning,13,170.4,30.3,0.158,5.16,67.09,12.991,observed,A,188.0,5
C-S4-DEL,S4,DEL,K01,afternoon,1,225.8,493.5,7.554,111.42,3202.87,28.747,observed,A,188.0,5
C-S4-DEL,S4,DEL,K01,afternoon,5,212.2,202.3,2.186,42.94,926.95,21.587,observed,A,188.0,5
C-S4-DEL,S4,DEL,K01,afternoon,9,194.2,83.9,0.589,16.29,249.82,15.337,observed,A,188.0,5
C-S4-DEL,S4,DEL,K01,afternoon,13,171.6,39.5,0.206,6.77,87.42,12.905,observed,A,188.0,5
C-S4-DEL,S4,DEL,K01,evening,1,208.8,460.4,7.047,96.13,2988.02,31.085,observed,A,188.0,3
C-S4-DEL,S4,DEL,K01,evening,5,196.3,188.8,2.04,37.05,864.77,23.343,observed,A,188.0,3
C-S4-DEL,S4,DEL,K01,evening,9,179.6,78.3,0.55,14.05,233.07,16.584,observed,A,188.0,3
C-S4-DEL,S4,DEL,K01,evening,13,158.7,36.8,0.192,5.84,81.56,13.954,observed,A,188.0,3
C-S4-DEL,S4,DEL,K05,night,1,340.9,270.7,1.714,92.26,726.92,7.879,observed,A,190.0,3
C-S4-DEL,S4,DEL,K05,night,5,320.4,111.0,0.496,35.56,210.38,5.916,observed,A,190.0,3
C-S4-DEL,S4,DEL,K05,night,9,293.2,46.0,0.134,13.49,56.7,4.203,observed,A,190.0,3
C-S4-DEL,S4,DEL,K05,night,13,259.1,21.7,0.047,5.61,19.84,3.537,observed,A,190.0,3
C-S4-DEL,S4,DEL,K05,morning,1,332.5,616.4,3.904,204.97,1655.37,8.076,observed,A,190.0,3
C-S4-DEL,S4,DEL,K05,morning,5,312.6,252.7,1.13,78.99,479.08,6.065,observed,A,190.0,3
C-S4-DEL,S4,DEL,K05,morning,9,286.0,104.8,0.305,29.97,129.12,4.309,observed,A,190.0,3
C-S4-DEL,S4,DEL,K05,morning,13,252.7,49.3,0.107,12.46,45.18,3.626,observed,A,190.0,3
C-S4-DEL,S4,DEL,K05,afternoon,1,327.6,837.6,5.306,274.42,2249.56,8.198,observed,A,190.0,3
C-S4-DEL,S4,DEL,K05,afternoon,5,308.0,343.4,1.535,105.76,651.05,6.156,observed,A,190.0,3
C-S4-DEL,S4,DEL,K05,afternoon,9,281.8,142.4,0.414,40.12,175.47,4.374,observed,A,190.0,3
C-S4-DEL,S4,DEL,K05,afternoon,13,249.0,67.0,0.145,16.68,61.4,3.68,observed,A,190.0,3
C-S4-DEL,S4,DEL,K05,evening,1,328.1,689.5,4.367,226.23,1851.79,8.186,observed,A,190.0,3
C-S4-DEL,S4,DEL,K05,evening,5,308.4,282.7,1.264,87.19,535.93,6.147,observed,A,190.0,3
C-S4-DEL,S4,DEL,K05,evening,9,282.2,117.2,0.341,33.07,144.44,4.367,observed,A,190.0,3
C-S4-DEL,S4,DEL,K05,evening,13,249.4,55.2,0.119,13.75,50.54,3.675,observed,A,190.0,3
C-S4-DEL,S4,DEL,K06,night,1,372.9,105.2,0.674,39.23,285.59,7.281,observed,A,86.0,2
C-S4-DEL,S4,DEL,K06,night,5,350.5,43.1,0.195,15.12,82.65,5.467,observed,A,86.0,2
C-S4-DEL,S4,DEL,K06,night,9,320.7,17.9,0.053,5.73,22.28,3.884,observed,A,86.0,2
C-S4-DEL,S4,DEL,K06,night,13,283.4,8.4,0.018,2.38,7.79,3.268,observed,A,86.0,2
C-S4-DEL,S4,DEL,K06,morning,1,359.6,243.9,1.562,87.7,662.14,7.55,observed,A,86.0,2
C-S4-DEL,S4,DEL,K06,morning,5,338.0,100.0,0.452,33.8,191.63,5.67,observed,A,86.0,2
C-S4-DEL,S4,DEL,K06,morning,9,309.3,41.5,0.122,12.82,51.65,4.028,observed,A,86.0,2
C-S4-DEL,S4,DEL,K06,morning,13,273.3,19.5,0.043,5.33,18.07,3.389,observed,A,86.0,2
C-S4-DEL,S4,DEL,K06,afternoon,1,353.3,318.0,2.037,112.36,863.5,7.685,observed,A,86.0,2
C-S4-DEL,S4,DEL,K06,afternoon,5,332.1,130.4,0.589,43.3,249.91,5.771,observed,A,86.0,2
C-S4-DEL,S4,DEL,K06,afternoon,9,303.8,54.1,0.159,16.43,67.35,4.1,observed,A,86.0,2
C-S4-DEL,S4,DEL,K06,afternoon,13,268.5,25.4,0.056,6.83,23.57,3.45,observed,A,86.0,2
C-S4-DEL,S4,DEL,K06,evening,1,350.4,301.3,1.929,105.57,818.05,7.749,observed,A,86.0,2
C-S4-DEL,S4,DEL,K06,evening,5,329.4,123.5,0.558,40.69,236.75,5.819,observed,A,86.0,2
C-S4-DEL,S4,DEL,K06,evening,9,301.3,51.2,0.15,15.43,63.81,4.134,observed,A,86.0,2
C-S4-DEL,S4,DEL,K06,evening,13,266.3,24.1,0.053,6.42,22.33,3.479,observed,A,86.0,2
C-S4-DEL,S4,DEL,K10,night,1,409.5,122.4,0.227,50.11,96.29,1.921,observed,A,35.0,2
C-S4-DEL,S4,DEL,K10,night,5,384.9,50.2,0.066,19.31,27.87,1.443,observed,A,35.0,2
C-S4-DEL,S4,DEL,K10,night,9,352.1,20.8,0.018,7.33,7.51,1.025,observed,A,35.0,2
C-S4-DEL,S4,DEL,K10,night,13,311.2,9.8,0.006,3.05,2.63,0.863,observed,A,35.0,2
C-S4-DEL,S4,DEL,K10,morning,1,410.5,282.6,0.524,115.99,222.32,1.917,observed,A,35.0,2
C-S4-DEL,S4,DEL,K10,morning,5,385.8,115.9,0.152,44.7,64.34,1.439,observed,A,35.0,2
C-S4-DEL,S4,DEL,K10,morning,9,353.0,48.0,0.041,16.96,17.34,1.023,observed,A,35.0,2
C-S4-DEL,S4,DEL,K10,morning,13,312.0,22.6,0.014,7.05,6.07,0.86,observed,A,35.0,2
C-S4-DEL,S4,DEL,K10,afternoon,1,405.2,365.1,0.678,147.96,287.26,1.941,observed,A,35.0,2
C-S4-DEL,S4,DEL,K10,afternoon,5,380.9,149.7,0.196,57.02,83.14,1.458,observed,A,35.0,2
C-S4-DEL,S4,DEL,K10,afternoon,9,348.5,62.1,0.053,21.63,22.41,1.036,observed,A,35.0,2
C-S4-DEL,S4,DEL,K10,afternoon,13,308.0,29.2,0.018,9.0,7.84,0.872,observed,A,35.0,2
C-S4-DEL,S4,DEL,K10,evening,1,408.4,339.5,0.63,138.66,267.1,1.926,observed,A,35.0,2
C-S4-DEL,S4,DEL,K10,evening,5,383.9,139.2,0.182,53.44,77.3,1.447,observed,A,35.0,2
C-S4-DEL,S4,DEL,K10,evening,9,351.2,57.7,0.049,20.27,20.83,1.028,observed,A,35.0,2
C-S4-DEL,S4,DEL,K10,evening,13,310.4,27.2,0.017,8.43,7.29,0.865,observed,A,35.0,2
C-S4-MUM,S4,MUM,K01,night,1,221.8,130.2,1.866,28.88,791.07,27.392,observed,A,239.0,2
C-S4-MUM,S4,MUM,K01,night,5,208.5,53.4,0.54,11.13,228.95,20.57,observed,A,239.0,2
C-S4-MUM,S4,MUM,K01,night,9,190.7,22.1,0.146,4.22,61.7,14.614,observed,A,239.0,2
C-S4-MUM,S4,MUM,K01,night,13,168.6,10.4,0.051,1.76,21.59,12.297,observed,A,239.0,2
C-S4-MUM,S4,MUM,K01,morning,1,220.7,261.0,3.74,57.61,1585.97,27.529,observed,A,239.0,2
C-S4-MUM,S4,MUM,K01,morning,5,207.5,107.0,1.083,22.2,459.0,20.673,observed,A,239.0,2
C-S4-MUM,S4,MUM,K01,morning,9,189.8,44.4,0.292,8.42,123.71,14.687,observed,A,239.0,2
C-S4-MUM,S4,MUM,K01,morning,13,167.7,20.9,0.102,3.5,43.29,12.358,observed,A,239.0,2
C-S4-MUM,S4,MUM,K01,afternoon,1,219.8,321.2,4.603,70.61,1951.57,27.64,observed,A,239.0,2
C-S4-MUM,S4,MUM,K01,afternoon,5,206.6,131.7,1.332,27.21,564.81,20.756,observed,A,239.0,2
C-S4-MUM,S4,MUM,K01,afternoon,9,189.0,54.6,0.359,10.32,152.22,14.746,observed,A,239.0,2
C-S4-MUM,S4,MUM,K01,afternoon,13,167.1,25.7,0.126,4.29,53.27,12.408,observed,A,239.0,2
C-S4-MUM,S4,MUM,K01,evening,1,218.5,335.9,4.813,73.39,2040.56,27.804,observed,A,239.0,2
C-S4-MUM,S4,MUM,K01,evening,5,205.4,137.7,1.393,28.28,590.56,20.879,observed,A,239.0,2
C-S4-MUM,S4,MUM,K01,evening,9,187.9,57.1,0.375,10.73,159.16,14.834,observed,A,239.0,2
C-S4-MUM,S4,MUM,K01,evening,13,166.1,26.9,0.131,4.46,55.7,12.482,observed,A,239.0,2
C-S4-MUM,S4,MUM,K05,night,1,383.7,168.8,0.978,64.78,414.82,6.404,observed,A,92.0,3
C-S4-MUM,S4,MUM,K05,night,5,360.7,69.2,0.283,24.97,120.05,4.809,observed,A,92.0,3
C-S4-MUM,S4,MUM,K05,night,9,330.0,28.7,0.076,9.47,32.36,3.416,observed,A,92.0,3
C-S4-MUM,S4,MUM,K05,night,13,291.6,13.5,0.027,3.94,11.32,2.875,observed,A,92.0,3
C-S4-MUM,S4,MUM,K05,morning,1,371.6,352.1,2.04,130.82,865.05,6.612,observed,A,92.0,3
C-S4-MUM,S4,MUM,K05,morning,5,349.3,144.3,0.59,50.42,250.36,4.966,observed,A,92.0,3
C-S4-MUM,S4,MUM,K05,morning,9,319.6,59.9,0.159,19.13,67.47,3.528,observed,A,92.0,3
C-S4-MUM,S4,MUM,K05,morning,13,282.4,28.2,0.056,7.95,23.61,2.968,observed,A,92.0,3
C-S4-MUM,S4,MUM,K05,afternoon,1,370.8,422.6,2.449,156.73,1038.44,6.626,observed,A,92.0,3
C-S4-MUM,S4,MUM,K05,afternoon,5,348.6,173.3,0.709,60.4,300.54,4.976,observed,A,92.0,3
C-S4-MUM,S4,MUM,K05,afternoon,9,318.9,71.8,0.191,22.91,81.0,3.535,observed,A,92.0,3
C-S4-MUM,S4,MUM,K05,afternoon,13,281.8,33.8,0.067,9.53,28.34,2.974,observed,A,92.0,3
C-S4-MUM,S4,MUM,K05,evening,1,359.3,431.9,2.503,155.19,1061.15,6.838,observed,A,92.0,3
C-S4-MUM,S4,MUM,K05,evening,5,337.8,177.1,0.724,59.81,307.11,5.135,observed,A,92.0,3
C-S4-MUM,S4,MUM,K05,evening,9,309.0,73.4,0.195,22.69,82.77,3.648,observed,A,92.0,3
C-S4-MUM,S4,MUM,K05,evening,13,273.1,34.5,0.068,9.44,28.96,3.07,observed,A,92.0,3
C-S4-MUM,S4,MUM,K06,night,1,422.7,75.2,0.557,31.78,236.11,7.429,observed,A,78.0,2
C-S4-MUM,S4,MUM,K06,night,5,397.3,30.8,0.161,12.25,68.33,5.579,observed,A,78.0,2
C-S4-MUM,S4,MUM,K06,night,9,363.5,12.8,0.043,4.65,18.42,3.963,observed,A,78.0,2
C-S4-MUM,S4,MUM,K06,night,13,321.2,6.0,0.015,1.93,6.44,3.335,observed,A,78.0,2
C-S4-MUM,S4,MUM,K06,morning,1,410.8,158.1,1.171,64.97,496.56,7.643,observed,A,78.0,2
C-S4-MUM,S4,MUM,K06,morning,5,386.2,64.8,0.339,25.04,143.71,5.739,observed,A,78.0,2
C-S4-MUM,S4,MUM,K06,morning,9,353.3,26.9,0.091,9.5,38.73,4.077,observed,A,78.0,2
C-S4-MUM,S4,MUM,K06,morning,13,312.2,12.7,0.032,3.95,13.55,3.431,observed,A,78.0,2
C-S4-MUM,S4,MUM,K06,afternoon,1,407.2,193.1,1.43,78.61,606.19,7.711,observed,A,78.0,2
C-S4-MUM,S4,MUM,K06,afternoon,5,382.8,79.2,0.414,30.3,175.44,5.79,observed,A,78.0,2
C-S4-MUM,S4,MUM,K06,afternoon,9,350.2,32.8,0.112,11.49,47.28,4.114,observed,A,78.0,2
C-S4-MUM,S4,MUM,K06,afternoon,13,309.5,15.4,0.039,4.78,16.55,3.462,observed,A,78.0,2
C-S4-MUM,S4,MUM,K06,evening,1,394.8,216.4,1.603,85.45,679.53,7.953,observed,A,78.0,2
C-S4-MUM,S4,MUM,K06,evening,5,371.1,88.7,0.464,32.93,196.66,5.972,observed,A,78.0,2
C-S4-MUM,S4,MUM,K06,evening,9,339.6,36.8,0.125,12.49,53.0,4.243,observed,A,78.0,2
C-S4-MUM,S4,MUM,K06,evening,13,300.1,17.3,0.044,5.2,18.55,3.57,observed,A,78.0,2
C-S4-MUM,S4,MUM,K10,night,1,455.5,85.7,0.136,39.03,57.52,1.474,observed,B,17.0,2
C-S4-MUM,S4,MUM,K10,night,5,428.2,35.1,0.039,15.04,16.65,1.107,observed,B,17.0,2
C-S4-MUM,S4,MUM,K10,night,9,391.7,14.6,0.011,5.71,4.49,0.786,observed,B,17.0,2
C-S4-MUM,S4,MUM,K10,night,13,346.2,6.9,0.004,2.37,1.57,0.662,observed,B,17.0,2
C-S4-MUM,S4,MUM,K10,morning,1,453.6,172.7,0.273,78.35,115.96,1.48,observed,B,17.0,2
C-S4-MUM,S4,MUM,K10,morning,5,426.4,70.8,0.079,30.19,33.56,1.111,observed,B,17.0,2
C-S4-MUM,S4,MUM,K10,morning,9,390.1,29.4,0.021,11.45,9.04,0.79,observed,B,17.0,2
C-S4-MUM,S4,MUM,K10,morning,13,344.7,13.8,0.007,4.76,3.16,0.664,observed,B,17.0,2
C-S4-MUM,S4,MUM,K10,afternoon,1,454.0,217.5,0.344,98.75,146.03,1.479,observed,B,17.0,2
C-S4-MUM,S4,MUM,K10,afternoon,5,426.8,89.2,0.1,38.06,42.26,1.11,observed,B,17.0,2
C-S4-MUM,S4,MUM,K10,afternoon,9,390.4,37.0,0.027,14.44,11.39,0.789,observed,B,17.0,2
C-S4-MUM,S4,MUM,K10,afternoon,13,345.0,17.4,0.009,6.0,3.99,0.664,observed,B,17.0,2
C-S4-MUM,S4,MUM,K10,evening,1,442.4,225.9,0.358,99.96,151.68,1.517,observed,B,17.0,2
C-S4-MUM,S4,MUM,K10,evening,5,415.9,92.6,0.104,38.53,43.9,1.139,observed,B,17.0,2
C-S4-MUM,S4,MUM,K10,evening,9,380.5,38.4,0.028,14.61,11.83,0.81,observed,B,17.0,2
C-S4-MUM,S4,MUM,K10,evening,13,336.3,18.1,0.01,6.08,4.14,0.681,observed,B,17.0,2
C-S4-BLR,S4,BLR,K01,night,1,216.9,94.4,1.262,20.47,535.17,26.141,observed,A,124.0,3
C-S4-BLR,S4,BLR,K01,night,5,203.9,38.7,0.365,7.89,154.89,19.63,observed,A,124.0,3
C-S4-BLR,S4,BLR,K01,night,9,186.5,16.0,0.098,2.99,41.74,13.946,observed,A,124.0,3
C-S4-BLR,S4,BLR,K01,night,13,164.8,7.6,0.034,1.24,14.61,11.735,observed,A,124.0,3
C-S4-BLR,S4,BLR,K01,morning,1,221.7,221.5,2.962,49.1,1255.85,25.577,observed,A,124.0,4
C-S4-BLR,S4,BLR,K01,morning,5,208.4,90.8,0.857,18.92,363.46,19.207,observed,A,124.0,4
C-S4-BLR,S4,BLR,K01,morning,9,190.6,37.7,0.231,7.18,97.96,13.646,observed,A,124.0,4
C-S4-BLR,S4,BLR,K01,morning,13,168.5,17.7,0.081,2.99,34.28,11.482,observed,A,124.0,4
C-S4-BLR,S4,BLR,K01,afternoon,1,218.0,282.5,3.778,61.59,1601.79,26.007,observed,A,124.0,3
C-S4-BLR,S4,BLR,K01,afternoon,5,204.9,115.8,1.093,23.74,463.58,19.53,observed,A,124.0,3
C-S4-BLR,S4,BLR,K01,afternoon,9,187.5,48.0,0.295,9.0,124.94,13.875,observed,A,124.0,3
C-S4-BLR,S4,BLR,K01,afternoon,13,165.7,22.6,0.103,3.74,43.72,11.675,observed,A,124.0,3
C-S4-BLR,S4,BLR,K01,evening,1,217.9,332.7,4.449,72.48,1886.47,26.027,observed,A,124.0,3
C-S4-BLR,S4,BLR,K01,evening,5,204.8,136.4,1.288,27.93,545.97,19.544,observed,A,124.0,3
C-S4-BLR,S4,BLR,K01,evening,9,187.4,56.6,0.347,10.6,147.15,13.886,observed,A,124.0,3
C-S4-BLR,S4,BLR,K01,evening,13,165.6,26.6,0.121,4.41,51.49,11.684,observed,A,124.0,3
C-S4-BLR,S4,BLR,K05,night,1,370.5,139.5,0.728,51.7,308.5,5.967,observed,A,78.0,3
C-S4-BLR,S4,BLR,K05,night,5,348.3,57.2,0.211,19.93,89.28,4.481,observed,A,78.0,3
C-S4-BLR,S4,BLR,K05,night,9,318.6,23.7,0.057,7.56,24.06,3.184,observed,A,78.0,3
C-S4-BLR,S4,BLR,K05,night,13,281.6,11.2,0.02,3.14,8.42,2.679,observed,A,78.0,3
C-S4-BLR,S4,BLR,K05,morning,1,357.0,340.6,1.776,121.59,752.98,6.193,observed,A,78.0,3
C-S4-BLR,S4,BLR,K05,morning,5,335.6,139.6,0.514,46.86,217.92,4.65,observed,A,78.0,3
C-S4-BLR,S4,BLR,K05,morning,9,307.0,57.9,0.139,17.78,58.73,3.304,observed,A,78.0,3
C-S4-BLR,S4,BLR,K05,morning,13,271.3,27.2,0.048,7.39,20.55,2.78,observed,A,78.0,3
C-S4-BLR,S4,BLR,K05,afternoon,1,354.3,435.6,2.271,154.35,963.12,6.24,observed,A,78.0,3
C-S4-BLR,S4,BLR,K05,afternoon,5,333.1,178.6,0.657,59.49,278.74,4.686,observed,A,78.0,3
C-S4-BLR,S4,BLR,K05,afternoon,9,304.7,74.1,0.177,22.57,75.12,3.329,observed,A,78.0,3
C-S4-BLR,S4,BLR,K05,afternoon,13,269.3,34.8,0.062,9.38,26.29,2.801,observed,A,78.0,3
C-S4-BLR,S4,BLR,K05,evening,1,348.8,517.1,2.696,180.36,1143.15,6.338,observed,A,78.0,3
C-S4-BLR,S4,BLR,K05,evening,5,327.9,212.0,0.78,69.51,330.84,4.76,observed,A,78.0,3
C-S4-BLR,S4,BLR,K05,evening,9,300.0,87.9,0.21,26.37,89.17,3.382,observed,A,78.0,3
C-S4-BLR,S4,BLR,K05,evening,13,265.1,41.4,0.074,10.97,31.2,2.845,observed,A,78.0,3
C-S4-BLR,S4,BLR,K06,night,1,399.9,76.1,0.652,30.45,276.25,9.073,observed,A,125.0,2
C-S4-BLR,S4,BLR,K06,night,5,375.9,31.2,0.189,11.73,79.95,6.813,observed,A,125.0,2
C-S4-BLR,S4,BLR,K06,night,9,343.9,12.9,0.051,4.45,21.55,4.841,observed,A,125.0,2
C-S4-BLR,S4,BLR,K06,night,13,303.9,6.1,0.018,1.85,7.54,4.073,observed,A,125.0,2
C-S4-BLR,S4,BLR,K06,morning,1,388.4,192.2,1.645,74.65,697.36,9.342,observed,A,125.0,2
C-S4-BLR,S4,BLR,K06,morning,5,365.1,78.8,0.476,28.77,201.82,7.015,observed,A,125.0,2
C-S4-BLR,S4,BLR,K06,morning,9,334.0,32.7,0.128,10.91,54.39,4.984,observed,A,125.0,2
C-S4-BLR,S4,BLR,K06,morning,13,295.2,15.4,0.045,4.54,19.03,4.194,observed,A,125.0,2
C-S4-BLR,S4,BLR,K06,afternoon,1,387.1,242.9,2.078,94.03,881.23,9.372,observed,A,125.0,2
C-S4-BLR,S4,BLR,K06,afternoon,5,363.9,99.6,0.602,36.24,255.04,7.038,observed,A,125.0,2
C-S4-BLR,S4,BLR,K06,afternoon,9,332.9,41.3,0.162,13.75,68.74,5.0,observed,A,125.0,2
C-S4-BLR,S4,BLR,K06,afternoon,13,294.2,19.4,0.057,5.72,24.05,4.207,observed,A,125.0,2
C-S4-BLR,S4,BLR,K06,evening,1,381.1,281.9,2.412,107.43,1022.83,9.521,observed,A,125.0,2
C-S4-BLR,S4,BLR,K06,evening,5,358.2,115.6,0.698,41.4,296.02,7.15,observed,A,125.0,2
C-S4-BLR,S4,BLR,K06,evening,9,327.7,47.9,0.188,15.71,79.78,5.08,observed,A,125.0,2
C-S4-BLR,S4,BLR,K06,evening,13,289.6,22.6,0.066,6.53,27.92,4.274,observed,A,125.0,2
C-S4-BLR,S4,BLR,K10,night,1,438.1,59.6,0.118,26.11,50.06,1.917,observed,A,26.0,2
C-S4-BLR,S4,BLR,K10,night,5,411.8,24.4,0.034,10.06,14.49,1.44,observed,A,26.0,2
C-S4-BLR,S4,BLR,K10,night,9,376.8,10.1,0.009,3.82,3.9,1.023,observed,A,26.0,2
C-S4-BLR,S4,BLR,K10,night,13,333.0,4.8,0.003,1.59,1.37,0.861,observed,A,26.0,2
C-S4-BLR,S4,BLR,K10,morning,1,428.0,170.5,0.338,72.98,143.23,1.963,observed,A,26.0,2
C-S4-BLR,S4,BLR,K10,morning,5,402.3,69.9,0.098,28.13,41.45,1.474,observed,A,26.0,2
C-S4-BLR,S4,BLR,K10,morning,9,368.1,29.0,0.026,10.67,11.17,1.047,observed,A,26.0,2
C-S4-BLR,S4,BLR,K10,morning,13,325.3,13.6,0.009,4.44,3.91,0.881,observed,A,26.0,2
C-S4-BLR,S4,BLR,K10,afternoon,1,425.9,206.0,0.408,87.75,173.06,1.972,observed,A,26.0,2
C-S4-BLR,S4,BLR,K10,afternoon,5,400.4,84.5,0.118,33.82,50.09,1.481,observed,A,26.0,2
C-S4-BLR,S4,BLR,K10,afternoon,9,366.3,35.0,0.032,12.83,13.5,1.052,observed,A,26.0,2
C-S4-BLR,S4,BLR,K10,afternoon,13,323.7,16.5,0.011,5.34,4.72,0.885,observed,A,26.0,2
C-S4-BLR,S4,BLR,K10,evening,1,420.2,248.6,0.492,104.45,208.79,1.999,observed,A,26.0,2
C-S4-BLR,S4,BLR,K10,evening,5,395.0,101.9,0.143,40.26,60.43,1.501,observed,A,26.0,2
C-S4-BLR,S4,BLR,K10,evening,9,361.4,42.3,0.038,15.27,16.29,1.066,observed,A,26.0,2
C-S4-BLR,S4,BLR,K10,evening,13,319.4,19.9,0.013,6.35,5.7,0.897,observed,A,26.0,2
C-S4-HYD,S4,HYD,K01,night,1,193.8,57.2,0.763,11.09,323.48,29.181,observed,A,31.0,6
C-S4-HYD,S4,HYD,K01,night,5,182.2,23.5,0.221,4.27,93.62,21.913,observed,A,31.0,6
C-S4-HYD,S4,HYD,K01,night,9,166.7,9.7,0.06,1.62,25.23,15.569,observed,A,31.0,6
C-S4-HYD,S4,HYD,K01,night,13,147.3,4.6,0.021,0.67,8.83,13.1,observed,A,31.0,6
C-S4-HYD,S4,HYD,K01,morning,1,200.4,143.0,1.907,28.65,808.47,28.217,observed,A,31.0,6
C-S4-HYD,S4,HYD,K01,morning,5,188.4,58.6,0.552,11.04,233.98,21.189,observed,A,31.0,6
C-S4-HYD,S4,HYD,K01,morning,9,172.4,24.3,0.149,4.19,63.06,15.054,observed,A,31.0,6
C-S4-HYD,S4,HYD,K01,morning,13,152.3,11.4,0.052,1.74,22.07,12.667,observed,A,31.0,6
C-S4-HYD,S4,HYD,K01,afternoon,1,202.4,179.2,2.39,36.27,1013.43,27.94,observed,A,31.0,6
C-S4-HYD,S4,HYD,K01,afternoon,5,190.3,73.5,0.692,13.98,293.3,20.981,observed,A,31.0,6
C-S4-HYD,S4,HYD,K01,afternoon,9,174.1,30.5,0.186,5.3,79.05,14.906,observed,A,31.0,6
C-S4-HYD,S4,HYD,K01,afternoon,13,153.8,14.3,0.065,2.21,27.66,12.543,observed,A,31.0,6
C-S4-HYD,S4,HYD,K01,evening,1,200.2,159.9,2.132,32.01,904.16,28.245,observed,A,31.0,6
C-S4-HYD,S4,HYD,K01,evening,5,188.2,65.5,0.617,12.34,261.68,21.21,observed,A,31.0,6
C-S4-HYD,S4,HYD,K01,evening,9,172.2,27.2,0.166,4.68,70.52,15.069,observed,A,31.0,6
C-S4-HYD,S4,HYD,K01,evening,13,152.2,12.8,0.058,1.95,24.68,12.68,observed,A,31.0,6
C-S4-HYD,S4,HYD,K05,night,1,318.2,107.3,0.66,34.16,279.68,8.188,observed,A,76.0,3
C-S4-HYD,S4,HYD,K05,night,5,299.1,44.0,0.191,13.16,80.94,6.149,observed,A,76.0,3
C-S4-HYD,S4,HYD,K05,night,9,273.7,18.2,0.051,4.99,21.82,4.368,observed,A,76.0,3
C-S4-HYD,S4,HYD,K05,night,13,241.9,8.6,0.018,2.08,7.63,3.676,observed,A,76.0,3
C-S4-HYD,S4,HYD,K05,morning,1,304.9,250.9,1.542,76.51,653.88,8.546,observed,A,76.0,3
C-S4-HYD,S4,HYD,K05,morning,5,286.6,102.9,0.446,29.49,189.24,6.418,observed,A,76.0,3
C-S4-HYD,S4,HYD,K05,morning,9,262.2,42.7,0.12,11.19,51.0,4.56,observed,A,76.0,3
C-S4-HYD,S4,HYD,K05,morning,13,231.7,20.1,0.042,4.65,17.85,3.837,observed,A,76.0,3
C-S4-HYD,S4,HYD,K05,afternoon,1,302.8,317.5,1.951,96.14,827.41,8.606,observed,A,76.0,3
C-S4-HYD,S4,HYD,K05,afternoon,5,284.6,130.2,0.565,37.05,239.46,6.462,observed,A,76.0,3
C-S4-HYD,S4,HYD,K05,afternoon,9,260.4,54.0,0.152,14.06,64.54,4.591,observed,A,76.0,3
C-S4-HYD,S4,HYD,K05,afternoon,13,230.1,25.4,0.053,5.85,22.58,3.863,observed,A,76.0,3
C-S4-HYD,S4,HYD,K05,evening,1,303.7,268.8,1.652,81.65,700.51,8.58,observed,A,76.0,3
C-S4-HYD,S4,HYD,K05,evening,5,285.5,110.2,0.478,31.47,202.74,6.443,observed,A,76.0,3
C-S4-HYD,S4,HYD,K05,evening,9,261.2,45.7,0.129,11.94,54.64,4.577,observed,A,76.0,3
C-S4-HYD,S4,HYD,K05,evening,13,230.8,21.5,0.045,4.96,19.12,3.852,observed,A,76.0,3
C-S4-HYD,S4,HYD,K06,night,1,354.5,47.1,0.318,16.7,134.7,8.064,observed,A,48.0,2
C-S4-HYD,S4,HYD,K06,night,5,333.2,19.3,0.092,6.44,38.98,6.056,observed,A,48.0,2
C-S4-HYD,S4,HYD,K06,night,9,304.9,8.0,0.025,2.44,10.51,4.302,observed,A,48.0,2
C-S4-HYD,S4,HYD,K06,night,13,269.4,3.8,0.009,1.02,3.68,3.62,observed,A,48.0,2
C-S4-HYD,S4,HYD,K06,morning,1,344.0,131.6,0.887,45.26,376.07,8.309,observed,A,48.0,2
C-S4-HYD,S4,HYD,K06,morning,5,323.4,53.9,0.257,17.44,108.84,6.24,observed,A,48.0,2
C-S4-HYD,S4,HYD,K06,morning,9,295.9,22.4,0.069,6.62,29.33,4.433,observed,A,48.0,2
C-S4-HYD,S4,HYD,K06,morning,13,261.5,10.5,0.024,2.75,10.26,3.73,observed,A,48.0,2
C-S4-HYD,S4,HYD,K06,afternoon,1,343.0,165.0,1.112,56.59,471.68,8.334,observed,A,48.0,2
C-S4-HYD,S4,HYD,K06,afternoon,5,322.4,67.7,0.322,21.81,136.51,6.259,observed,A,48.0,2
C-S4-HYD,S4,HYD,K06,afternoon,9,295.0,28.1,0.087,8.27,36.79,4.447,observed,A,48.0,2
C-S4-HYD,S4,HYD,K06,afternoon,13,260.7,13.2,0.03,3.44,12.87,3.741,observed,A,48.0,2
C-S4-HYD,S4,HYD,K06,evening,1,342.5,139.8,0.943,47.9,399.75,8.345,observed,A,48.0,2
C-S4-HYD,S4,HYD,K06,evening,5,322.0,57.3,0.273,18.46,115.69,6.267,observed,A,48.0,2
C-S4-HYD,S4,HYD,K06,evening,9,294.6,23.8,0.074,7.0,31.18,4.452,observed,A,48.0,2
C-S4-HYD,S4,HYD,K06,evening,13,260.3,11.2,0.026,2.91,10.91,3.746,observed,A,48.0,2
C-S4-HYD,S4,HYD,K10,night,1,384.6,27.7,0.049,10.64,20.98,1.972,observed,C,8.0,3
C-S4-HYD,S4,HYD,K10,night,5,361.6,11.3,0.014,4.1,6.07,1.481,observed,C,8.0,3
C-S4-HYD,S4,HYD,K10,night,9,330.8,4.7,0.004,1.55,1.64,1.052,observed,C,8.0,3
C-S4-HYD,S4,HYD,K10,night,13,292.3,2.2,0.001,0.65,0.57,0.885,observed,C,8.0,3
C-S4-HYD,S4,HYD,K10,morning,1,378.5,92.0,0.165,34.82,69.79,2.004,observed,C,8.0,4
C-S4-HYD,S4,HYD,K10,morning,5,355.8,37.7,0.048,13.42,20.2,1.505,observed,C,8.0,4
C-S4-HYD,S4,HYD,K10,morning,9,325.5,15.6,0.013,5.09,5.44,1.069,observed,C,8.0,4
C-S4-HYD,S4,HYD,K10,morning,13,287.7,7.4,0.004,2.12,1.9,0.9,observed,C,8.0,4
C-S4-HYD,S4,HYD,K10,afternoon,1,376.3,120.0,0.215,45.16,91.05,2.016,observed,C,8.0,4
C-S4-HYD,S4,HYD,K10,afternoon,5,353.7,49.2,0.062,17.4,26.35,1.514,observed,C,8.0,4
C-S4-HYD,S4,HYD,K10,afternoon,9,323.6,20.4,0.017,6.6,7.1,1.076,observed,C,8.0,4
C-S4-HYD,S4,HYD,K10,afternoon,13,286.0,9.6,0.006,2.75,2.49,0.905,observed,C,8.0,4
C-S4-HYD,S4,HYD,K10,evening,1,374.9,99.6,0.178,37.33,75.54,2.024,observed,C,8.0,4
C-S4-HYD,S4,HYD,K10,evening,5,352.4,40.8,0.052,14.39,21.86,1.52,observed,C,8.0,4
C-S4-HYD,S4,HYD,K10,evening,9,322.4,16.9,0.014,5.46,5.89,1.08,observed,C,8.0,4
C-S4-HYD,S4,HYD,K10,evening,13,284.9,8.0,0.005,2.27,2.06,0.908,observed,C,8.0,4
C-S4-PUN,S4,PUN,K01,night,1,178.5,33.3,0.449,5.95,190.43,32.017,observed,A,71.0,2
C-S4-PUN,S4,PUN,K01,night,5,167.8,13.7,0.13,2.29,55.11,24.043,observed,A,71.0,2
C-S4-PUN,S4,PUN,K01,night,9,153.5,5.7,0.035,0.87,14.85,17.081,observed,A,71.0,2
C-S4-PUN,S4,PUN,K01,night,13,135.7,2.7,0.012,0.36,5.2,14.373,observed,A,71.0,2
C-S4-PUN,S4,PUN,K01,morning,1,178.8,94.9,1.279,16.96,542.27,31.97,observed,A,71.0,2
C-S4-PUN,S4,PUN,K01,morning,5,168.0,38.9,0.37,6.54,156.94,24.008,observed,A,71.0,2
C-S4-PUN,S4,PUN,K01,morning,9,153.7,16.1,0.1,2.48,42.3,17.057,observed,A,71.0,2
C-S4-PUN,S4,PUN,K01,morning,13,135.9,7.6,0.035,1.03,14.8,14.352,observed,A,71.0,2
C-S4-PUN,S4,PUN,K01,afternoon,1,179.6,120.5,1.624,21.64,688.46,31.813,observed,A,71.0,2
C-S4-PUN,S4,PUN,K01,afternoon,5,168.9,49.4,0.47,8.34,199.25,23.889,observed,A,71.0,2
C-S4-PUN,S4,PUN,K01,afternoon,9,154.5,20.5,0.127,3.16,53.7,16.973,observed,A,71.0,2
C-S4-PUN,S4,PUN,K01,afternoon,13,136.5,9.6,0.044,1.32,18.79,14.281,observed,A,71.0,2
C-S4-PUN,S4,PUN,K01,evening,1,176.6,101.8,1.372,17.97,581.78,32.368,observed,A,71.0,2
C-S4-PUN,S4,PUN,K01,evening,5,166.0,41.7,0.397,6.93,168.37,24.306,observed,A,71.0,2
C-S4-PUN,S4,PUN,K01,evening,9,151.8,17.3,0.107,2.63,45.38,17.269,observed,A,71.0,2
C-S4-PUN,S4,PUN,K01,evening,13,134.2,8.1,0.037,1.09,15.88,14.531,observed,A,71.0,2
C-S4-PUN,S4,PUN,K05,night,1,319.7,29.5,0.175,9.42,74.35,7.896,observed,B,18.0,3
C-S4-PUN,S4,PUN,K05,night,5,300.5,12.1,0.051,3.63,21.52,5.929,observed,B,18.0,3
C-S4-PUN,S4,PUN,K05,night,9,274.9,5.0,0.014,1.38,5.8,4.213,observed,B,18.0,3
C-S4-PUN,S4,PUN,K05,night,13,242.9,2.4,0.005,0.57,2.03,3.545,observed,B,18.0,3
C-S4-PUN,S4,PUN,K05,morning,1,308.6,90.3,0.537,27.86,227.81,8.178,observed,B,18.0,4
C-S4-PUN,S4,PUN,K05,morning,5,290.1,37.0,0.156,10.74,65.93,6.141,observed,B,18.0,4
C-S4-PUN,S4,PUN,K05,morning,9,265.4,15.3,0.042,4.07,17.77,4.363,observed,B,18.0,4
C-S4-PUN,S4,PUN,K05,morning,13,234.6,7.2,0.015,1.69,6.22,3.671,observed,B,18.0,4
C-S4-PUN,S4,PUN,K05,afternoon,1,309.7,100.0,0.595,30.97,252.38,8.149,observed,B,18.0,4
C-S4-PUN,S4,PUN,K05,afternoon,5,291.1,41.0,0.172,11.94,73.04,6.12,observed,B,18.0,4
C-S4-PUN,S4,PUN,K05,afternoon,9,266.4,17.0,0.046,4.53,19.69,4.348,observed,B,18.0,4
C-S4-PUN,S4,PUN,K05,afternoon,13,235.4,8.0,0.016,1.88,6.89,3.658,observed,B,18.0,4
C-S4-PUN,S4,PUN,K05,evening,1,305.7,92.3,0.55,28.22,233.04,8.257,observed,B,18.0,4
C-S4-PUN,S4,PUN,K05,evening,5,287.3,37.9,0.159,10.88,67.44,6.201,observed,B,18.0,4
C-S4-PUN,S4,PUN,K05,evening,9,262.9,15.7,0.043,4.13,18.18,4.405,observed,B,18.0,4
C-S4-PUN,S4,PUN,K05,evening,13,232.3,7.4,0.015,1.72,6.36,3.707,observed,B,18.0,4
C-S4-PUN,S4,PUN,K06,night,1,346.2,22.8,0.163,7.88,69.32,8.796,observed,A,40.0,1
C-S4-PUN,S4,PUN,K06,night,5,325.4,9.3,0.047,3.04,20.06,6.605,observed,A,40.0,1
C-S4-PUN,S4,PUN,K06,night,9,297.7,3.9,0.013,1.15,5.41,4.693,observed,A,40.0,1
C-S4-PUN,S4,PUN,K06,night,13,263.1,1.8,0.004,0.48,1.89,3.949,observed,A,40.0,1
C-S4-PUN,S4,PUN,K06,morning,1,340.7,70.9,0.509,24.16,215.97,8.938,observed,A,40.0,2
C-S4-PUN,S4,PUN,K06,morning,5,320.2,29.1,0.147,9.31,62.5,6.712,observed,A,40.0,2
C-S4-PUN,S4,PUN,K06,morning,9,293.0,12.1,0.04,3.53,16.85,4.769,observed,A,40.0,2
C-S4-PUN,S4,PUN,K06,morning,13,258.9,5.7,0.014,1.47,5.89,4.012,observed,A,40.0,2
C-S4-PUN,S4,PUN,K06,afternoon,1,338.0,94.2,0.677,31.85,286.89,9.008,observed,A,40.0,2
C-S4-PUN,S4,PUN,K06,afternoon,5,317.8,38.6,0.196,12.27,83.03,6.764,observed,A,40.0,2
C-S4-PUN,S4,PUN,K06,afternoon,9,290.7,16.0,0.053,4.66,22.38,4.806,observed,A,40.0,2
C-S4-PUN,S4,PUN,K06,afternoon,13,256.9,7.5,0.018,1.94,7.83,4.044,observed,A,40.0,2
C-S4-PUN,S4,PUN,K06,evening,1,335.6,77.1,0.554,25.89,234.9,9.074,observed,A,40.0,2
C-S4-PUN,S4,PUN,K06,evening,5,315.4,31.6,0.16,9.98,67.98,6.814,observed,A,40.0,2
C-S4-PUN,S4,PUN,K06,evening,9,288.6,13.1,0.043,3.78,18.32,4.841,observed,A,40.0,2
C-S4-PUN,S4,PUN,K06,evening,13,255.0,6.2,0.015,1.57,6.41,4.074,observed,A,40.0,2
C-S4-PUN,S4,PUN,K10,night,1,372.7,13.8,0.027,5.16,11.26,2.182,observed,C,6.0,3
C-S4-PUN,S4,PUN,K10,night,5,350.3,5.7,0.008,1.99,3.26,1.639,observed,C,6.0,3
C-S4-PUN,S4,PUN,K10,night,9,320.5,2.4,0.002,0.75,0.88,1.164,observed,C,6.0,3
C-S4-PUN,S4,PUN,K10,night,13,283.3,1.1,0.001,0.31,0.31,0.98,observed,C,6.0,3
C-S4-PUN,S4,PUN,K10,morning,1,372.3,44.7,0.086,16.63,36.34,2.185,observed,C,6.0,3
C-S4-PUN,S4,PUN,K10,morning,5,350.0,18.3,0.025,6.41,10.52,1.64,observed,C,6.0,3
C-S4-PUN,S4,PUN,K10,morning,9,320.2,7.6,0.007,2.43,2.83,1.165,observed,C,6.0,3
C-S4-PUN,S4,PUN,K10,morning,13,282.9,3.6,0.002,1.01,0.99,0.981,observed,C,6.0,3
C-S4-PUN,S4,PUN,K10,afternoon,1,371.5,62.4,0.12,23.16,50.71,2.189,observed,C,6.0,3
C-S4-PUN,S4,PUN,K10,afternoon,5,349.2,25.6,0.035,8.93,14.68,1.644,observed,C,6.0,3
C-S4-PUN,S4,PUN,K10,afternoon,9,319.5,10.6,0.009,3.39,3.96,1.168,observed,C,6.0,3
C-S4-PUN,S4,PUN,K10,afternoon,13,282.3,5.0,0.003,1.41,1.38,0.983,observed,C,6.0,3
C-S4-PUN,S4,PUN,K10,evening,1,369.3,48.2,0.092,17.8,39.19,2.202,observed,C,6.0,3
C-S4-PUN,S4,PUN,K10,evening,5,347.2,19.8,0.027,6.86,11.34,1.654,observed,C,6.0,3
C-S4-PUN,S4,PUN,K10,evening,9,317.6,8.2,0.007,2.6,3.06,1.175,observed,C,6.0,3
C-S4-PUN,S4,PUN,K10,evening,13,280.7,3.9,0.003,1.08,1.07,0.989,observed,C,6.0,3
C-S5-DEL,S5,DEL,K01,night,1,202.9,177.3,2.503,35.97,315.33,8.766,observed,A,197.0,2
C-S5-DEL,S5,DEL,K01,night,5,190.7,72.7,0.724,13.86,91.26,6.582,observed,A,197.0,2
C-S5-DEL,S5,DEL,K01,night,9,174.5,30.1,0.195,5.26,24.6,4.677,observed,A,197.0,2
C-S5-DEL,S5,DEL,K01,night,13,154.2,14.2,0.068,2.19,8.61,3.935,observed,A,197.0,2
C-S5-DEL,S5,DEL,K01,morning,1,205.3,412.0,5.816,84.59,732.79,8.663,observed,A,197.0,2
C-S5-DEL,S5,DEL,K01,morning,5,193.0,168.9,1.683,32.6,212.08,6.506,observed,A,197.0,2
C-S5-DEL,S5,DEL,K01,morning,9,176.5,70.0,0.454,12.37,57.16,4.622,observed,A,197.0,2
C-S5-DEL,S5,DEL,K01,morning,13,156.0,33.0,0.159,5.14,20.0,3.889,observed,A,197.0,2
C-S5-DEL,S5,DEL,K01,afternoon,1,204.9,280.1,3.953,57.38,498.05,8.68,truncated,A,197.0,2
C-S5-DEL,S5,DEL,K01,afternoon,5,192.6,114.8,1.144,22.12,144.14,6.518,truncated,A,197.0,2
C-S5-DEL,S5,DEL,K01,afternoon,9,176.2,47.6,0.308,8.39,38.85,4.631,truncated,A,197.0,2
C-S5-DEL,S5,DEL,K01,afternoon,13,155.7,22.4,0.108,3.49,13.59,3.896,truncated,A,197.0,2
C-S5-DEL,S5,DEL,K01,evening,1,207.9,509.2,7.187,105.86,905.55,8.554,prior,A,197.0,0
C-S5-DEL,S5,DEL,K01,evening,5,195.4,208.8,2.08,40.8,262.08,6.424,prior,A,197.0,0
C-S5-DEL,S5,DEL,K01,evening,9,178.8,86.6,0.561,15.48,70.63,4.564,prior,A,197.0,0
C-S5-DEL,S5,DEL,K01,evening,13,158.0,40.7,0.196,6.44,24.72,3.84,prior,A,197.0,0
C-S5-DEL,S5,DEL,K03,night,1,294.3,620.2,2.344,182.53,295.32,1.618,observed,A,96.0,4
C-S5-DEL,S5,DEL,K03,night,5,276.6,254.3,0.678,70.35,85.47,1.215,observed,A,96.0,4
C-S5-DEL,S5,DEL,K03,night,9,253.1,105.4,0.183,26.69,23.04,0.863,observed,A,96.0,4
C-S5-DEL,S5,DEL,K03,night,13,223.7,49.6,0.064,11.1,8.06,0.726,observed,A,96.0,4
C-S5-DEL,S5,DEL,K03,morning,1,285.8,1428.6,5.399,408.28,680.22,1.666,observed,A,96.0,4
C-S5-DEL,S5,DEL,K03,morning,5,268.6,585.7,1.562,157.35,196.86,1.251,observed,A,96.0,4
C-S5-DEL,S5,DEL,K03,morning,9,245.8,242.9,0.421,59.69,53.06,0.889,observed,A,96.0,4
C-S5-DEL,S5,DEL,K03,morning,13,217.2,114.3,0.147,24.82,18.57,0.748,observed,A,96.0,4
C-S5-DEL,S5,DEL,K03,afternoon,1,293.4,1431.4,5.409,420.01,681.55,1.623,truncated,A,96.0,4
C-S5-DEL,S5,DEL,K03,afternoon,5,275.8,586.9,1.565,161.87,197.25,1.219,truncated,A,96.0,4
C-S5-DEL,S5,DEL,K03,afternoon,9,252.4,243.3,0.422,61.41,53.16,0.866,truncated,A,96.0,4
C-S5-DEL,S5,DEL,K03,afternoon,13,223.0,114.5,0.148,25.54,18.6,0.728,truncated,A,96.0,4
C-S5-DEL,S5,DEL,K03,evening,1,356.4,2602.5,9.835,927.53,1239.18,1.336,prior,A,96.0,0
C-S5-DEL,S5,DEL,K03,evening,5,335.0,1067.0,2.846,357.47,358.63,1.003,prior,A,96.0,0
C-S5-DEL,S5,DEL,K03,evening,9,306.5,442.4,0.767,135.6,96.66,0.713,prior,A,96.0,0
C-S5-DEL,S5,DEL,K03,evening,13,270.9,208.2,0.268,56.39,33.82,0.6,prior,A,96.0,0
C-S5-DEL,S5,DEL,K08,night,1,261.2,28.2,0.276,7.36,34.79,4.726,observed,A,28.0,2
C-S5-DEL,S5,DEL,K08,night,5,245.5,11.6,0.08,2.84,10.07,3.549,observed,A,28.0,2
C-S5-DEL,S5,DEL,K08,night,9,224.6,4.8,0.022,1.08,2.71,2.521,observed,A,28.0,2
C-S5-DEL,S5,DEL,K08,night,13,198.5,2.3,0.008,0.45,0.95,2.122,observed,A,28.0,2
C-S5-DEL,S5,DEL,K08,morning,1,254.7,66.4,0.651,16.91,81.97,4.847,observed,A,28.0,2
C-S5-DEL,S5,DEL,K08,morning,5,239.4,27.2,0.188,6.52,23.72,3.64,observed,A,28.0,2
C-S5-DEL,S5,DEL,K08,morning,9,219.0,11.3,0.051,2.47,6.39,2.586,observed,A,28.0,2
C-S5-DEL,S5,DEL,K08,morning,13,193.6,5.3,0.018,1.03,2.24,2.176,observed,A,28.0,2
C-S5-DEL,S5,DEL,K08,afternoon,1,266.7,70.0,0.686,18.67,86.43,4.629,truncated,A,28.0,2
C-S5-DEL,S5,DEL,K08,afternoon,5,250.7,28.7,0.199,7.2,25.01,3.476,truncated,A,28.0,2
C-S5-DEL,S5,DEL,K08,afternoon,9,229.3,11.9,0.054,2.73,6.74,2.47,truncated,A,28.0,2
C-S5-DEL,S5,DEL,K08,afternoon,13,202.7,5.6,0.019,1.14,2.36,2.078,truncated,A,28.0,2
C-S5-DEL,S5,DEL,K08,evening,1,277.2,127.3,1.247,35.29,157.14,4.453,prior,A,28.0,0
C-S5-DEL,S5,DEL,K08,evening,5,260.6,52.2,0.361,13.6,45.48,3.344,prior,A,28.0,0
C-S5-DEL,S5,DEL,K08,evening,9,238.4,21.6,0.097,5.16,12.26,2.376,prior,A,28.0,0
C-S5-DEL,S5,DEL,K08,evening,13,210.7,10.2,0.034,2.15,4.29,1.999,prior,A,28.0,0
C-S5-MUM,S5,MUM,K01,night,1,230.2,66.2,0.905,15.24,114.02,7.482,observed,A,34.0,6
C-S5-MUM,S5,MUM,K01,night,5,216.4,27.1,0.262,5.87,33.0,5.618,observed,A,34.0,6
C-S5-MUM,S5,MUM,K01,night,9,198.0,11.3,0.071,2.23,8.89,3.992,observed,A,34.0,6
C-S5-MUM,S5,MUM,K01,night,13,175.0,5.3,0.025,0.93,3.11,3.359,observed,A,34.0,6
C-S5-MUM,S5,MUM,K01,morning,1,232.8,135.5,1.852,31.54,233.37,7.399,observed,A,34.0,6
C-S5-MUM,S5,MUM,K01,morning,5,218.9,55.5,0.536,12.16,67.54,5.556,observed,A,34.0,6
C-S5-MUM,S5,MUM,K01,morning,9,200.2,23.0,0.144,4.61,18.2,3.947,observed,A,34.0,6
C-S5-MUM,S5,MUM,K01,morning,13,176.9,10.8,0.051,1.92,6.37,3.321,observed,A,34.0,6
C-S5-MUM,S5,MUM,K01,afternoon,1,234.8,160.1,2.188,37.59,275.74,7.336,observed,A,34.0,6
C-S5-MUM,S5,MUM,K01,afternoon,5,220.7,65.6,0.633,14.49,79.8,5.509,observed,A,34.0,6
C-S5-MUM,S5,MUM,K01,afternoon,9,201.9,27.2,0.171,5.5,21.51,3.914,observed,A,34.0,6
C-S5-MUM,S5,MUM,K01,afternoon,13,178.5,12.8,0.06,2.29,7.53,3.293,observed,A,34.0,6
C-S5-MUM,S5,MUM,K01,evening,1,230.3,203.1,2.777,46.76,349.84,7.481,observed,A,34.0,6
C-S5-MUM,S5,MUM,K01,evening,5,216.4,83.3,0.804,18.02,101.25,5.618,observed,A,34.0,6
C-S5-MUM,S5,MUM,K01,evening,9,198.0,34.5,0.217,6.84,27.29,3.991,observed,A,34.0,6
C-S5-MUM,S5,MUM,K01,evening,13,175.0,16.2,0.076,2.84,9.55,3.359,observed,A,34.0,6
C-S5-MUM,S5,MUM,K03,night,1,335.8,617.9,2.394,207.47,301.59,1.454,observed,A,330.0,2
C-S5-MUM,S5,MUM,K03,night,5,315.6,253.3,0.693,79.96,87.28,1.092,observed,A,330.0,2
C-S5-MUM,S5,MUM,K03,night,9,288.8,105.0,0.187,30.33,23.52,0.776,observed,A,330.0,2
C-S5-MUM,S5,MUM,K03,night,13,255.2,49.4,0.065,12.61,8.23,0.653,observed,A,330.0,2
C-S5-MUM,S5,MUM,K03,morning,1,338.5,1232.0,4.773,416.99,601.37,1.442,observed,A,330.0,2
C-S5-MUM,S5,MUM,K03,morning,5,318.2,505.1,1.381,160.71,174.04,1.083,observed,A,330.0,2
C-S5-MUM,S5,MUM,K03,morning,9,291.1,209.4,0.372,60.96,46.91,0.769,observed,A,330.0,2
C-S5-MUM,S5,MUM,K03,morning,13,257.2,98.6,0.13,25.35,16.41,0.647,observed,A,330.0,2
C-S5-MUM,S5,MUM,K03,afternoon,1,340.1,1506.5,5.836,512.38,735.35,1.435,observed,A,330.0,2
C-S5-MUM,S5,MUM,K03,afternoon,5,319.7,617.7,1.689,197.47,212.82,1.078,observed,A,330.0,2
C-S5-MUM,S5,MUM,K03,afternoon,9,292.5,256.1,0.455,74.91,57.36,0.766,observed,A,330.0,2
C-S5-MUM,S5,MUM,K03,afternoon,13,258.5,120.5,0.159,31.15,20.07,0.644,observed,A,330.0,2
C-S5-MUM,S5,MUM,K03,evening,1,334.4,1575.9,6.105,526.95,769.2,1.46,observed,A,330.0,2
C-S5-MUM,S5,MUM,K03,evening,5,314.3,646.1,1.767,203.09,222.62,1.096,observed,A,330.0,2
C-S5-MUM,S5,MUM,K03,evening,9,287.6,267.9,0.476,77.04,60.0,0.779,observed,A,330.0,2
C-S5-MUM,S5,MUM,K03,evening,13,254.1,126.1,0.167,32.04,20.99,0.655,observed,A,330.0,2
C-S5-MUM,S5,MUM,K08,night,1,296.0,26.7,0.316,7.9,39.77,5.033,observed,A,65.0,2
C-S5-MUM,S5,MUM,K08,night,5,278.2,10.9,0.091,3.05,11.51,3.779,observed,A,65.0,2
C-S5-MUM,S5,MUM,K08,night,9,254.5,4.5,0.025,1.16,3.1,2.685,observed,A,65.0,2
C-S5-MUM,S5,MUM,K08,night,13,224.9,2.1,0.009,0.48,1.09,2.259,observed,A,65.0,2
C-S5-MUM,S5,MUM,K08,morning,1,292.0,57.7,0.682,16.85,85.94,5.101,observed,A,65.0,1
C-S5-MUM,S5,MUM,K08,morning,5,274.5,23.7,0.197,6.49,24.87,3.831,observed,A,65.0,1
C-S5-MUM,S5,MUM,K08,morning,9,251.1,9.8,0.053,2.46,6.7,2.721,observed,A,65.0,1
C-S5-MUM,S5,MUM,K08,morning,13,221.9,4.6,0.019,1.02,2.35,2.29,observed,A,65.0,1
C-S5-MUM,S5,MUM,K08,afternoon,1,291.6,68.4,0.808,19.93,101.81,5.107,observed,A,65.0,2
C-S5-MUM,S5,MUM,K08,afternoon,5,274.1,28.0,0.234,7.68,29.47,3.835,observed,A,65.0,2
C-S5-MUM,S5,MUM,K08,afternoon,9,250.8,11.6,0.063,2.91,7.94,2.725,observed,A,65.0,2
C-S5-MUM,S5,MUM,K08,afternoon,13,221.6,5.5,0.022,1.21,2.78,2.293,observed,A,65.0,2
C-S5-MUM,S5,MUM,K08,evening,1,285.8,75.4,0.891,21.55,112.29,5.212,observed,A,65.0,1
C-S5-MUM,S5,MUM,K08,evening,5,268.6,30.9,0.258,8.3,32.5,3.914,observed,A,65.0,1
C-S5-MUM,S5,MUM,K08,evening,9,245.8,12.8,0.07,3.15,8.76,2.78,observed,A,65.0,1
C-S5-MUM,S5,MUM,K08,evening,13,217.2,6.0,0.024,1.31,3.06,2.34,observed,A,65.0,1
C-S5-BLR,S5,BLR,K01,night,1,222.4,52.6,0.778,11.71,98.05,8.377,observed,A,38.0,6
C-S5-BLR,S5,BLR,K01,night,5,209.1,21.6,0.225,4.51,28.38,6.291,observed,A,38.0,6
C-S5-BLR,S5,BLR,K01,night,9,191.3,8.9,0.061,1.71,7.65,4.469,observed,A,38.0,6
C-S5-BLR,S5,BLR,K01,night,13,169.1,4.2,0.021,0.71,2.68,3.761,observed,A,38.0,6
C-S5-BLR,S5,BLR,K01,morning,1,228.0,132.1,1.954,30.12,246.18,8.173,observed,A,38.0,6
C-S5-BLR,S5,BLR,K01,morning,5,214.3,54.2,0.565,11.61,71.25,6.137,observed,A,38.0,6
C-S5-BLR,S5,BLR,K01,morning,9,196.1,22.5,0.152,4.4,19.2,4.36,observed,A,38.0,6
C-S5-BLR,S5,BLR,K01,morning,13,173.3,10.6,0.053,1.83,6.72,3.669,observed,A,38.0,6
C-S5-BLR,S5,BLR,K01,afternoon,1,230.6,176.0,2.602,40.58,327.9,8.081,observed,A,38.0,6
C-S5-BLR,S5,BLR,K01,afternoon,5,216.7,72.2,0.753,15.64,94.9,6.069,observed,A,38.0,6
C-S5-BLR,S5,BLR,K01,afternoon,9,198.3,29.9,0.203,5.93,25.58,4.312,observed,A,38.0,6
C-S5-BLR,S5,BLR,K01,afternoon,13,175.2,14.1,0.071,2.47,8.95,3.628,observed,A,38.0,6
C-S5-BLR,S5,BLR,K01,evening,1,224.6,261.5,3.867,58.72,487.23,8.298,observed,A,38.0,5
C-S5-BLR,S5,BLR,K01,evening,5,211.1,107.2,1.119,22.63,141.01,6.231,observed,A,38.0,5
C-S5-BLR,S5,BLR,K01,evening,9,193.1,44.5,0.302,8.58,38.0,4.427,observed,A,38.0,5
C-S5-BLR,S5,BLR,K01,evening,13,170.7,20.9,0.106,3.57,13.3,3.725,observed,A,38.0,5
C-S5-BLR,S5,BLR,K03,night,1,318.8,487.7,1.718,155.45,216.42,1.392,observed,A,135.0,3
C-S5-BLR,S5,BLR,K03,night,5,299.6,199.9,0.497,59.91,62.64,1.045,observed,A,135.0,3
C-S5-BLR,S5,BLR,K03,night,9,274.1,82.9,0.134,22.73,16.88,0.743,observed,A,135.0,3
C-S5-BLR,S5,BLR,K03,night,13,242.3,39.0,0.047,9.45,5.91,0.625,observed,A,135.0,3
C-S5-BLR,S5,BLR,K03,morning,1,310.7,1169.2,4.118,363.25,518.91,1.428,observed,A,135.0,3
C-S5-BLR,S5,BLR,K03,morning,5,292.0,479.4,1.192,140.0,150.18,1.073,observed,A,135.0,3
C-S5-BLR,S5,BLR,K03,morning,9,267.2,198.8,0.321,53.11,40.47,0.762,observed,A,135.0,3
C-S5-BLR,S5,BLR,K03,morning,13,236.1,93.5,0.112,22.09,14.16,0.641,observed,A,135.0,3
C-S5-BLR,S5,BLR,K03,afternoon,1,309.8,1335.3,4.703,413.67,592.62,1.433,observed,A,135.0,3
C-S5-BLR,S5,BLR,K03,afternoon,5,291.2,547.5,1.361,159.43,171.51,1.076,observed,A,135.0,3
C-S5-BLR,S5,BLR,K03,afternoon,9,266.4,227.0,0.367,60.48,46.22,0.764,observed,A,135.0,3
C-S5-BLR,S5,BLR,K03,afternoon,13,235.4,106.8,0.128,25.15,16.18,0.643,observed,A,135.0,3
C-S5-BLR,S5,BLR,K03,evening,1,315.1,1293.3,4.555,407.49,573.96,1.409,observed,A,135.0,4
C-S5-BLR,S5,BLR,K03,evening,5,296.2,530.3,1.318,157.04,166.11,1.058,observed,A,135.0,4
C-S5-BLR,S5,BLR,K03,evening,9,271.0,219.9,0.355,59.57,44.77,0.751,observed,A,135.0,4
C-S5-BLR,S5,BLR,K03,evening,13,239.5,103.5,0.124,24.78,15.67,0.632,observed,A,135.0,4
C-S5-BLR,S5,BLR,K08,night,1,278.2,20.5,0.178,5.7,22.43,3.932,observed,B,24.0,2
C-S5-BLR,S5,BLR,K08,night,5,261.5,8.4,0.052,2.2,6.49,2.952,observed,B,24.0,2
C-S5-BLR,S5,BLR,K08,night,9,239.3,3.5,0.014,0.83,1.75,2.098,observed,B,24.0,2
C-S5-BLR,S5,BLR,K08,night,13,211.4,1.6,0.005,0.35,0.61,1.765,observed,B,24.0,2
C-S5-BLR,S5,BLR,K08,morning,1,271.7,48.8,0.423,13.25,53.34,4.026,observed,B,24.0,2
C-S5-BLR,S5,BLR,K08,morning,5,255.4,20.0,0.123,5.11,15.44,3.023,observed,B,24.0,2
C-S5-BLR,S5,BLR,K08,morning,9,233.7,8.3,0.033,1.94,4.16,2.148,observed,B,24.0,2
C-S5-BLR,S5,BLR,K08,morning,13,206.5,3.9,0.012,0.81,1.46,1.807,observed,B,24.0,2
C-S5-BLR,S5,BLR,K08,afternoon,1,271.2,55.7,0.484,15.12,60.97,4.033,observed,B,24.0,2
C-S5-BLR,S5,BLR,K08,afternoon,5,254.9,22.9,0.14,5.83,17.65,3.029,observed,B,24.0,2
C-S5-BLR,S5,BLR,K08,afternoon,9,233.2,9.5,0.038,2.21,4.76,2.152,observed,B,24.0,2
C-S5-BLR,S5,BLR,K08,afternoon,13,206.1,4.5,0.013,0.92,1.66,1.81,observed,B,24.0,2
C-S5-BLR,S5,BLR,K08,evening,1,278.2,67.5,0.586,18.76,73.78,3.932,observed,B,24.0,2
C-S5-BLR,S5,BLR,K08,evening,5,261.5,27.7,0.169,7.23,21.35,2.953,observed,B,24.0,2
C-S5-BLR,S5,BLR,K08,evening,9,239.2,11.5,0.046,2.74,5.75,2.098,observed,B,24.0,2
C-S5-BLR,S5,BLR,K08,evening,13,211.4,5.4,0.016,1.14,2.01,1.765,observed,B,24.0,2
C-S5-HYD,S5,HYD,K01,night,1,189.6,76.2,1.092,14.45,137.6,9.522,observed,A,177.0,2
C-S5-HYD,S5,HYD,K01,night,5,178.2,31.2,0.316,5.57,39.82,7.15,observed,A,177.0,2
C-S5-HYD,S5,HYD,K01,night,9,163.1,13.0,0.085,2.11,10.73,5.08,observed,A,177.0,2
C-S5-HYD,S5,HYD,K01,night,13,144.1,6.1,0.03,0.88,3.76,4.275,observed,A,177.0,2
C-S5-HYD,S5,HYD,K01,morning,1,193.1,190.7,2.732,36.82,344.28,9.35,observed,A,177.0,2
C-S5-HYD,S5,HYD,K01,morning,5,181.5,78.2,0.791,14.19,99.64,7.021,observed,A,177.0,2
C-S5-HYD,S5,HYD,K01,morning,9,166.1,32.4,0.213,5.38,26.85,4.988,observed,A,177.0,2
C-S5-HYD,S5,HYD,K01,morning,13,146.7,15.3,0.075,2.24,9.4,4.197,observed,A,177.0,2
C-S5-HYD,S5,HYD,K01,afternoon,1,193.1,238.7,3.421,46.11,430.99,9.348,observed,A,177.0,2
C-S5-HYD,S5,HYD,K01,afternoon,5,181.5,97.9,0.99,17.77,124.73,7.02,observed,A,177.0,2
C-S5-HYD,S5,HYD,K01,afternoon,9,166.1,40.6,0.267,6.74,33.62,4.987,observed,A,177.0,2
C-S5-HYD,S5,HYD,K01,afternoon,13,146.8,19.1,0.093,2.8,11.76,4.196,observed,A,177.0,2
C-S5-HYD,S5,HYD,K01,evening,1,192.1,210.3,3.013,40.4,379.65,9.398,observed,A,177.0,2
C-S5-HYD,S5,HYD,K01,evening,5,180.6,86.2,0.872,15.57,109.87,7.057,observed,A,177.0,2
C-S5-HYD,S5,HYD,K01,evening,9,165.2,35.7,0.235,5.91,29.61,5.014,observed,A,177.0,2
C-S5-HYD,S5,HYD,K01,evening,13,146.0,16.8,0.082,2.46,10.36,4.219,observed,A,177.0,2
C-S5-HYD,S5,HYD,K03,night,1,283.6,283.5,1.189,80.42,149.86,1.864,observed,A,109.0,4
C-S5-HYD,S5,HYD,K03,night,5,266.6,116.2,0.344,30.99,43.37,1.399,observed,A,109.0,4
C-S5-HYD,S5,HYD,K03,night,9,243.9,48.2,0.093,11.76,11.69,0.994,observed,A,109.0,4
C-S5-HYD,S5,HYD,K03,night,13,215.6,22.7,0.032,4.89,4.09,0.837,observed,A,109.0,4
C-S5-HYD,S5,HYD,K03,morning,1,272.7,712.6,2.989,194.31,376.66,1.938,observed,A,109.0,4
C-S5-HYD,S5,HYD,K03,morning,5,256.3,292.2,0.865,74.89,109.01,1.456,observed,A,109.0,4
C-S5-HYD,S5,HYD,K03,morning,9,234.5,121.1,0.233,28.41,29.38,1.034,observed,A,109.0,4
C-S5-HYD,S5,HYD,K03,morning,13,207.2,57.0,0.082,11.81,10.28,0.87,observed,A,109.0,4
C-S5-HYD,S5,HYD,K03,afternoon,1,271.5,824.5,3.459,223.87,435.83,1.947,observed,A,109.0,4
C-S5-HYD,S5,HYD,K03,afternoon,5,255.2,338.1,1.001,86.28,126.13,1.462,observed,A,109.0,4
C-S5-HYD,S5,HYD,K03,afternoon,9,233.5,140.2,0.27,32.73,33.99,1.039,observed,A,109.0,4
C-S5-HYD,S5,HYD,K03,afternoon,13,206.3,66.0,0.094,13.61,11.9,0.874,observed,A,109.0,4
C-S5-HYD,S5,HYD,K03,evening,1,272.7,680.7,2.856,185.63,359.83,1.938,observed,A,109.0,4
C-S5-HYD,S5,HYD,K03,evening,5,256.3,279.1,0.826,71.54,104.14,1.456,observed,A,109.0,4
C-S5-HYD,S5,HYD,K03,evening,9,234.5,115.7,0.223,27.14,28.07,1.034,observed,A,109.0,4
C-S5-HYD,S5,HYD,K03,evening,13,207.2,54.5,0.078,11.29,9.82,0.87,observed,A,109.0,4
C-S5-HYD,S5,HYD,K08,night,1,245.9,11.2,0.103,2.75,13.04,4.75,observed,B,18.0,2
C-S5-HYD,S5,HYD,K08,night,5,231.2,4.6,0.03,1.06,3.77,3.567,observed,B,18.0,2
C-S5-HYD,S5,HYD,K08,night,9,211.5,1.9,0.008,0.4,1.02,2.534,observed,B,18.0,2
C-S5-HYD,S5,HYD,K08,night,13,186.9,0.9,0.003,0.17,0.36,2.132,observed,B,18.0,2
C-S5-HYD,S5,HYD,K08,morning,1,242.8,27.7,0.256,6.71,32.3,4.811,observed,B,18.0,2
C-S5-HYD,S5,HYD,K08,morning,5,228.2,11.3,0.074,2.59,9.35,3.613,observed,B,18.0,2
C-S5-HYD,S5,HYD,K08,morning,9,208.8,4.7,0.02,0.98,2.52,2.567,observed,B,18.0,2
C-S5-HYD,S5,HYD,K08,morning,13,184.5,2.2,0.007,0.41,0.88,2.16,observed,B,18.0,2
C-S5-HYD,S5,HYD,K08,afternoon,1,242.6,33.3,0.308,8.07,38.87,4.814,observed,B,18.0,2
C-S5-HYD,S5,HYD,K08,afternoon,5,228.1,13.6,0.089,3.11,11.25,3.615,observed,B,18.0,2
C-S5-HYD,S5,HYD,K08,afternoon,9,208.7,5.7,0.024,1.18,3.03,2.569,observed,B,18.0,2
C-S5-HYD,S5,HYD,K08,afternoon,13,184.4,2.7,0.008,0.49,1.06,2.161,observed,B,18.0,2
C-S5-HYD,S5,HYD,K08,evening,1,240.0,29.9,0.277,7.18,34.95,4.867,observed,B,18.0,2
C-S5-HYD,S5,HYD,K08,evening,5,225.6,12.3,0.08,2.77,10.11,3.654,observed,B,18.0,2
C-S5-HYD,S5,HYD,K08,evening,9,206.4,5.1,0.022,1.05,2.73,2.596,observed,B,18.0,2
C-S5-HYD,S5,HYD,K08,evening,13,182.4,2.4,0.008,0.44,0.95,2.185,observed,B,18.0,2
C-S5-PUN,S5,PUN,K01,night,1,182.7,14.2,0.246,2.59,31.01,11.988,observed,B,14.0,8
C-S5-PUN,S5,PUN,K01,night,5,171.8,5.8,0.071,1.0,8.97,9.002,observed,B,14.0,8
C-S5-PUN,S5,PUN,K01,night,9,157.2,2.4,0.019,0.38,2.42,6.396,observed,B,14.0,8
C-S5-PUN,S5,PUN,K01,night,13,138.9,1.1,0.007,0.16,0.85,5.381,observed,B,14.0,8
C-S5-PUN,S5,PUN,K01,morning,1,188.1,54.6,0.949,10.27,119.62,11.644,observed,B,14.0,8
C-S5-PUN,S5,PUN,K01,morning,5,176.9,22.4,0.275,3.96,34.62,8.744,observed,B,14.0,8
C-S5-PUN,S5,PUN,K01,morning,9,161.8,9.3,0.074,1.5,9.33,6.212,observed,B,14.0,8
C-S5-PUN,S5,PUN,K01,morning,13,143.0,4.4,0.026,0.62,3.26,5.227,observed,B,14.0,8
C-S5-PUN,S5,PUN,K01,afternoon,1,190.4,69.0,1.199,13.13,151.06,11.503,observed,B,14.0,7
C-S5-PUN,S5,PUN,K01,afternoon,5,179.0,28.3,0.347,5.06,43.72,8.638,observed,B,14.0,7
C-S5-PUN,S5,PUN,K01,afternoon,9,163.8,11.7,0.094,1.92,11.78,6.137,observed,B,14.0,7
C-S5-PUN,S5,PUN,K01,afternoon,13,144.7,5.5,0.033,0.8,4.12,5.164,observed,B,14.0,7
C-S5-PUN,S5,PUN,K01,evening,1,186.5,51.9,0.903,9.68,113.75,11.746,observed,B,14.0,8
C-S5-PUN,S5,PUN,K01,evening,5,175.3,21.3,0.261,3.73,32.92,8.82,observed,B,14.0,8
C-S5-PUN,S5,PUN,K01,evening,9,160.4,8.8,0.07,1.42,8.87,6.266,observed,B,14.0,8
C-S5-PUN,S5,PUN,K01,evening,13,141.7,4.2,0.025,0.59,3.1,5.273,observed,B,14.0,8
C-S5-PUN,S5,PUN,K03,night,1,291.4,170.8,0.511,49.77,64.36,1.293,observed,A,31.0,5
C-S5-PUN,S5,PUN,K03,night,5,274.0,70.0,0.148,19.18,18.63,0.971,observed,A,31.0,5
C-S5-PUN,S5,PUN,K03,night,9,250.6,29.0,0.04,7.28,5.02,0.69,observed,A,31.0,5
C-S5-PUN,S5,PUN,K03,night,13,221.5,13.7,0.014,3.03,1.76,0.58,observed,A,31.0,5
C-S5-PUN,S5,PUN,K03,morning,1,283.5,412.6,1.234,116.98,155.47,1.329,observed,A,31.0,5
C-S5-PUN,S5,PUN,K03,morning,5,266.5,169.2,0.357,45.08,45.0,0.998,observed,A,31.0,5
C-S5-PUN,S5,PUN,K03,morning,9,243.8,70.1,0.096,17.1,12.13,0.709,observed,A,31.0,5
C-S5-PUN,S5,PUN,K03,morning,13,215.5,33.0,0.034,7.11,4.24,0.597,observed,A,31.0,5
C-S5-PUN,S5,PUN,K03,afternoon,1,282.0,514.4,1.539,145.06,193.86,1.336,observed,A,31.0,5
C-S5-PUN,S5,PUN,K03,afternoon,5,265.1,210.9,0.445,55.91,56.11,1.004,observed,A,31.0,5
C-S5-PUN,S5,PUN,K03,afternoon,9,242.5,87.5,0.12,21.21,15.12,0.713,observed,A,31.0,5
C-S5-PUN,S5,PUN,K03,afternoon,13,214.3,41.2,0.042,8.82,5.29,0.6,observed,A,31.0,5
C-S5-PUN,S5,PUN,K03,evening,1,281.4,424.2,1.269,119.36,159.84,1.339,observed,A,31.0,5
C-S5-PUN,S5,PUN,K03,evening,5,264.5,173.9,0.367,46.0,46.26,1.006,observed,A,31.0,5
C-S5-PUN,S5,PUN,K03,evening,9,242.0,72.1,0.099,17.45,12.47,0.714,observed,A,31.0,5
C-S5-PUN,S5,PUN,K03,evening,13,213.9,33.9,0.035,7.26,4.36,0.601,observed,A,31.0,5
C-S5-PUN,S5,PUN,K08,night,1,237.8,3.7,0.036,0.87,4.56,5.246,observed,C,9.0,1
C-S5-PUN,S5,PUN,K08,night,5,223.6,1.5,0.01,0.34,1.32,3.939,observed,C,9.0,1
C-S5-PUN,S5,PUN,K08,night,9,204.5,0.6,0.003,0.13,0.36,2.799,observed,C,9.0,1
C-S5-PUN,S5,PUN,K08,night,13,180.8,0.3,0.001,0.05,0.12,2.355,observed,C,9.0,1
C-S5-PUN,S5,PUN,K08,morning,1,237.9,12.3,0.122,2.93,15.35,5.245,observed,C,9.0,2
C-S5-PUN,S5,PUN,K08,morning,5,223.6,5.0,0.035,1.13,4.44,3.939,observed,C,9.0,2
C-S5-PUN,S5,PUN,K08,morning,9,204.6,2.1,0.01,0.43,1.2,2.798,observed,C,9.0,2
C-S5-PUN,S5,PUN,K08,morning,13,180.8,1.0,0.003,0.18,0.42,2.355,observed,C,9.0,2
C-S5-PUN,S5,PUN,K08,afternoon,1,238.2,15.7,0.155,3.74,19.57,5.238,observed,C,9.0,2
C-S5-PUN,S5,PUN,K08,afternoon,5,223.9,6.4,0.045,1.44,5.67,3.933,observed,C,9.0,2
C-S5-PUN,S5,PUN,K08,afternoon,9,204.8,2.7,0.012,0.55,1.53,2.795,observed,C,9.0,2
C-S5-PUN,S5,PUN,K08,afternoon,13,181.0,1.3,0.004,0.23,0.53,2.351,observed,C,9.0,2
C-S5-PUN,S5,PUN,K08,evening,1,235.8,12.7,0.125,2.99,15.8,5.29,observed,C,9.0,2
C-S5-PUN,S5,PUN,K08,evening,5,221.7,5.2,0.036,1.15,4.57,3.973,observed,C,9.0,2
C-S5-PUN,S5,PUN,K08,evening,9,202.8,2.2,0.01,0.44,1.23,2.822,observed,C,9.0,2
C-S5-PUN,S5,PUN,K08,evening,13,179.2,1.0,0.003,0.18,0.43,2.375,observed,C,9.0,2
