campaign_id,sku_id,city_id,keyword_id,daypart,slot,cpm_inr,impressions_day,orders_day,spend_day,revenue_day,droas,reach_source,tier,orders_28d,current_slot
C-S1-DEL,S1,DEL,K01,night,1,212.2,81.5,1.544,17.29,265.57,15.357,observed,A,27.0,9
C-S1-DEL,S1,DEL,K01,night,5,199.4,33.4,0.447,6.66,76.86,11.532,observed,A,27.0,9
C-S1-DEL,S1,DEL,K01,night,9,182.5,13.9,0.12,2.53,20.71,8.193,observed,A,27.0,9
C-S1-DEL,S1,DEL,K01,night,13,161.2,6.5,0.042,1.05,7.25,6.894,observed,A,27.0,9
C-S1-DEL,S1,DEL,K01,morning,1,219.9,192.0,3.637,42.22,625.54,14.816,observed,A,27.0,8
C-S1-DEL,S1,DEL,K01,morning,5,206.7,78.7,1.053,16.27,181.04,11.126,observed,A,27.0,8
C-S1-DEL,S1,DEL,K01,morning,9,189.1,32.6,0.284,6.17,48.79,7.904,observed,A,27.0,8
C-S1-DEL,S1,DEL,K01,morning,13,167.1,15.4,0.099,2.57,17.07,6.651,observed,A,27.0,8
C-S1-DEL,S1,DEL,K01,afternoon,1,220.5,259.1,4.907,57.12,844.01,14.777,observed,A,27.0,7
C-S1-DEL,S1,DEL,K01,afternoon,5,207.3,106.2,1.42,22.01,244.27,11.097,observed,A,27.0,7
C-S1-DEL,S1,DEL,K01,afternoon,9,189.6,44.0,0.383,8.35,65.83,7.884,observed,A,27.0,7
C-S1-DEL,S1,DEL,K01,afternoon,13,167.6,20.7,0.134,3.47,23.04,6.634,observed,A,27.0,7
C-S1-DEL,S1,DEL,K01,evening,1,208.3,267.8,5.074,55.8,872.65,15.638,truncated,A,27.0,6
C-S1-DEL,S1,DEL,K01,evening,5,195.8,109.8,1.468,21.51,252.55,11.743,truncated,A,27.0,6
C-S1-DEL,S1,DEL,K01,evening,9,179.2,45.5,0.396,8.16,68.07,8.343,truncated,A,27.0,6
C-S1-DEL,S1,DEL,K01,evening,13,158.3,21.4,0.138,3.39,23.82,7.02,truncated,A,27.0,6
C-S1-DEL,S1,DEL,K02,night,1,216.1,45.9,1.308,9.92,225.03,22.682,observed,A,79.0,3
C-S1-DEL,S1,DEL,K02,night,5,203.2,18.8,0.379,3.82,65.13,17.033,observed,A,79.0,3
C-S1-DEL,S1,DEL,K02,night,9,185.9,7.8,0.102,1.45,17.55,12.101,observed,A,79.0,3
C-S1-DEL,S1,DEL,K02,night,13,164.3,3.7,0.036,0.6,6.14,10.182,observed,A,79.0,3
C-S1-DEL,S1,DEL,K02,morning,1,211.5,111.1,3.165,23.49,544.44,23.18,observed,A,79.0,3
C-S1-DEL,S1,DEL,K02,morning,5,198.8,45.5,0.916,9.05,157.57,17.407,observed,A,79.0,3
C-S1-DEL,S1,DEL,K02,morning,9,181.9,18.9,0.247,3.43,42.47,12.367,observed,A,79.0,3
C-S1-DEL,S1,DEL,K02,morning,13,160.7,8.9,0.086,1.43,14.86,10.406,observed,A,79.0,3
C-S1-DEL,S1,DEL,K02,afternoon,1,213.4,117.1,3.336,24.97,573.85,22.979,observed,A,79.0,3
C-S1-DEL,S1,DEL,K02,afternoon,5,200.5,48.0,0.966,9.62,166.08,17.256,observed,A,79.0,3
C-S1-DEL,S1,DEL,K02,afternoon,9,183.5,19.9,0.26,3.65,44.76,12.26,observed,A,79.0,3
C-S1-DEL,S1,DEL,K02,afternoon,13,162.1,9.4,0.091,1.52,15.66,10.316,observed,A,79.0,3
C-S1-DEL,S1,DEL,K02,evening,1,227.0,92.3,2.63,20.94,452.29,21.595,truncated,A,79.0,3
C-S1-DEL,S1,DEL,K02,evening,5,213.4,37.8,0.761,8.07,130.9,16.217,truncated,A,79.0,3
C-S1-DEL,S1,DEL,K02,evening,9,195.2,15.7,0.205,3.06,35.28,11.521,truncated,A,79.0,3
C-S1-DEL,S1,DEL,K02,evening,13,172.5,7.4,0.072,1.27,12.34,9.695,truncated,A,79.0,3
C-S1-DEL,S1,DEL,K03,night,1,293.7,769.4,4.414,225.94,759.21,3.36,observed,A,264.0,3
C-S1-DEL,S1,DEL,K03,night,5,276.1,315.4,1.277,87.08,219.73,2.523,observed,A,264.0,3
C-S1-DEL,S1,DEL,K03,night,9,252.6,130.8,0.344,33.03,59.22,1.793,observed,A,264.0,3
C-S1-DEL,S1,DEL,K03,night,13,223.2,61.6,0.12,13.74,20.72,1.508,observed,A,264.0,3
C-S1-DEL,S1,DEL,K03,morning,1,287.7,1787.9,10.258,514.45,1764.29,3.43,observed,A,264.0,3
C-S1-DEL,S1,DEL,K03,morning,5,270.5,733.0,2.969,198.27,510.61,2.575,observed,A,264.0,3
C-S1-DEL,S1,DEL,K03,morning,9,247.5,303.9,0.8,75.21,137.61,1.83,observed,A,264.0,3
C-S1-DEL,S1,DEL,K03,morning,13,218.7,143.0,0.28,31.28,48.15,1.54,observed,A,264.0,3
C-S1-DEL,S1,DEL,K03,afternoon,1,288.9,1613.0,9.254,465.99,1591.66,3.416,observed,A,264.0,3
C-S1-DEL,S1,DEL,K03,afternoon,5,271.6,661.3,2.678,179.59,460.64,2.565,observed,A,264.0,3
C-S1-DEL,S1,DEL,K03,afternoon,9,248.5,274.2,0.722,68.13,124.15,1.822,observed,A,264.0,3
C-S1-DEL,S1,DEL,K03,afternoon,13,219.6,129.0,0.253,28.33,43.44,1.533,observed,A,264.0,3
C-S1-DEL,S1,DEL,K03,evening,1,342.2,1369.0,7.854,468.39,1350.87,2.884,truncated,A,264.0,3
C-S1-DEL,S1,DEL,K03,evening,5,321.6,561.3,2.273,180.52,390.96,2.166,truncated,A,264.0,3
C-S1-DEL,S1,DEL,K03,evening,9,294.2,232.7,0.613,68.48,105.37,1.539,truncated,A,264.0,3
C-S1-DEL,S1,DEL,K03,evening,13,260.0,109.5,0.214,28.48,36.87,1.295,truncated,A,264.0,3
C-S1-DEL,S1,DEL,K04,night,1,283.2,224.9,1.41,63.69,242.45,3.807,observed,A,101.0,3
C-S1-DEL,S1,DEL,K04,night,5,266.2,92.2,0.408,24.55,70.17,2.859,observed,A,101.0,3
C-S1-DEL,S1,DEL,K04,night,9,243.5,38.2,0.11,9.31,18.91,2.031,observed,A,101.0,3
C-S1-DEL,S1,DEL,K04,night,13,215.2,18.0,0.038,3.87,6.62,1.709,observed,A,101.0,3
C-S1-DEL,S1,DEL,K04,morning,1,278.7,494.0,3.096,137.68,532.54,3.868,observed,A,101.0,3
C-S1-DEL,S1,DEL,K04,morning,5,262.0,202.6,0.896,53.06,154.12,2.905,observed,A,101.0,3
C-S1-DEL,S1,DEL,K04,morning,9,239.7,84.0,0.242,20.13,41.54,2.064,observed,A,101.0,3
C-S1-DEL,S1,DEL,K04,morning,13,211.8,39.5,0.085,8.37,14.54,1.736,observed,A,101.0,3
C-S1-DEL,S1,DEL,K04,afternoon,1,279.8,612.7,3.84,171.44,660.45,3.852,observed,A,101.0,3
C-S1-DEL,S1,DEL,K04,afternoon,5,263.0,251.2,1.111,66.07,191.14,2.893,observed,A,101.0,3
C-S1-DEL,S1,DEL,K04,afternoon,9,240.6,104.2,0.3,25.06,51.51,2.055,observed,A,101.0,3
C-S1-DEL,S1,DEL,K04,afternoon,13,212.7,49.0,0.105,10.42,18.03,1.729,observed,A,101.0,3
C-S1-DEL,S1,DEL,K04,evening,1,323.4,357.1,2.238,115.48,384.94,3.333,truncated,A,101.0,2
C-S1-DEL,S1,DEL,K04,evening,5,304.0,146.4,0.648,44.51,111.41,2.503,truncated,A,101.0,2
C-S1-DEL,S1,DEL,K04,evening,9,278.1,60.7,0.175,16.88,30.03,1.778,truncated,A,101.0,2
C-S1-DEL,S1,DEL,K04,evening,13,245.8,28.6,0.061,7.02,10.51,1.496,truncated,A,101.0,2
C-S1-DEL,S1,DEL,K07,night,1,269.1,89.6,0.754,24.1,129.75,5.383,observed,A,64.0,2
C-S1-DEL,S1,DEL,K07,night,5,252.9,36.7,0.218,9.29,37.55,4.042,observed,A,64.0,2
C-S1-DEL,S1,DEL,K07,night,9,231.4,15.2,0.059,3.52,10.12,2.872,observed,A,64.0,2
C-S1-DEL,S1,DEL,K07,night,13,204.5,7.2,0.021,1.47,3.54,2.416,observed,A,64.0,2
C-S1-DEL,S1,DEL,K07,morning,1,260.6,212.3,1.788,55.31,307.5,5.559,observed,A,64.0,2
C-S1-DEL,S1,DEL,K07,morning,5,244.9,87.0,0.517,21.32,88.99,4.175,observed,A,64.0,2
C-S1-DEL,S1,DEL,K07,morning,9,224.1,36.1,0.139,8.09,23.98,2.966,observed,A,64.0,2
C-S1-DEL,S1,DEL,K07,morning,13,198.0,17.0,0.049,3.36,8.39,2.496,observed,A,64.0,2
C-S1-DEL,S1,DEL,K07,afternoon,1,263.0,256.2,2.157,67.38,371.06,5.507,observed,A,64.0,2
C-S1-DEL,S1,DEL,K07,afternoon,5,247.2,105.0,0.624,25.97,107.39,4.136,observed,A,64.0,2
C-S1-DEL,S1,DEL,K07,afternoon,9,226.2,43.5,0.168,9.85,28.94,2.938,observed,A,64.0,2
C-S1-DEL,S1,DEL,K07,afternoon,13,199.9,20.5,0.059,4.1,10.13,2.472,observed,A,64.0,2
C-S1-DEL,S1,DEL,K07,evening,1,295.8,141.4,1.19,41.82,204.76,4.896,truncated,A,64.0,2
C-S1-DEL,S1,DEL,K07,evening,5,278.1,58.0,0.345,16.12,59.26,3.677,truncated,A,64.0,2
C-S1-DEL,S1,DEL,K07,evening,9,254.4,24.0,0.093,6.11,15.97,2.612,truncated,A,64.0,2
C-S1-DEL,S1,DEL,K07,evening,13,224.8,11.3,0.032,2.54,5.59,2.198,truncated,A,64.0,2
C-S1-DEL,S1,DEL,K09,night,1,426.7,157.4,0.304,67.18,52.35,0.779,observed,B,22.0,3
C-S1-DEL,S1,DEL,K09,night,5,401.1,64.5,0.088,25.89,15.15,0.585,observed,B,22.0,3
C-S1-DEL,S1,DEL,K09,night,9,367.0,26.8,0.024,9.82,4.08,0.416,observed,B,22.0,3
C-S1-DEL,S1,DEL,K09,night,13,324.3,12.6,0.008,4.08,1.43,0.35,observed,B,22.0,3
C-S1-DEL,S1,DEL,K09,morning,1,415.5,371.8,0.719,154.49,123.63,0.8,observed,B,22.0,3
C-S1-DEL,S1,DEL,K09,morning,5,390.6,152.4,0.208,59.54,35.78,0.601,observed,B,22.0,3
C-S1-DEL,S1,DEL,K09,morning,9,357.3,63.2,0.056,22.59,9.64,0.427,observed,B,22.0,3
C-S1-DEL,S1,DEL,K09,morning,13,315.8,29.7,0.02,9.39,3.37,0.359,observed,B,22.0,3
C-S1-DEL,S1,DEL,K09,afternoon,1,419.9,357.3,0.691,150.05,118.81,0.792,observed,B,22.0,3
C-S1-DEL,S1,DEL,K09,afternoon,5,394.7,146.5,0.2,57.83,34.38,0.595,observed,B,22.0,3
C-S1-DEL,S1,DEL,K09,afternoon,9,361.1,60.7,0.054,21.94,9.27,0.422,observed,B,22.0,3
C-S1-DEL,S1,DEL,K09,afternoon,13,319.1,28.6,0.019,9.12,3.24,0.355,observed,B,22.0,3
C-S1-DEL,S1,DEL,K09,evening,1,462.8,386.9,0.748,179.04,128.63,0.718,truncated,B,22.0,3
C-S1-DEL,S1,DEL,K09,evening,5,435.0,158.6,0.216,69.0,37.23,0.54,truncated,B,22.0,3
C-S1-DEL,S1,DEL,K09,evening,9,398.0,65.8,0.058,26.18,10.03,0.383,truncated,B,22.0,3
C-S1-DEL,S1,DEL,K09,evening,13,351.7,31.0,0.02,10.89,3.51,0.323,truncated,B,22.0,3
C-S1-MUM,S1,MUM,K01,night,1,227.1,149.5,3.232,33.96,555.92,16.37,observed,A,348.0,3
C-S1-MUM,S1,MUM,K01,night,5,213.5,61.3,0.935,13.09,160.89,12.293,observed,A,348.0,3
C-S1-MUM,S1,MUM,K01,night,9,195.3,25.4,0.252,4.96,43.36,8.734,observed,A,348.0,3
C-S1-MUM,S1,MUM,K01,night,13,172.6,12.0,0.088,2.06,15.17,7.349,observed,A,348.0,3
C-S1-MUM,S1,MUM,K01,morning,1,229.6,298.8,6.458,68.61,1110.84,16.19,observed,A,348.0,3
C-S1-MUM,S1,MUM,K01,morning,5,215.8,122.5,1.869,26.44,321.49,12.158,observed,A,348.0,3
C-S1-MUM,S1,MUM,K01,morning,9,197.5,50.8,0.504,10.03,86.65,8.638,observed,A,348.0,3
C-S1-MUM,S1,MUM,K01,morning,13,174.5,23.9,0.176,4.17,30.32,7.268,observed,A,348.0,3
C-S1-MUM,S1,MUM,K01,afternoon,1,229.0,372.8,8.057,85.35,1385.82,16.238,observed,A,348.0,3
C-S1-MUM,S1,MUM,K01,afternoon,5,215.2,152.8,2.332,32.89,401.07,12.194,observed,A,348.0,3
C-S1-MUM,S1,MUM,K01,afternoon,9,196.9,63.4,0.628,12.48,108.09,8.663,observed,A,348.0,3
C-S1-MUM,S1,MUM,K01,afternoon,13,174.0,29.8,0.22,5.19,37.82,7.289,observed,A,348.0,3
C-S1-MUM,S1,MUM,K01,evening,1,228.7,384.5,8.31,87.92,1429.38,16.258,observed,A,348.0,3
C-S1-MUM,S1,MUM,K01,evening,5,214.9,157.6,2.405,33.88,413.68,12.209,observed,A,348.0,3
C-S1-MUM,S1,MUM,K01,evening,9,196.7,65.4,0.648,12.85,111.49,8.674,observed,A,348.0,3
C-S1-MUM,S1,MUM,K01,evening,13,173.8,30.8,0.227,5.35,39.01,7.299,observed,A,348.0,3
C-S1-MUM,S1,MUM,K02,night,1,244.2,38.3,1.171,9.36,201.49,21.522,observed,A,141.0,2
C-S1-MUM,S1,MUM,K02,night,5,229.6,15.7,0.339,3.61,58.31,16.162,observed,A,141.0,2
C-S1-MUM,S1,MUM,K02,night,9,210.0,6.5,0.091,1.37,15.72,11.482,observed,A,141.0,2
C-S1-MUM,S1,MUM,K02,night,13,185.6,3.1,0.032,0.57,5.5,9.661,observed,A,141.0,2
C-S1-MUM,S1,MUM,K02,morning,1,241.8,90.2,2.756,21.81,473.98,21.734,observed,A,141.0,3
C-S1-MUM,S1,MUM,K02,morning,5,227.3,37.0,0.798,8.4,137.17,16.321,observed,A,141.0,3
C-S1-MUM,S1,MUM,K02,morning,9,208.0,15.3,0.215,3.19,36.97,11.595,observed,A,141.0,3
C-S1-MUM,S1,MUM,K02,morning,13,183.8,7.2,0.075,1.33,12.94,9.757,observed,A,141.0,3
C-S1-MUM,S1,MUM,K02,afternoon,1,244.2,108.7,3.321,26.54,571.27,21.525,observed,A,141.0,3
C-S1-MUM,S1,MUM,K02,afternoon,5,229.5,44.6,0.961,10.23,165.33,16.164,observed,A,141.0,3
C-S1-MUM,S1,MUM,K02,afternoon,9,210.0,18.5,0.259,3.88,44.56,11.484,observed,A,141.0,3
C-S1-MUM,S1,MUM,K02,afternoon,13,185.6,8.7,0.091,1.61,15.59,9.663,observed,A,141.0,3
C-S1-MUM,S1,MUM,K02,evening,1,239.0,118.3,3.616,28.27,621.87,21.996,observed,A,141.0,3
C-S1-MUM,S1,MUM,K02,evening,5,224.6,48.5,1.046,10.9,179.98,16.517,observed,A,141.0,3
C-S1-MUM,S1,MUM,K02,evening,9,205.5,20.1,0.282,4.13,48.51,11.735,observed,A,141.0,3
C-S1-MUM,S1,MUM,K02,evening,13,181.6,9.5,0.099,1.72,16.97,9.874,observed,A,141.0,3
C-S1-MUM,S1,MUM,K03,night,1,347.7,473.1,2.7,164.51,464.44,2.823,observed,A,162.0,5
C-S1-MUM,S1,MUM,K03,night,5,326.9,194.0,0.781,63.4,134.41,2.12,observed,A,162.0,5
C-S1-MUM,S1,MUM,K03,night,9,299.0,80.4,0.211,24.05,36.23,1.506,observed,A,162.0,5
C-S1-MUM,S1,MUM,K03,night,13,264.3,37.8,0.074,10.0,12.68,1.267,observed,A,162.0,5
C-S1-MUM,S1,MUM,K03,morning,1,339.6,947.1,5.405,321.67,929.73,2.89,observed,A,162.0,4
C-S1-MUM,S1,MUM,K03,morning,5,319.3,388.3,1.564,123.97,269.07,2.17,observed,A,162.0,4
C-S1-MUM,S1,MUM,K03,morning,9,292.1,161.0,0.422,47.03,72.52,1.542,observed,A,162.0,4
C-S1-MUM,S1,MUM,K03,morning,13,258.1,75.8,0.148,19.56,25.38,1.298,observed,A,162.0,4
C-S1-MUM,S1,MUM,K03,afternoon,1,337.4,1140.3,6.508,384.68,1119.33,2.91,observed,A,162.0,4
C-S1-MUM,S1,MUM,K03,afternoon,5,317.1,467.5,1.883,148.26,323.95,2.185,observed,A,162.0,4
C-S1-MUM,S1,MUM,K03,afternoon,9,290.1,193.8,0.508,56.24,87.31,1.552,observed,A,162.0,4
C-S1-MUM,S1,MUM,K03,afternoon,13,256.4,91.2,0.178,23.39,30.55,1.306,observed,A,162.0,4
C-S1-MUM,S1,MUM,K03,evening,1,336.3,1234.9,7.048,415.35,1212.27,2.919,observed,A,162.0,4
C-S1-MUM,S1,MUM,K03,evening,5,316.2,506.3,2.04,160.07,350.85,2.192,observed,A,162.0,4
C-S1-MUM,S1,MUM,K03,evening,9,289.2,209.9,0.55,60.72,94.56,1.557,observed,A,162.0,4
C-S1-MUM,S1,MUM,K03,evening,13,255.6,98.8,0.192,25.25,33.09,1.31,observed,A,162.0,4
C-S1-MUM,S1,MUM,K04,night,1,344.7,172.2,1.176,59.36,202.21,3.406,observed,A,116.0,3
C-S1-MUM,S1,MUM,K04,night,5,324.0,70.6,0.34,22.88,58.52,2.558,observed,A,116.0,3
C-S1-MUM,S1,MUM,K04,night,9,296.5,29.3,0.092,8.68,15.77,1.817,observed,A,116.0,3
C-S1-MUM,S1,MUM,K04,night,13,262.0,13.8,0.032,3.61,5.52,1.529,observed,A,116.0,3
C-S1-MUM,S1,MUM,K04,morning,1,342.3,348.5,2.379,119.28,409.25,3.431,observed,A,116.0,3
C-S1-MUM,S1,MUM,K04,morning,5,321.7,142.9,0.689,45.97,118.44,2.577,observed,A,116.0,3
C-S1-MUM,S1,MUM,K04,morning,9,294.3,59.2,0.186,17.44,31.92,1.831,observed,A,116.0,3
C-S1-MUM,S1,MUM,K04,morning,13,260.1,27.9,0.065,7.25,11.17,1.54,observed,A,116.0,3
C-S1-MUM,S1,MUM,K04,afternoon,1,342.1,414.8,2.832,141.88,487.08,3.433,observed,A,116.0,3
C-S1-MUM,S1,MUM,K04,afternoon,5,321.5,170.1,0.82,54.68,140.97,2.578,observed,A,116.0,3
C-S1-MUM,S1,MUM,K04,afternoon,9,294.2,70.5,0.221,20.74,37.99,1.832,observed,A,116.0,3
C-S1-MUM,S1,MUM,K04,afternoon,13,260.0,33.2,0.077,8.63,13.29,1.541,observed,A,116.0,3
C-S1-MUM,S1,MUM,K04,evening,1,339.4,450.8,3.078,153.01,529.35,3.46,observed,A,116.0,3
C-S1-MUM,S1,MUM,K04,evening,5,319.1,184.8,0.891,58.97,153.2,2.598,observed,A,116.0,3
C-S1-MUM,S1,MUM,K04,evening,9,291.9,76.6,0.24,22.37,41.29,1.846,observed,A,116.0,3
C-S1-MUM,S1,MUM,K04,evening,13,258.0,36.1,0.084,9.3,14.45,1.553,observed,A,116.0,3
C-S1-MUM,S1,MUM,K07,night,1,306.4,48.7,0.366,14.92,62.93,4.217,observed,A,37.0,2
C-S1-MUM,S1,MUM,K07,night,5,288.0,20.0,0.106,5.75,18.21,3.167,observed,A,37.0,2
C-S1-MUM,S1,MUM,K07,night,9,263.5,8.3,0.029,2.18,4.91,2.25,observed,A,37.0,2
C-S1-MUM,S1,MUM,K07,night,13,232.9,3.9,0.01,0.91,1.72,1.893,observed,A,37.0,2
C-S1-MUM,S1,MUM,K07,morning,1,300.4,98.4,0.739,29.55,127.13,4.302,observed,A,37.0,2
C-S1-MUM,S1,MUM,K07,morning,5,282.4,40.3,0.214,11.39,36.79,3.231,observed,A,37.0,2
C-S1-MUM,S1,MUM,K07,morning,9,258.3,16.7,0.058,4.32,9.92,2.295,observed,A,37.0,2
C-S1-MUM,S1,MUM,K07,morning,13,228.3,7.9,0.02,1.8,3.47,1.931,observed,A,37.0,2
C-S1-MUM,S1,MUM,K07,afternoon,1,298.1,122.7,0.921,36.56,158.5,4.335,observed,A,37.0,2
C-S1-MUM,S1,MUM,K07,afternoon,5,280.2,50.3,0.267,14.09,45.87,3.255,observed,A,37.0,2
C-S1-MUM,S1,MUM,K07,afternoon,9,256.4,20.9,0.072,5.35,12.36,2.313,observed,A,37.0,2
C-S1-MUM,S1,MUM,K07,afternoon,13,226.6,9.8,0.025,2.22,4.33,1.946,observed,A,37.0,2
C-S1-MUM,S1,MUM,K07,evening,1,290.7,135.3,1.017,39.34,174.88,4.446,observed,A,37.0,2
C-S1-MUM,S1,MUM,K07,evening,5,273.2,55.5,0.294,15.16,50.61,3.338,observed,A,37.0,2
C-S1-MUM,S1,MUM,K07,evening,9,250.0,23.0,0.079,5.75,13.64,2.372,observed,A,37.0,2
C-S1-MUM,S1,MUM,K07,evening,13,220.9,10.8,0.028,2.39,4.77,1.996,observed,A,37.0,2
C-S1-MUM,S1,MUM,K09,night,1,503.1,215.1,0.404,108.23,69.5,0.642,observed,A,42.0,3
C-S1-MUM,S1,MUM,K09,night,5,472.9,88.2,0.117,41.71,20.12,0.482,observed,A,42.0,3
C-S1-MUM,S1,MUM,K09,night,9,432.7,36.6,0.032,15.82,5.42,0.343,observed,A,42.0,3
C-S1-MUM,S1,MUM,K09,night,13,382.4,17.2,0.011,6.58,1.9,0.288,observed,A,42.0,3
C-S1-MUM,S1,MUM,K09,morning,1,502.8,423.1,0.795,212.7,136.68,0.643,observed,A,42.0,3
C-S1-MUM,S1,MUM,K09,morning,5,472.6,173.5,0.23,81.97,39.56,0.483,observed,A,42.0,3
C-S1-MUM,S1,MUM,K09,morning,9,432.4,71.9,0.062,31.1,10.66,0.343,observed,A,42.0,3
C-S1-MUM,S1,MUM,K09,morning,13,382.1,33.8,0.022,12.93,3.73,0.288,observed,A,42.0,3
C-S1-MUM,S1,MUM,K09,afternoon,1,502.2,554.4,1.041,278.38,179.1,0.643,observed,A,42.0,3
C-S1-MUM,S1,MUM,K09,afternoon,5,472.0,227.3,0.301,107.29,51.84,0.483,observed,A,42.0,3
C-S1-MUM,S1,MUM,K09,afternoon,9,431.9,94.2,0.081,40.7,13.97,0.343,observed,A,42.0,3
C-S1-MUM,S1,MUM,K09,afternoon,13,381.6,44.3,0.028,16.93,4.89,0.289,observed,A,42.0,3
C-S1-MUM,S1,MUM,K09,evening,1,499.3,556.6,1.046,277.92,179.83,0.647,observed,A,42.0,3
C-S1-MUM,S1,MUM,K09,evening,5,469.4,228.2,0.303,107.11,52.05,0.486,observed,A,42.0,3
C-S1-MUM,S1,MUM,K09,evening,9,429.4,94.6,0.082,40.63,14.03,0.345,observed,A,42.0,3
C-S1-MUM,S1,MUM,K09,evening,13,379.5,44.5,0.029,16.9,4.91,0.29,observed,A,42.0,3
C-S1-BLR,S1,BLR,K01,night,1,209.3,103.4,1.597,21.64,274.65,12.69,observed,A,238.0,2
C-S1-BLR,S1,BLR,K01,night,5,196.7,42.4,0.462,8.34,79.49,9.529,observed,A,238.0,2
C-S1-BLR,S1,BLR,K01,night,9,180.0,17.6,0.125,3.16,21.42,6.77,observed,A,238.0,2
C-S1-BLR,S1,BLR,K01,night,13,159.1,8.3,0.044,1.32,7.5,5.697,observed,A,238.0,2
C-S1-BLR,S1,BLR,K01,morning,1,207.3,254.8,3.934,52.81,676.61,12.812,observed,A,238.0,2
C-S1-BLR,S1,BLR,K01,morning,5,194.8,104.5,1.138,20.35,195.82,9.621,observed,A,238.0,2
C-S1-BLR,S1,BLR,K01,morning,9,178.3,43.3,0.307,7.72,52.78,6.835,observed,A,238.0,2
C-S1-BLR,S1,BLR,K01,morning,13,157.5,20.4,0.107,3.21,18.47,5.752,observed,A,238.0,2
C-S1-BLR,S1,BLR,K01,afternoon,1,210.6,308.5,4.763,64.97,819.24,12.609,observed,A,238.0,2
C-S1-BLR,S1,BLR,K01,afternoon,5,198.0,126.5,1.378,25.04,237.1,9.468,observed,A,238.0,2
C-S1-BLR,S1,BLR,K01,afternoon,9,181.1,52.4,0.372,9.5,63.9,6.727,observed,A,238.0,2
C-S1-BLR,S1,BLR,K01,afternoon,13,160.1,24.7,0.13,3.95,22.36,5.66,observed,A,238.0,2
C-S1-BLR,S1,BLR,K01,evening,1,213.3,213.2,3.292,45.49,566.23,12.448,truncated,A,238.0,2
C-S1-BLR,S1,BLR,K01,evening,5,200.5,87.4,0.953,17.53,163.87,9.348,truncated,A,238.0,2
C-S1-BLR,S1,BLR,K01,evening,9,183.5,36.2,0.257,6.65,44.17,6.641,truncated,A,238.0,2
C-S1-BLR,S1,BLR,K01,evening,13,162.1,17.1,0.09,2.77,15.45,5.588,truncated,A,238.0,2
C-S1-BLR,S1,BLR,K02,night,1,234.9,25.2,0.661,5.91,113.7,19.237,observed,A,84.0,2
C-S1-BLR,S1,BLR,K02,night,5,220.8,10.3,0.191,2.28,32.91,14.446,observed,A,84.0,2
C-S1-BLR,S1,BLR,K02,night,9,202.1,4.3,0.052,0.86,8.87,10.263,observed,A,84.0,2
C-S1-BLR,S1,BLR,K02,night,13,178.6,2.0,0.018,0.36,3.1,8.636,observed,A,84.0,2
C-S1-BLR,S1,BLR,K02,morning,1,235.5,81.0,2.128,19.07,365.98,19.193,observed,A,84.0,3
C-S1-BLR,S1,BLR,K02,morning,5,221.4,33.2,0.616,7.35,105.92,14.412,observed,A,84.0,3
C-S1-BLR,S1,BLR,K02,morning,9,202.5,13.8,0.166,2.79,28.55,10.24,observed,A,84.0,3
C-S1-BLR,S1,BLR,K02,morning,13,179.0,6.5,0.058,1.16,9.99,8.616,observed,A,84.0,3
C-S1-BLR,S1,BLR,K02,afternoon,1,234.2,100.9,2.65,23.62,455.88,19.299,observed,A,84.0,3
C-S1-BLR,S1,BLR,K02,afternoon,5,220.1,41.4,0.767,9.1,131.94,14.492,observed,A,84.0,3
C-S1-BLR,S1,BLR,K02,afternoon,9,201.4,17.1,0.207,3.45,35.56,10.296,observed,A,84.0,3
C-S1-BLR,S1,BLR,K02,afternoon,13,178.0,8.1,0.072,1.44,12.44,8.664,observed,A,84.0,3
C-S1-BLR,S1,BLR,K02,evening,1,234.9,73.4,1.93,17.25,331.92,19.242,truncated,A,84.0,2
C-S1-BLR,S1,BLR,K02,evening,5,220.8,30.1,0.559,6.65,96.06,14.45,truncated,A,84.0,2
C-S1-BLR,S1,BLR,K02,evening,9,202.0,12.5,0.151,2.52,25.89,10.266,truncated,A,84.0,2
C-S1-BLR,S1,BLR,K02,evening,13,178.5,5.9,0.053,1.05,9.06,8.638,truncated,A,84.0,2
C-S1-BLR,S1,BLR,K03,night,1,308.0,566.8,3.13,174.56,538.42,3.084,observed,A,328.0,2
C-S1-BLR,S1,BLR,K03,night,5,289.5,232.4,0.906,67.28,155.83,2.316,observed,A,328.0,2
C-S1-BLR,S1,BLR,K03,night,9,264.9,96.4,0.244,25.52,42.0,1.646,observed,A,328.0,2
C-S1-BLR,S1,BLR,K03,night,13,234.1,45.3,0.085,10.61,14.7,1.385,observed,A,328.0,2
C-S1-BLR,S1,BLR,K03,morning,1,303.0,1340.3,7.402,406.09,1273.12,3.135,observed,A,328.0,2
C-S1-BLR,S1,BLR,K03,morning,5,284.8,549.5,2.142,156.51,368.46,2.354,observed,A,328.0,2
C-S1-BLR,S1,BLR,K03,morning,9,260.6,227.8,0.577,59.37,99.3,1.673,observed,A,328.0,2
C-S1-BLR,S1,BLR,K03,morning,13,230.3,107.2,0.202,24.69,34.75,1.407,observed,A,328.0,2
C-S1-BLR,S1,BLR,K03,afternoon,1,303.1,1590.9,8.786,482.26,1511.18,3.134,observed,A,328.0,2
C-S1-BLR,S1,BLR,K03,afternoon,5,285.0,652.3,2.543,185.86,437.35,2.353,observed,A,328.0,2
C-S1-BLR,S1,BLR,K03,afternoon,9,260.7,270.4,0.685,70.51,117.87,1.672,observed,A,328.0,2
C-S1-BLR,S1,BLR,K03,afternoon,13,230.4,127.3,0.24,29.32,41.25,1.407,observed,A,328.0,2
C-S1-BLR,S1,BLR,K03,evening,1,313.6,1089.8,6.018,341.72,1035.17,3.029,truncated,A,328.0,2
C-S1-BLR,S1,BLR,K03,evening,5,294.8,446.8,1.742,131.7,299.59,2.275,truncated,A,328.0,2
C-S1-BLR,S1,BLR,K03,evening,9,269.7,185.3,0.469,49.96,80.74,1.616,truncated,A,328.0,2
C-S1-BLR,S1,BLR,K03,evening,13,238.3,87.2,0.164,20.78,28.25,1.36,truncated,A,328.0,2
C-S1-BLR,S1,BLR,K04,night,1,321.5,85.5,0.579,27.48,99.61,3.624,observed,A,57.0,3
C-S1-BLR,S1,BLR,K04,night,5,302.3,35.0,0.168,10.59,28.83,2.722,observed,A,57.0,3
C-S1-BLR,S1,BLR,K04,night,9,276.5,14.5,0.045,4.02,7.77,1.934,observed,A,57.0,3
C-S1-BLR,S1,BLR,K04,night,13,244.4,6.8,0.016,1.67,2.72,1.627,observed,A,57.0,3
C-S1-BLR,S1,BLR,K04,morning,1,315.3,199.3,1.35,62.84,232.28,3.696,observed,A,57.0,3
C-S1-BLR,S1,BLR,K04,morning,5,296.3,81.7,0.391,24.22,67.22,2.776,observed,A,57.0,3
C-S1-BLR,S1,BLR,K04,morning,9,271.1,33.9,0.105,9.19,18.12,1.972,observed,A,57.0,3
C-S1-BLR,S1,BLR,K04,morning,13,239.6,15.9,0.037,3.82,6.34,1.659,observed,A,57.0,3
C-S1-BLR,S1,BLR,K04,afternoon,1,312.7,254.2,1.722,79.48,296.17,3.726,observed,A,57.0,3
C-S1-BLR,S1,BLR,K04,afternoon,5,294.0,104.2,0.498,30.63,85.72,2.798,observed,A,57.0,3
C-S1-BLR,S1,BLR,K04,afternoon,9,268.9,43.2,0.134,11.62,23.1,1.988,observed,A,57.0,3
C-S1-BLR,S1,BLR,K04,afternoon,13,237.7,20.3,0.047,4.83,8.08,1.673,observed,A,57.0,3
C-S1-BLR,S1,BLR,K04,evening,1,319.8,284.3,1.926,90.92,331.28,3.644,truncated,A,57.0,2
C-S1-BLR,S1,BLR,K04,evening,5,300.6,116.6,0.557,35.04,95.88,2.736,truncated,A,57.0,2
C-S1-BLR,S1,BLR,K04,evening,9,275.0,48.3,0.15,13.29,25.84,1.944,truncated,A,57.0,2
C-S1-BLR,S1,BLR,K04,evening,13,243.1,22.7,0.053,5.53,9.04,1.636,truncated,A,57.0,2
C-S1-BLR,S1,BLR,K07,night,1,291.2,54.3,0.42,15.81,72.18,4.566,observed,A,49.0,2
C-S1-BLR,S1,BLR,K07,night,5,273.8,22.3,0.121,6.09,20.89,3.429,observed,A,49.0,2
C-S1-BLR,S1,BLR,K07,night,9,250.5,9.2,0.033,2.31,5.63,2.436,observed,A,49.0,2
C-S1-BLR,S1,BLR,K07,night,13,221.3,4.3,0.011,0.96,1.97,2.05,observed,A,49.0,2
C-S1-BLR,S1,BLR,K07,morning,1,281.0,137.6,1.064,38.66,182.99,4.733,observed,A,49.0,2
C-S1-BLR,S1,BLR,K07,morning,5,264.1,56.4,0.308,14.9,52.96,3.554,observed,A,49.0,2
C-S1-BLR,S1,BLR,K07,morning,9,241.6,23.4,0.083,5.65,14.27,2.525,observed,A,49.0,2
C-S1-BLR,S1,BLR,K07,morning,13,213.5,11.0,0.029,2.35,4.99,2.125,observed,A,49.0,2
C-S1-BLR,S1,BLR,K07,afternoon,1,278.0,174.2,1.347,48.43,231.64,4.783,observed,A,49.0,2
C-S1-BLR,S1,BLR,K07,afternoon,5,261.3,71.4,0.39,18.67,67.04,3.592,observed,A,49.0,2
C-S1-BLR,S1,BLR,K07,afternoon,9,239.1,29.6,0.105,7.08,18.07,2.552,observed,A,49.0,2
C-S1-BLR,S1,BLR,K07,afternoon,13,211.3,13.9,0.037,2.94,6.32,2.147,observed,A,49.0,2
C-S1-BLR,S1,BLR,K07,evening,1,293.3,112.5,0.87,33.01,149.64,4.533,truncated,A,49.0,2
C-S1-BLR,S1,BLR,K07,evening,5,275.7,46.1,0.252,12.72,43.31,3.404,truncated,A,49.0,2
C-S1-BLR,S1,BLR,K07,evening,9,252.3,19.1,0.068,4.83,11.67,2.419,truncated,A,49.0,2
C-S1-BLR,S1,BLR,K07,evening,13,222.9,9.0,0.024,2.01,4.08,2.035,truncated,A,49.0,2
C-S1-BLR,S1,BLR,K09,night,1,458.5,148.4,0.229,68.05,39.35,0.578,observed,B,18.0,3
C-S1-BLR,S1,BLR,K09,night,5,430.9,60.9,0.066,26.23,11.39,0.434,observed,B,18.0,3
C-S1-BLR,S1,BLR,K09,night,9,394.3,25.2,0.018,9.95,3.07,0.309,observed,B,18.0,3
C-S1-BLR,S1,BLR,K09,night,13,348.4,11.9,0.006,4.14,1.07,0.26,observed,B,18.0,3
C-S1-BLR,S1,BLR,K09,morning,1,449.5,339.0,0.523,152.39,89.87,0.59,observed,B,18.0,3
C-S1-BLR,S1,BLR,K09,morning,5,422.5,139.0,0.151,58.73,26.01,0.443,observed,B,18.0,3
C-S1-BLR,S1,BLR,K09,morning,9,386.6,57.6,0.041,22.28,7.01,0.315,observed,B,18.0,3
C-S1-BLR,S1,BLR,K09,morning,13,341.6,27.1,0.014,9.27,2.45,0.265,observed,B,18.0,3
C-S1-BLR,S1,BLR,K09,afternoon,1,448.2,401.1,0.618,179.8,106.34,0.591,observed,B,18.0,3
C-S1-BLR,S1,BLR,K09,afternoon,5,421.3,164.5,0.179,69.3,30.78,0.444,observed,B,18.0,3
C-S1-BLR,S1,BLR,K09,afternoon,9,385.5,68.2,0.048,26.29,8.29,0.316,observed,B,18.0,3
C-S1-BLR,S1,BLR,K09,afternoon,13,340.6,32.1,0.017,10.93,2.9,0.266,observed,B,18.0,3
C-S1-BLR,S1,BLR,K09,evening,1,460.6,308.0,0.475,141.84,81.64,0.576,truncated,B,18.0,3
C-S1-BLR,S1,BLR,K09,evening,5,432.9,126.3,0.137,54.67,23.63,0.432,truncated,B,18.0,3
C-S1-BLR,S1,BLR,K09,evening,9,396.1,52.4,0.037,20.74,6.37,0.307,truncated,B,18.0,3
C-S1-BLR,S1,BLR,K09,evening,13,350.0,24.6,0.013,8.62,2.23,0.258,truncated,B,18.0,3
C-S1-HYD,S1,HYD,K01,night,1,183.4,67.9,1.237,12.45,212.76,17.083,observed,A,238.0,1
C-S1-HYD,S1,HYD,K01,night,5,172.4,27.8,0.358,4.8,61.58,12.829,observed,A,238.0,1
C-S1-HYD,S1,HYD,K01,night,9,157.7,11.5,0.096,1.82,16.6,9.114,observed,A,238.0,1
C-S1-HYD,S1,HYD,K01,night,13,139.4,5.4,0.034,0.76,5.81,7.669,observed,A,238.0,1
C-S1-HYD,S1,HYD,K01,morning,1,183.6,170.2,3.1,31.24,533.19,17.067,observed,A,238.0,2
C-S1-HYD,S1,HYD,K01,morning,5,172.5,69.8,0.897,12.04,154.31,12.817,observed,A,238.0,2
C-S1-HYD,S1,HYD,K01,morning,9,157.9,28.9,0.242,4.57,41.59,9.106,observed,A,238.0,2
C-S1-HYD,S1,HYD,K01,morning,13,139.5,13.6,0.085,1.9,14.55,7.662,observed,A,238.0,2
C-S1-HYD,S1,HYD,K01,afternoon,1,184.4,211.3,3.849,38.96,662.03,16.993,observed,A,238.0,2
C-S1-HYD,S1,HYD,K01,afternoon,5,173.3,86.6,1.114,15.01,191.6,12.761,observed,A,238.0,2
C-S1-HYD,S1,HYD,K01,afternoon,9,158.6,35.9,0.3,5.7,51.64,9.066,observed,A,238.0,2
C-S1-HYD,S1,HYD,K01,afternoon,13,140.1,16.9,0.105,2.37,18.07,7.628,observed,A,238.0,2
C-S1-HYD,S1,HYD,K01,evening,1,181.0,181.7,3.31,32.89,569.33,17.31,observed,A,238.0,2
C-S1-HYD,S1,HYD,K01,evening,5,170.1,74.5,0.958,12.68,164.77,12.999,observed,A,238.0,2
C-S1-HYD,S1,HYD,K01,evening,9,155.6,30.9,0.258,4.81,44.41,9.235,observed,A,238.0,2
C-S1-HYD,S1,HYD,K01,evening,13,137.5,14.5,0.09,2.0,15.54,7.771,observed,A,238.0,2
C-S1-HYD,S1,HYD,K02,night,1,204.8,13.9,0.434,2.84,74.7,26.335,observed,A,61.0,3
C-S1-HYD,S1,HYD,K02,night,5,192.5,5.7,0.126,1.09,21.62,19.776,observed,A,61.0,3
C-S1-HYD,S1,HYD,K02,night,9,176.1,2.4,0.034,0.41,5.83,14.05,observed,A,61.0,3
C-S1-HYD,S1,HYD,K02,night,13,155.6,1.1,0.012,0.17,2.04,11.822,observed,A,61.0,3
C-S1-HYD,S1,HYD,K02,morning,1,206.0,43.8,1.372,9.02,236.06,26.176,observed,A,61.0,3
C-S1-HYD,S1,HYD,K02,morning,5,193.7,17.9,0.397,3.48,68.32,19.656,observed,A,61.0,3
C-S1-HYD,S1,HYD,K02,morning,9,177.2,7.4,0.107,1.32,18.41,13.965,observed,A,61.0,3
C-S1-HYD,S1,HYD,K02,morning,13,156.6,3.5,0.037,0.55,6.44,11.751,observed,A,61.0,3
C-S1-HYD,S1,HYD,K02,afternoon,1,205.2,66.0,2.068,13.54,355.73,26.278,observed,A,61.0,3
C-S1-HYD,S1,HYD,K02,afternoon,5,192.9,27.0,0.599,5.22,102.95,19.734,observed,A,61.0,3
C-S1-HYD,S1,HYD,K02,afternoon,9,176.5,11.2,0.161,1.98,27.75,14.02,observed,A,61.0,3
C-S1-HYD,S1,HYD,K02,afternoon,13,156.0,5.3,0.056,0.82,9.71,11.797,observed,A,61.0,3
C-S1-HYD,S1,HYD,K02,evening,1,203.8,50.7,1.589,10.32,273.22,26.467,observed,A,61.0,3
C-S1-HYD,S1,HYD,K02,evening,5,191.5,20.8,0.46,3.98,79.07,19.875,observed,A,61.0,3
C-S1-HYD,S1,HYD,K02,evening,9,175.2,8.6,0.124,1.51,21.31,14.121,observed,A,61.0,3
C-S1-HYD,S1,HYD,K02,evening,13,154.9,4.1,0.043,0.63,7.46,11.882,observed,A,61.0,3
C-S1-HYD,S1,HYD,K03,night,1,278.7,319.0,1.768,88.91,304.12,3.421,observed,A,271.0,2
C-S1-HYD,S1,HYD,K03,night,5,262.0,130.8,0.512,34.27,88.02,2.569,observed,A,271.0,2
C-S1-HYD,S1,HYD,K03,night,9,239.7,54.2,0.138,13.0,23.72,1.825,observed,A,271.0,2
C-S1-HYD,S1,HYD,K03,night,13,211.8,25.5,0.048,5.41,8.3,1.536,observed,A,271.0,2
C-S1-HYD,S1,HYD,K03,morning,1,274.7,829.2,4.597,227.82,790.64,3.47,observed,A,271.0,2
C-S1-HYD,S1,HYD,K03,morning,5,258.3,340.0,1.33,87.8,228.82,2.606,observed,A,271.0,2
C-S1-HYD,S1,HYD,K03,morning,9,236.3,141.0,0.359,33.31,61.67,1.852,observed,A,271.0,2
C-S1-HYD,S1,HYD,K03,morning,13,208.8,66.3,0.125,13.85,21.58,1.558,observed,A,271.0,2
C-S1-HYD,S1,HYD,K03,afternoon,1,273.5,962.0,5.333,263.14,917.2,3.486,observed,A,271.0,2
C-S1-HYD,S1,HYD,K03,afternoon,5,257.1,394.4,1.543,101.41,265.45,2.617,observed,A,271.0,2
C-S1-HYD,S1,HYD,K03,afternoon,9,235.2,163.5,0.416,38.47,71.54,1.86,observed,A,271.0,2
C-S1-HYD,S1,HYD,K03,afternoon,13,207.9,77.0,0.146,16.0,25.03,1.565,observed,A,271.0,2
C-S1-HYD,S1,HYD,K03,evening,1,277.1,800.3,4.436,221.79,762.99,3.44,observed,A,271.0,2
C-S1-HYD,S1,HYD,K03,evening,5,260.5,328.1,1.284,85.48,220.82,2.583,observed,A,271.0,2
C-S1-HYD,S1,HYD,K03,evening,9,238.3,136.0,0.346,32.43,59.51,1.835,observed,A,271.0,2
C-S1-HYD,S1,HYD,K03,evening,13,210.6,64.0,0.121,13.48,20.83,1.544,observed,A,271.0,2
C-S1-HYD,S1,HYD,K04,night,1,271.0,68.6,0.373,18.59,64.14,3.45,observed,A,61.0,2
C-S1-HYD,S1,HYD,K04,night,5,254.8,28.1,0.108,7.16,18.56,2.591,observed,A,61.0,2
C-S1-HYD,S1,HYD,K04,night,9,233.1,11.7,0.029,2.72,5.0,1.841,observed,A,61.0,2
C-S1-HYD,S1,HYD,K04,night,13,206.0,5.5,0.01,1.13,1.75,1.549,observed,A,61.0,2
C-S1-HYD,S1,HYD,K04,morning,1,259.0,190.8,1.037,49.4,178.38,3.611,observed,A,61.0,2
C-S1-HYD,S1,HYD,K04,morning,5,243.4,78.2,0.3,19.04,51.63,2.712,observed,A,61.0,2
C-S1-HYD,S1,HYD,K04,morning,9,222.7,32.4,0.081,7.22,13.91,1.926,observed,A,61.0,2
C-S1-HYD,S1,HYD,K04,morning,13,196.8,15.3,0.028,3.0,4.87,1.621,observed,A,61.0,2
C-S1-HYD,S1,HYD,K04,afternoon,1,261.9,220.4,1.198,57.73,206.13,3.571,observed,A,61.0,2
C-S1-HYD,S1,HYD,K04,afternoon,5,246.2,90.4,0.347,22.25,59.66,2.681,observed,A,61.0,2
C-S1-HYD,S1,HYD,K04,afternoon,9,225.2,37.5,0.093,8.44,16.08,1.905,observed,A,61.0,2
C-S1-HYD,S1,HYD,K04,afternoon,13,199.0,17.6,0.033,3.51,5.63,1.603,observed,A,61.0,2
C-S1-HYD,S1,HYD,K04,evening,1,258.1,210.8,1.146,54.41,197.12,3.623,observed,A,61.0,2
C-S1-HYD,S1,HYD,K04,evening,5,242.6,86.4,0.332,20.97,57.05,2.72,observed,A,61.0,2
C-S1-HYD,S1,HYD,K04,evening,9,222.0,35.8,0.089,7.96,15.38,1.933,observed,A,61.0,2
C-S1-HYD,S1,HYD,K04,evening,13,196.2,16.9,0.031,3.31,5.38,1.626,observed,A,61.0,2
C-S1-HYD,S1,HYD,K07,night,1,258.9,20.1,0.179,5.19,30.83,5.938,observed,A,33.0,2
C-S1-HYD,S1,HYD,K07,night,5,243.3,8.2,0.052,2.0,8.92,4.459,observed,A,33.0,2
C-S1-HYD,S1,HYD,K07,night,9,222.6,3.4,0.014,0.76,2.4,3.168,observed,A,33.0,2
C-S1-HYD,S1,HYD,K07,night,13,196.7,1.6,0.005,0.32,0.84,2.666,observed,A,33.0,2
C-S1-HYD,S1,HYD,K07,morning,1,253.3,68.5,0.612,17.35,105.28,6.068,observed,A,33.0,2
C-S1-HYD,S1,HYD,K07,morning,5,238.1,28.1,0.177,6.69,30.47,4.556,observed,A,33.0,2
C-S1-HYD,S1,HYD,K07,morning,9,217.8,11.6,0.048,2.54,8.21,3.237,observed,A,33.0,2
C-S1-HYD,S1,HYD,K07,morning,13,192.5,5.5,0.017,1.05,2.87,2.724,observed,A,33.0,2
C-S1-HYD,S1,HYD,K07,afternoon,1,252.4,84.2,0.753,21.26,129.47,6.09,observed,A,33.0,2
C-S1-HYD,S1,HYD,K07,afternoon,5,237.2,34.5,0.218,8.19,37.47,4.573,observed,A,33.0,2
C-S1-HYD,S1,HYD,K07,afternoon,9,217.1,14.3,0.059,3.11,10.1,3.249,observed,A,33.0,2
C-S1-HYD,S1,HYD,K07,afternoon,13,191.8,6.7,0.021,1.29,3.53,2.734,observed,A,33.0,2
C-S1-HYD,S1,HYD,K07,evening,1,248.2,78.8,0.704,19.55,121.06,6.193,observed,A,33.0,2
C-S1-HYD,S1,HYD,K07,evening,5,233.3,32.3,0.204,7.53,35.03,4.65,observed,A,33.0,2
C-S1-HYD,S1,HYD,K07,evening,9,213.5,13.4,0.055,2.86,9.44,3.304,observed,A,33.0,2
C-S1-HYD,S1,HYD,K07,evening,13,188.6,6.3,0.019,1.19,3.3,2.78,observed,A,33.0,2
C-S1-HYD,S1,HYD,K09,night,1,410.8,105.1,0.245,43.17,42.11,0.976,observed,A,65.0,1
C-S1-HYD,S1,HYD,K09,night,5,386.1,43.1,0.071,16.64,12.19,0.733,observed,A,65.0,1
C-S1-HYD,S1,HYD,K09,night,9,353.2,17.9,0.019,6.31,3.28,0.52,observed,A,65.0,1
C-S1-HYD,S1,HYD,K09,night,13,312.2,8.4,0.007,2.62,1.15,0.438,observed,A,65.0,1
C-S1-HYD,S1,HYD,K09,morning,1,405.4,288.9,0.673,117.1,115.75,0.988,observed,A,65.0,1
C-S1-HYD,S1,HYD,K09,morning,5,381.1,118.4,0.195,45.13,33.5,0.742,observed,A,65.0,1
C-S1-HYD,S1,HYD,K09,morning,9,348.6,49.1,0.052,17.12,9.03,0.527,observed,A,65.0,1
C-S1-HYD,S1,HYD,K09,morning,13,308.1,23.1,0.018,7.12,3.16,0.444,observed,A,65.0,1
C-S1-HYD,S1,HYD,K09,afternoon,1,410.3,331.8,0.773,136.15,132.96,0.977,observed,A,65.0,1
C-S1-HYD,S1,HYD,K09,afternoon,5,385.7,136.0,0.224,52.47,38.48,0.733,observed,A,65.0,1
C-S1-HYD,S1,HYD,K09,afternoon,9,352.9,56.4,0.06,19.91,10.37,0.521,observed,A,65.0,1
C-S1-HYD,S1,HYD,K09,afternoon,13,311.8,26.5,0.021,8.28,3.63,0.438,observed,A,65.0,1
C-S1-HYD,S1,HYD,K09,evening,1,409.4,292.4,0.681,119.7,117.15,0.979,observed,A,65.0,1
C-S1-HYD,S1,HYD,K09,evening,5,384.9,119.9,0.197,46.13,33.91,0.735,observed,A,65.0,1
C-S1-HYD,S1,HYD,K09,evening,9,352.1,49.7,0.053,17.5,9.14,0.522,observed,A,65.0,1
C-S1-HYD,S1,HYD,K09,evening,13,311.2,23.4,0.019,7.28,3.2,0.439,observed,A,65.0,1
C-S1-PUN,S1,PUN,K01,night,1,175.9,43.0,0.855,7.57,147.09,19.441,observed,A,173.0,1
C-S1-PUN,S1,PUN,K01,night,5,165.4,17.6,0.247,2.92,42.57,14.599,observed,A,173.0,1
C-S1-PUN,S1,PUN,K01,night,9,151.3,7.3,0.067,1.11,11.47,10.372,observed,A,173.0,1
C-S1-PUN,S1,PUN,K01,night,13,133.7,3.4,0.023,0.46,4.01,8.727,observed,A,173.0,1
C-S1-PUN,S1,PUN,K01,morning,1,175.7,118.2,2.349,20.75,404.11,19.471,observed,A,173.0,2
C-S1-PUN,S1,PUN,K01,morning,5,165.1,48.4,0.68,8.0,116.95,14.621,observed,A,173.0,2
C-S1-PUN,S1,PUN,K01,morning,9,151.1,20.1,0.183,3.03,31.52,10.388,observed,A,173.0,2
C-S1-PUN,S1,PUN,K01,morning,13,133.5,9.5,0.064,1.26,11.03,8.741,observed,A,173.0,2
C-S1-PUN,S1,PUN,K01,afternoon,1,176.5,147.8,2.94,26.1,505.61,19.373,observed,A,173.0,2
C-S1-PUN,S1,PUN,K01,afternoon,5,166.0,60.6,0.851,10.06,146.33,14.548,observed,A,173.0,2
C-S1-PUN,S1,PUN,K01,afternoon,9,151.8,25.1,0.229,3.82,39.44,10.336,observed,A,173.0,2
C-S1-PUN,S1,PUN,K01,afternoon,13,134.2,11.8,0.08,1.59,13.8,8.697,observed,A,173.0,2
C-S1-PUN,S1,PUN,K01,evening,1,174.5,122.2,2.43,21.32,417.9,19.6,observed,A,173.0,2
C-S1-PUN,S1,PUN,K01,evening,5,164.0,50.1,0.703,8.22,120.94,14.718,observed,A,173.0,2
C-S1-PUN,S1,PUN,K01,evening,9,150.1,20.8,0.19,3.12,32.6,10.457,observed,A,173.0,2
C-S1-PUN,S1,PUN,K01,evening,13,132.6,9.8,0.066,1.3,11.41,8.799,observed,A,173.0,2
C-S1-PUN,S1,PUN,K02,night,1,196.4,12.7,0.348,2.5,59.92,24.0,observed,A,44.0,3
C-S1-PUN,S1,PUN,K02,night,5,184.6,5.2,0.101,0.96,17.34,18.022,observed,A,44.0,3
C-S1-PUN,S1,PUN,K02,night,9,168.9,2.2,0.027,0.37,4.67,12.804,observed,A,44.0,3
C-S1-PUN,S1,PUN,K02,night,13,149.2,1.0,0.01,0.15,1.64,10.774,observed,A,44.0,3
C-S1-PUN,S1,PUN,K02,morning,1,198.0,32.3,0.885,6.4,152.23,23.801,observed,A,44.0,3
C-S1-PUN,S1,PUN,K02,morning,5,186.1,13.2,0.256,2.46,44.06,17.873,observed,A,44.0,3
C-S1-PUN,S1,PUN,K02,morning,9,170.3,5.5,0.069,0.94,11.87,12.698,observed,A,44.0,3
C-S1-PUN,S1,PUN,K02,morning,13,150.5,2.6,0.024,0.39,4.15,10.685,observed,A,44.0,3
C-S1-PUN,S1,PUN,K02,afternoon,1,198.7,45.8,1.256,9.11,216.02,23.714,observed,A,44.0,3
C-S1-PUN,S1,PUN,K02,afternoon,5,186.8,18.8,0.363,3.51,62.52,17.808,observed,A,44.0,3
C-S1-PUN,S1,PUN,K02,afternoon,9,170.9,7.8,0.098,1.33,16.85,12.652,observed,A,44.0,3
C-S1-PUN,S1,PUN,K02,afternoon,13,151.0,3.7,0.034,0.55,5.9,10.646,observed,A,44.0,3
C-S1-PUN,S1,PUN,K02,evening,1,196.3,32.6,0.894,6.4,153.74,24.01,observed,A,44.0,3
C-S1-PUN,S1,PUN,K02,evening,5,184.5,13.4,0.259,2.47,44.49,18.03,observed,A,44.0,3
C-S1-PUN,S1,PUN,K02,evening,9,168.8,5.5,0.07,0.94,11.99,12.81,observed,A,44.0,3
C-S1-PUN,S1,PUN,K02,evening,13,149.2,2.6,0.024,0.39,4.2,10.778,observed,A,44.0,3
C-S1-PUN,S1,PUN,K03,night,1,291.0,198.3,0.872,57.71,150.02,2.599,observed,A,67.0,4
C-S1-PUN,S1,PUN,K03,night,5,273.6,81.3,0.252,22.24,43.42,1.952,observed,A,67.0,4
C-S1-PUN,S1,PUN,K03,night,9,250.3,33.7,0.068,8.44,11.7,1.387,observed,A,67.0,4
C-S1-PUN,S1,PUN,K03,night,13,221.2,15.9,0.024,3.51,4.09,1.167,observed,A,67.0,4
C-S1-PUN,S1,PUN,K03,morning,1,284.4,513.1,2.257,145.9,388.16,2.66,observed,A,67.0,4
C-S1-PUN,S1,PUN,K03,morning,5,267.3,210.4,0.653,56.23,112.34,1.998,observed,A,67.0,4
C-S1-PUN,S1,PUN,K03,morning,9,244.6,87.2,0.176,21.33,30.28,1.419,observed,A,67.0,4
C-S1-PUN,S1,PUN,K03,morning,13,216.1,41.0,0.062,8.87,10.59,1.194,observed,A,67.0,4
C-S1-PUN,S1,PUN,K03,afternoon,1,283.9,627.5,2.76,178.13,474.73,2.665,observed,A,67.0,4
C-S1-PUN,S1,PUN,K03,afternoon,5,266.8,257.3,0.799,68.65,137.39,2.001,observed,A,67.0,4
C-S1-PUN,S1,PUN,K03,afternoon,9,244.1,106.7,0.215,26.04,37.03,1.422,observed,A,67.0,4
C-S1-PUN,S1,PUN,K03,afternoon,13,215.7,50.2,0.075,10.83,12.96,1.196,observed,A,67.0,4
C-S1-PUN,S1,PUN,K03,evening,1,285.0,494.0,2.173,140.76,373.72,2.655,observed,A,67.0,4
C-S1-PUN,S1,PUN,K03,evening,5,267.9,202.5,0.629,54.25,108.16,1.994,observed,A,67.0,4
C-S1-PUN,S1,PUN,K03,evening,9,245.1,84.0,0.169,20.58,29.15,1.416,observed,A,67.0,4
C-S1-PUN,S1,PUN,K03,evening,13,216.6,39.5,0.059,8.56,10.2,1.192,observed,A,67.0,4
C-S1-PUN,S1,PUN,K04,night,1,263.8,53.1,0.444,14.02,76.43,5.453,observed,A,77.0,2
C-S1-PUN,S1,PUN,K04,night,5,248.0,21.8,0.129,5.4,22.12,4.095,observed,A,77.0,2
C-S1-PUN,S1,PUN,K04,night,9,226.9,9.0,0.035,2.05,5.96,2.909,observed,A,77.0,2
C-S1-PUN,S1,PUN,K04,night,13,200.5,4.3,0.012,0.85,2.09,2.448,observed,A,77.0,2
C-S1-PUN,S1,PUN,K04,morning,1,258.3,134.3,1.123,34.68,193.18,5.57,observed,A,77.0,2
C-S1-PUN,S1,PUN,K04,morning,5,242.8,55.1,0.325,13.37,55.91,4.182,observed,A,77.0,2
C-S1-PUN,S1,PUN,K04,morning,9,222.1,22.8,0.088,5.07,15.07,2.971,observed,A,77.0,2
C-S1-PUN,S1,PUN,K04,morning,13,196.3,10.7,0.031,2.11,5.27,2.5,observed,A,77.0,2
C-S1-PUN,S1,PUN,K04,afternoon,1,258.8,160.0,1.338,41.42,230.21,5.558,observed,A,77.0,2
C-S1-PUN,S1,PUN,K04,afternoon,5,243.3,65.6,0.387,15.96,66.62,4.174,observed,A,77.0,2
C-S1-PUN,S1,PUN,K04,afternoon,9,222.6,27.2,0.104,6.06,17.96,2.965,observed,A,77.0,2
C-S1-PUN,S1,PUN,K04,afternoon,13,196.7,12.8,0.037,2.52,6.28,2.495,observed,A,77.0,2
C-S1-PUN,S1,PUN,K04,evening,1,257.5,133.5,1.117,34.39,192.09,5.586,observed,A,77.0,2
C-S1-PUN,S1,PUN,K04,evening,5,242.0,54.8,0.323,13.25,55.59,4.195,observed,A,77.0,2
C-S1-PUN,S1,PUN,K04,evening,9,221.4,22.7,0.087,5.03,14.98,2.98,observed,A,77.0,2
C-S1-PUN,S1,PUN,K04,evening,13,195.7,10.7,0.03,2.09,5.24,2.508,observed,A,77.0,2
C-S1-PUN,S1,PUN,K07,night,1,248.3,16.1,0.124,4.01,21.3,5.317,observed,B,24.0,1
C-S1-PUN,S1,PUN,K07,night,5,233.4,6.6,0.036,1.54,6.16,3.993,observed,B,24.0,1
C-S1-PUN,S1,PUN,K07,night,9,213.6,2.7,0.01,0.59,1.66,2.837,observed,B,24.0,1
C-S1-PUN,S1,PUN,K07,night,13,188.7,1.3,0.003,0.24,0.58,2.387,observed,B,24.0,1
C-S1-PUN,S1,PUN,K07,morning,1,244.2,61.8,0.474,15.09,81.58,5.407,observed,B,24.0,2
C-S1-PUN,S1,PUN,K07,morning,5,229.6,25.3,0.137,5.82,23.61,4.06,observed,B,24.0,2
C-S1-PUN,S1,PUN,K07,morning,9,210.0,10.5,0.037,2.21,6.36,2.885,observed,B,24.0,2
C-S1-PUN,S1,PUN,K07,morning,13,185.6,4.9,0.013,0.92,2.23,2.427,observed,B,24.0,2
C-S1-PUN,S1,PUN,K07,afternoon,1,242.7,76.4,0.586,18.54,100.85,5.441,observed,B,24.0,2
C-S1-PUN,S1,PUN,K07,afternoon,5,228.1,31.3,0.17,7.14,29.19,4.086,observed,B,24.0,2
C-S1-PUN,S1,PUN,K07,afternoon,9,208.7,13.0,0.046,2.71,7.87,2.903,observed,B,24.0,2
C-S1-PUN,S1,PUN,K07,afternoon,13,184.4,6.1,0.016,1.13,2.75,2.442,observed,B,24.0,2
C-S1-PUN,S1,PUN,K07,evening,1,242.3,65.7,0.504,15.92,86.76,5.45,observed,B,24.0,2
C-S1-PUN,S1,PUN,K07,evening,5,227.7,26.9,0.146,6.13,25.11,4.093,observed,B,24.0,2
C-S1-PUN,S1,PUN,K07,evening,9,208.3,11.2,0.039,2.33,6.77,2.908,observed,B,24.0,2
C-S1-PUN,S1,PUN,K07,evening,13,184.1,5.3,0.014,0.97,2.37,2.447,observed,B,24.0,2
C-S1-PUN,S1,PUN,K09,night,1,386.4,58.2,0.117,22.49,20.08,0.893,observed,A,29.0,1
C-S1-PUN,S1,PUN,K09,night,5,363.2,23.9,0.034,8.67,5.81,0.671,observed,A,29.0,1
C-S1-PUN,S1,PUN,K09,night,9,332.3,9.9,0.009,3.29,1.57,0.476,observed,A,29.0,1
C-S1-PUN,S1,PUN,K09,night,13,293.6,4.7,0.003,1.37,0.55,0.401,observed,A,29.0,1
C-S1-PUN,S1,PUN,K09,morning,1,384.5,159.0,0.319,61.16,54.88,0.897,observed,A,29.0,1
C-S1-PUN,S1,PUN,K09,morning,5,361.5,65.2,0.092,23.57,15.88,0.674,observed,A,29.0,1
C-S1-PUN,S1,PUN,K09,morning,9,330.7,27.0,0.025,8.94,4.28,0.479,observed,A,29.0,1
C-S1-PUN,S1,PUN,K09,morning,13,292.2,12.7,0.009,3.72,1.5,0.403,observed,A,29.0,1
C-S1-PUN,S1,PUN,K09,afternoon,1,383.3,194.1,0.389,74.39,66.97,0.9,observed,A,29.0,1
C-S1-PUN,S1,PUN,K09,afternoon,5,360.3,79.6,0.113,28.67,19.38,0.676,observed,A,29.0,1
C-S1-PUN,S1,PUN,K09,afternoon,9,329.6,33.0,0.03,10.88,5.22,0.48,observed,A,29.0,1
C-S1-PUN,S1,PUN,K09,afternoon,13,291.3,15.5,0.011,4.52,1.83,0.404,observed,A,29.0,1
C-S1-PUN,S1,PUN,K09,evening,1,380.5,153.2,0.307,58.31,52.88,0.907,observed,A,29.0,1
C-S1-PUN,S1,PUN,K09,evening,5,357.7,62.8,0.089,22.47,15.3,0.681,observed,A,29.0,1
C-S1-PUN,S1,PUN,K09,evening,9,327.2,26.1,0.024,8.52,4.12,0.484,observed,A,29.0,1
C-S1-PUN,S1,PUN,K09,evening,13,289.2,12.3,0.008,3.54,1.44,0.407,observed,A,29.0,1
C-S2-DEL,S2,DEL,K01,night,1,219.0,170.1,3.321,37.24,926.42,24.876,observed,A,267.0,5
C-S2-DEL,S2,DEL,K01,night,5,205.8,69.7,0.961,14.35,268.12,18.681,observed,A,267.0,5
C-S2-DEL,S2,DEL,K01,night,9,188.3,28.9,0.259,5.44,72.26,13.272,observed,A,267.0,5
C-S2-DEL,S2,DEL,K01,night,13,166.4,13.6,0.091,2.26,25.29,11.167,observed,A,267.0,5
C-S2-DEL,S2,DEL,K01,morning,1,225.3,389.0,7.595,87.63,2119.03,24.182,observed,A,267.0,5
C-S2-DEL,S2,DEL,K01,morning,5,211.7,159.5,2.198,33.77,613.27,18.159,observed,A,267.0,5
C-S2-DEL,S2,DEL,K01,morning,9,193.7,66.1,0.592,12.81,165.28,12.902,observed,A,267.0,5
C-S2-DEL,S2,DEL,K01,morning,13,171.2,31.1,0.207,5.33,57.84,10.856,observed,A,267.0,5
C-S2-DEL,S2,DEL,K01,afternoon,1,226.1,496.9,9.702,112.35,2706.87,24.094,observed,A,267.0,5
C-S2-DEL,S2,DEL,K01,afternoon,5,212.5,203.7,2.808,43.3,783.4,18.093,observed,A,267.0,5
C-S2-DEL,S2,DEL,K01,afternoon,9,194.4,84.5,0.757,16.42,211.14,12.855,observed,A,267.0,5
C-S2-DEL,S2,DEL,K01,afternoon,13,171.8,39.8,0.265,6.83,73.88,10.816,observed,A,267.0,5
C-S2-DEL,S2,DEL,K01,evening,1,210.8,458.2,8.945,96.58,2495.65,25.839,observed,A,267.0,3
C-S2-DEL,S2,DEL,K01,evening,5,198.2,187.8,2.589,37.22,722.27,19.404,observed,A,267.0,3
C-S2-DEL,S2,DEL,K01,evening,9,181.3,77.9,0.698,14.12,194.66,13.786,observed,A,267.0,3
C-S2-DEL,S2,DEL,K01,evening,13,160.2,36.7,0.244,5.87,68.12,11.6,observed,A,267.0,3
C-S2-DEL,S2,DEL,K05,night,1,336.0,304.1,2.317,102.18,646.49,6.327,observed,A,385.0,2
C-S2-DEL,S2,DEL,K05,night,5,315.8,124.7,0.671,39.38,187.1,4.751,observed,A,385.0,2
C-S2-DEL,S2,DEL,K05,night,9,288.9,51.7,0.181,14.94,50.43,3.376,observed,A,385.0,2
C-S2-DEL,S2,DEL,K05,night,13,255.3,24.3,0.063,6.21,17.65,2.84,observed,A,385.0,2
C-S2-DEL,S2,DEL,K05,morning,1,335.2,691.4,5.267,231.75,1469.63,6.341,observed,A,385.0,2
C-S2-DEL,S2,DEL,K05,morning,5,315.1,283.5,1.524,89.32,425.33,4.762,observed,A,385.0,2
C-S2-DEL,S2,DEL,K05,morning,9,288.3,117.5,0.411,33.88,114.63,3.383,observed,A,385.0,2
C-S2-DEL,S2,DEL,K05,morning,13,254.8,55.3,0.144,14.09,40.11,2.847,observed,A,385.0,2
C-S2-DEL,S2,DEL,K05,afternoon,1,331.4,925.3,7.049,306.59,1966.76,6.415,observed,A,385.0,2
C-S2-DEL,S2,DEL,K05,afternoon,5,311.5,379.4,2.04,118.16,569.2,4.817,observed,A,385.0,2
C-S2-DEL,S2,DEL,K05,afternoon,9,285.0,157.3,0.55,44.82,153.41,3.422,observed,A,385.0,2
C-S2-DEL,S2,DEL,K05,afternoon,13,251.8,74.0,0.192,18.64,53.68,2.88,observed,A,385.0,2
C-S2-DEL,S2,DEL,K05,evening,1,335.8,780.8,5.949,262.2,1659.65,6.33,observed,A,385.0,2
C-S2-DEL,S2,DEL,K05,evening,5,315.7,320.1,1.722,101.05,480.32,4.753,observed,A,385.0,2
C-S2-DEL,S2,DEL,K05,evening,9,288.8,132.7,0.464,38.33,129.45,3.377,observed,A,385.0,2
C-S2-DEL,S2,DEL,K05,evening,13,255.2,62.5,0.162,15.94,45.3,2.842,observed,A,385.0,2
C-S2-DEL,S2,DEL,K06,night,1,376.3,95.2,0.459,35.82,127.94,3.571,observed,A,57.0,3
C-S2-DEL,S2,DEL,K06,night,5,353.7,39.0,0.133,13.81,37.03,2.682,observed,A,57.0,3
C-S2-DEL,S2,DEL,K06,night,9,323.6,16.2,0.036,5.24,9.98,1.905,observed,A,57.0,3
C-S2-DEL,S2,DEL,K06,night,13,286.0,7.6,0.013,2.18,3.49,1.603,observed,A,57.0,3
C-S2-DEL,S2,DEL,K06,morning,1,362.7,221.3,1.066,80.25,297.38,3.705,observed,A,57.0,3
C-S2-DEL,S2,DEL,K06,morning,5,340.9,90.7,0.308,30.93,86.06,2.783,observed,A,57.0,3
C-S2-DEL,S2,DEL,K06,morning,9,311.9,37.6,0.083,11.73,23.2,1.977,observed,A,57.0,3
C-S2-DEL,S2,DEL,K06,morning,13,275.7,17.7,0.029,4.88,8.12,1.663,observed,A,57.0,3
C-S2-DEL,S2,DEL,K06,afternoon,1,357.8,282.7,1.362,101.16,379.95,3.756,observed,A,57.0,3
C-S2-DEL,S2,DEL,K06,afternoon,5,336.4,115.9,0.394,38.99,109.96,2.821,observed,A,57.0,3
C-S2-DEL,S2,DEL,K06,afternoon,9,307.7,48.1,0.106,14.79,29.64,2.004,observed,A,57.0,3
C-S2-DEL,S2,DEL,K06,afternoon,13,271.9,22.6,0.037,6.15,10.37,1.686,observed,A,57.0,3
C-S2-DEL,S2,DEL,K06,evening,1,356.0,268.5,1.293,95.6,360.88,3.775,observed,A,57.0,3
C-S2-DEL,S2,DEL,K06,evening,5,334.7,110.1,0.374,36.84,104.44,2.835,observed,A,57.0,3
C-S2-DEL,S2,DEL,K06,evening,9,306.2,45.6,0.101,13.98,28.15,2.014,observed,A,57.0,3
C-S2-DEL,S2,DEL,K06,evening,13,270.6,21.5,0.035,5.81,9.85,1.695,observed,A,57.0,3
C-S2-DEL,S2,DEL,K10,night,1,424.0,122.0,0.284,51.75,79.32,1.533,observed,A,37.0,3
C-S2-DEL,S2,DEL,K10,night,5,398.6,50.0,0.082,19.94,22.96,1.151,observed,A,37.0,3
C-S2-DEL,S2,DEL,K10,night,9,364.6,20.7,0.022,7.57,6.19,0.818,observed,A,37.0,3
C-S2-DEL,S2,DEL,K10,night,13,322.2,9.8,0.008,3.15,2.17,0.688,observed,A,37.0,3
C-S2-DEL,S2,DEL,K10,morning,1,423.7,272.4,0.635,115.42,177.04,1.534,observed,A,37.0,3
C-S2-DEL,S2,DEL,K10,morning,5,398.3,111.7,0.184,44.48,51.24,1.152,observed,A,37.0,3
C-S2-DEL,S2,DEL,K10,morning,9,364.4,46.3,0.049,16.87,13.81,0.818,observed,A,37.0,3
C-S2-DEL,S2,DEL,K10,morning,13,322.0,21.8,0.017,7.02,4.83,0.689,observed,A,37.0,3
C-S2-DEL,S2,DEL,K10,afternoon,1,424.1,351.1,0.818,148.9,228.2,1.533,observed,A,37.0,3
C-S2-DEL,S2,DEL,K10,afternoon,5,398.6,144.0,0.237,57.39,66.04,1.151,observed,A,37.0,3
C-S2-DEL,S2,DEL,K10,afternoon,9,364.7,59.7,0.064,21.77,17.8,0.818,observed,A,37.0,3
C-S2-DEL,S2,DEL,K10,afternoon,13,322.3,28.1,0.022,9.05,6.23,0.688,observed,A,37.0,3
C-S2-DEL,S2,DEL,K10,evening,1,416.1,327.6,0.763,136.32,212.93,1.562,observed,A,37.0,3
C-S2-DEL,S2,DEL,K10,evening,5,391.1,134.3,0.221,52.54,61.62,1.173,observed,A,37.0,3
C-S2-DEL,S2,DEL,K10,evening,9,357.9,55.7,0.06,19.93,16.61,0.833,observed,A,37.0,3
C-S2-DEL,S2,DEL,K10,evening,13,316.2,26.2,0.021,8.29,5.81,0.701,observed,A,37.0,3
C-S2-MUM,S2,MUM,K01,night,1,232.5,138.2,2.467,32.13,688.41,21.426,observed,A,107.0,4
C-S2-MUM,S2,MUM,K01,night,5,218.5,56.7,0.714,12.38,199.23,16.09,observed,A,107.0,4
C-S2-MUM,S2,MUM,K01,night,9,199.9,23.5,0.192,4.7,53.7,11.431,observed,A,107.0,4
C-S2-MUM,S2,MUM,K01,night,13,176.7,11.1,0.067,1.95,18.79,9.619,observed,A,107.0,4
C-S2-MUM,S2,MUM,K01,morning,1,234.8,269.8,4.817,63.35,1343.92,21.215,observed,A,107.0,4
C-S2-MUM,S2,MUM,K01,morning,5,220.7,110.6,1.394,24.41,388.95,15.931,observed,A,107.0,4
C-S2-MUM,S2,MUM,K01,morning,9,201.9,45.9,0.376,9.26,104.83,11.319,observed,A,107.0,4
C-S2-MUM,S2,MUM,K01,morning,13,178.4,21.6,0.131,3.85,36.68,9.524,observed,A,107.0,4
C-S2-MUM,S2,MUM,K01,afternoon,1,235.1,325.9,5.818,76.61,1623.13,21.186,observed,A,107.0,4
C-S2-MUM,S2,MUM,K01,afternoon,5,221.0,133.6,1.684,29.53,469.75,15.91,observed,A,107.0,4
C-S2-MUM,S2,MUM,K01,afternoon,9,202.2,55.4,0.454,11.2,126.6,11.303,observed,A,107.0,4
C-S2-MUM,S2,MUM,K01,afternoon,13,178.7,26.1,0.159,4.66,44.3,9.511,observed,A,107.0,4
C-S2-MUM,S2,MUM,K01,evening,1,231.0,214.7,3.834,49.61,1069.57,21.561,truncated,A,107.0,3
C-S2-MUM,S2,MUM,K01,evening,5,217.2,88.0,1.109,19.12,309.55,16.191,truncated,A,107.0,3
C-S2-MUM,S2,MUM,K01,evening,9,198.7,36.5,0.299,7.25,83.43,11.503,truncated,A,107.0,3
C-S2-MUM,S2,MUM,K01,evening,13,175.6,17.2,0.105,3.02,29.19,9.679,truncated,A,107.0,3
C-S2-MUM,S2,MUM,K05,night,1,372.2,205.9,1.526,76.64,425.87,5.557,observed,A,139.0,2
C-S2-MUM,S2,MUM,K05,night,5,349.9,84.4,0.442,29.54,123.25,4.173,observed,A,139.0,2
C-S2-MUM,S2,MUM,K05,night,9,320.1,35.0,0.119,11.2,33.22,2.965,observed,A,139.0,2
C-S2-MUM,S2,MUM,K05,night,13,282.9,16.5,0.042,4.66,11.62,2.495,observed,A,139.0,2
C-S2-MUM,S2,MUM,K05,morning,1,358.5,438.8,3.254,157.33,907.73,5.77,observed,A,139.0,2
C-S2-MUM,S2,MUM,K05,morning,5,337.0,179.9,0.942,60.64,262.71,4.333,observed,A,139.0,2
C-S2-MUM,S2,MUM,K05,morning,9,308.3,74.6,0.254,23.0,70.8,3.078,observed,A,139.0,2
C-S2-MUM,S2,MUM,K05,morning,13,272.5,35.1,0.089,9.57,24.78,2.59,observed,A,139.0,2
C-S2-MUM,S2,MUM,K05,afternoon,1,365.1,485.4,3.599,177.21,1004.05,5.666,observed,A,139.0,2
C-S2-MUM,S2,MUM,K05,afternoon,5,343.2,199.0,1.042,68.3,290.58,4.255,observed,A,139.0,2
C-S2-MUM,S2,MUM,K05,afternoon,9,314.0,82.5,0.281,25.91,78.32,3.023,observed,A,139.0,2
C-S2-MUM,S2,MUM,K05,afternoon,13,277.5,38.8,0.098,10.77,27.4,2.544,observed,A,139.0,2
C-S2-MUM,S2,MUM,K05,evening,1,404.3,369.8,2.742,149.53,764.97,5.116,truncated,A,139.0,2
C-S2-MUM,S2,MUM,K05,evening,5,380.1,151.6,0.794,57.63,221.39,3.842,truncated,A,139.0,2
C-S2-MUM,S2,MUM,K05,evening,9,347.7,62.9,0.214,21.86,59.67,2.729,truncated,A,139.0,2
C-S2-MUM,S2,MUM,K05,evening,13,307.3,29.6,0.075,9.09,20.88,2.297,truncated,A,139.0,2
C-S2-MUM,S2,MUM,K06,night,1,432.1,58.8,0.292,25.41,81.36,3.202,observed,B,19.0,3
C-S2-MUM,S2,MUM,K06,night,5,406.1,24.1,0.084,9.79,23.55,2.405,observed,B,19.0,3
C-S2-MUM,S2,MUM,K06,night,9,371.6,10.0,0.023,3.71,6.35,1.708,observed,B,19.0,3
C-S2-MUM,S2,MUM,K06,night,13,328.4,4.7,0.008,1.54,2.22,1.438,observed,B,19.0,3
C-S2-MUM,S2,MUM,K06,morning,1,420.5,119.8,0.594,50.37,165.74,3.29,observed,B,19.0,3
C-S2-MUM,S2,MUM,K06,morning,5,395.3,49.1,0.172,19.41,47.97,2.471,observed,B,19.0,3
C-S2-MUM,S2,MUM,K06,morning,9,361.6,20.4,0.046,7.36,12.93,1.755,observed,B,19.0,3
C-S2-MUM,S2,MUM,K06,morning,13,319.6,9.6,0.016,3.06,4.52,1.477,observed,B,19.0,3
C-S2-MUM,S2,MUM,K06,afternoon,1,421.7,138.5,0.687,58.43,191.68,3.28,observed,B,19.0,3
C-S2-MUM,S2,MUM,K06,afternoon,5,396.4,56.8,0.199,22.52,55.48,2.463,observed,B,19.0,3
C-S2-MUM,S2,MUM,K06,afternoon,9,362.7,23.6,0.054,8.54,14.95,1.75,observed,B,19.0,3
C-S2-MUM,S2,MUM,K06,afternoon,13,320.5,11.1,0.019,3.55,5.23,1.473,observed,B,19.0,3
C-S2-MUM,S2,MUM,K06,evening,1,453.5,167.0,0.828,75.75,231.07,3.05,truncated,B,19.0,3
C-S2-MUM,S2,MUM,K06,evening,5,426.3,68.5,0.24,29.19,66.87,2.291,truncated,B,19.0,3
C-S2-MUM,S2,MUM,K06,evening,9,390.1,28.4,0.065,11.07,18.02,1.627,truncated,B,19.0,3
C-S2-MUM,S2,MUM,K06,evening,13,344.7,13.4,0.023,4.61,6.31,1.369,truncated,B,19.0,3
C-S2-MUM,S2,MUM,K10,night,1,464.8,91.2,0.205,42.38,57.14,1.348,observed,B,18.0,3
C-S2-MUM,S2,MUM,K10,night,5,436.9,37.4,0.059,16.33,16.54,1.012,observed,B,18.0,3
C-S2-MUM,S2,MUM,K10,night,9,399.7,15.5,0.016,6.2,4.46,0.719,observed,B,18.0,3
C-S2-MUM,S2,MUM,K10,night,13,353.2,7.3,0.006,2.58,1.56,0.605,observed,B,18.0,3
C-S2-MUM,S2,MUM,K10,morning,1,461.0,182.9,0.411,84.31,114.59,1.359,observed,B,18.0,3
C-S2-MUM,S2,MUM,K10,morning,5,433.3,75.0,0.119,32.49,33.16,1.021,observed,B,18.0,3
C-S2-MUM,S2,MUM,K10,morning,9,396.5,31.1,0.032,12.33,8.94,0.725,observed,B,18.0,3
C-S2-MUM,S2,MUM,K10,morning,13,350.4,14.6,0.011,5.13,3.13,0.61,observed,B,18.0,3
C-S2-MUM,S2,MUM,K10,afternoon,1,458.8,228.6,0.513,104.89,143.26,1.366,observed,B,18.0,3
C-S2-MUM,S2,MUM,K10,afternoon,5,431.2,93.7,0.149,40.42,41.46,1.026,observed,B,18.0,3
C-S2-MUM,S2,MUM,K10,afternoon,9,394.5,38.9,0.04,15.33,11.17,0.729,observed,B,18.0,3
C-S2-MUM,S2,MUM,K10,afternoon,13,348.7,18.3,0.014,6.38,3.91,0.613,observed,B,18.0,3
C-S2-MUM,S2,MUM,K10,evening,1,475.9,131.2,0.295,62.45,82.23,1.317,truncated,B,18.0,2
C-S2-MUM,S2,MUM,K10,evening,5,447.3,53.8,0.085,24.07,23.8,0.989,truncated,B,18.0,2
C-S2-MUM,S2,MUM,K10,evening,9,409.2,22.3,0.023,9.13,6.41,0.703,truncated,B,18.0,2
C-S2-MUM,S2,MUM,K10,evening,13,361.7,10.5,0.008,3.8,2.24,0.591,truncated,B,18.0,2
C-S2-BLR,S2,BLR,K01,night,1,227.5,110.0,1.773,25.02,494.59,19.77,observed,A,198.0,4
C-S2-BLR,S2,BLR,K01,night,5,213.9,45.1,0.513,9.64,143.14,14.846,observed,A,198.0,4
C-S2-BLR,S2,BLR,K01,night,9,195.7,18.7,0.138,3.66,38.58,10.547,observed,A,198.0,4
C-S2-BLR,S2,BLR,K01,night,13,172.9,8.8,0.048,1.52,13.5,8.875,observed,A,198.0,4
C-S2-BLR,S2,BLR,K01,morning,1,234.1,266.3,4.294,62.35,1198.0,19.214,observed,A,198.0,4
C-S2-BLR,S2,BLR,K01,morning,5,220.1,109.2,1.243,24.03,346.71,14.429,observed,A,198.0,4
C-S2-BLR,S2,BLR,K01,morning,9,201.3,45.3,0.335,9.12,93.44,10.251,observed,A,198.0,4
C-S2-BLR,S2,BLR,K01,morning,13,177.9,21.3,0.117,3.79,32.7,8.625,observed,A,198.0,4
C-S2-BLR,S2,BLR,K01,afternoon,1,235.4,334.0,5.385,78.64,1502.55,19.107,observed,A,198.0,4
C-S2-BLR,S2,BLR,K01,afternoon,5,221.3,137.0,1.559,30.31,434.85,14.348,observed,A,198.0,4
C-S2-BLR,S2,BLR,K01,afternoon,9,202.5,56.8,0.42,11.5,117.2,10.194,observed,A,198.0,4
C-S2-BLR,S2,BLR,K01,afternoon,13,178.9,26.7,0.147,4.78,41.01,8.577,observed,A,198.0,4
C-S2-BLR,S2,BLR,K01,evening,1,225.6,387.3,6.245,87.39,1742.22,19.936,observed,A,198.0,3
C-S2-BLR,S2,BLR,K01,evening,5,212.1,158.8,1.807,33.68,504.22,14.97,observed,A,198.0,3
C-S2-BLR,S2,BLR,K01,evening,9,194.1,65.8,0.487,12.78,135.89,10.636,observed,A,198.0,3
C-S2-BLR,S2,BLR,K01,evening,13,171.5,31.0,0.17,5.31,47.55,8.949,observed,A,198.0,3
C-S2-BLR,S2,BLR,K05,night,1,364.1,181.7,1.371,66.15,382.5,5.782,observed,A,244.0,2
C-S2-BLR,S2,BLR,K05,night,5,342.2,74.5,0.397,25.49,110.7,4.342,observed,A,244.0,2
C-S2-BLR,S2,BLR,K05,night,9,313.1,30.9,0.107,9.67,29.83,3.085,observed,A,244.0,2
C-S2-BLR,S2,BLR,K05,night,13,276.7,14.5,0.037,4.02,10.44,2.596,observed,A,244.0,2
C-S2-BLR,S2,BLR,K05,morning,1,355.3,432.9,3.266,153.82,911.23,5.924,observed,A,244.0,2
C-S2-BLR,S2,BLR,K05,morning,5,334.0,177.5,0.945,59.28,263.72,4.449,observed,A,244.0,2
C-S2-BLR,S2,BLR,K05,morning,9,305.6,73.6,0.255,22.49,71.08,3.161,observed,A,244.0,2
C-S2-BLR,S2,BLR,K05,morning,13,270.1,34.6,0.089,9.35,24.87,2.659,observed,A,244.0,2
C-S2-BLR,S2,BLR,K05,afternoon,1,352.6,563.6,4.252,198.72,1186.45,5.97,observed,A,244.0,2
C-S2-BLR,S2,BLR,K05,afternoon,5,331.4,231.1,1.231,76.59,343.37,4.483,observed,A,244.0,2
C-S2-BLR,S2,BLR,K05,afternoon,9,303.2,95.8,0.332,29.05,92.54,3.185,observed,A,244.0,2
C-S2-BLR,S2,BLR,K05,afternoon,13,268.0,45.1,0.116,12.08,32.38,2.68,observed,A,244.0,2
C-S2-BLR,S2,BLR,K05,evening,1,346.4,622.6,4.698,215.67,1310.67,6.077,observed,A,244.0,2
C-S2-BLR,S2,BLR,K05,evening,5,325.6,255.3,1.36,83.12,379.32,4.564,observed,A,244.0,2
C-S2-BLR,S2,BLR,K05,evening,9,297.9,105.8,0.366,31.53,102.23,3.242,observed,A,244.0,2
C-S2-BLR,S2,BLR,K05,evening,13,263.3,49.8,0.128,13.11,35.77,2.728,observed,A,244.0,2
C-S2-BLR,S2,BLR,K06,night,1,411.2,58.4,0.273,24.02,76.07,3.166,observed,A,25.0,4
C-S2-BLR,S2,BLR,K06,night,5,386.5,24.0,0.079,9.26,22.01,2.378,observed,A,25.0,4
C-S2-BLR,S2,BLR,K06,night,9,353.6,9.9,0.021,3.51,5.93,1.689,observed,A,25.0,4
C-S2-BLR,S2,BLR,K06,night,13,312.5,4.7,0.007,1.46,2.08,1.421,observed,A,25.0,4
C-S2-BLR,S2,BLR,K06,morning,1,398.1,130.7,0.61,52.04,170.2,3.27,observed,A,25.0,4
C-S2-BLR,S2,BLR,K06,morning,5,374.2,53.6,0.177,20.06,49.26,2.456,observed,A,25.0,4
C-S2-BLR,S2,BLR,K06,morning,9,342.4,22.2,0.048,7.61,13.28,1.745,observed,A,25.0,4
C-S2-BLR,S2,BLR,K06,morning,13,302.5,10.5,0.017,3.16,4.65,1.468,observed,A,25.0,4
C-S2-BLR,S2,BLR,K06,afternoon,1,395.2,162.9,0.76,64.4,212.11,3.294,observed,A,25.0,4
C-S2-BLR,S2,BLR,K06,afternoon,5,371.5,66.8,0.22,24.82,61.39,2.473,observed,A,25.0,4
C-S2-BLR,S2,BLR,K06,afternoon,9,339.9,27.7,0.059,9.41,16.54,1.757,observed,A,25.0,4
C-S2-BLR,S2,BLR,K06,afternoon,13,300.4,13.0,0.021,3.92,5.79,1.479,observed,A,25.0,4
C-S2-BLR,S2,BLR,K06,evening,1,384.0,205.5,0.959,78.93,267.56,3.39,observed,A,25.0,4
C-S2-BLR,S2,BLR,K06,evening,5,361.0,84.3,0.278,30.42,77.43,2.546,observed,A,25.0,4
C-S2-BLR,S2,BLR,K06,evening,9,330.3,34.9,0.075,11.54,20.87,1.809,observed,A,25.0,4
C-S2-BLR,S2,BLR,K06,evening,13,291.9,16.4,0.026,4.8,7.3,1.522,observed,A,25.0,4
C-S2-BLR,S2,BLR,K10,night,1,441.1,63.3,0.111,27.91,30.83,1.105,observed,B,13.0,3
C-S2-BLR,S2,BLR,K10,night,5,414.6,25.9,0.032,10.76,8.92,0.83,observed,B,13.0,3
C-S2-BLR,S2,BLR,K10,night,9,379.3,10.8,0.009,4.08,2.4,0.589,observed,B,13.0,3
C-S2-BLR,S2,BLR,K10,night,13,335.2,5.1,0.003,1.7,0.84,0.496,observed,B,13.0,3
C-S2-BLR,S2,BLR,K10,morning,1,431.8,170.0,0.297,73.41,82.84,1.128,observed,B,13.0,3
C-S2-BLR,S2,BLR,K10,morning,5,405.9,69.7,0.086,28.29,23.97,0.847,observed,B,13.0,3
C-S2-BLR,S2,BLR,K10,morning,9,371.3,28.9,0.023,10.73,6.46,0.602,observed,B,13.0,3
C-S2-BLR,S2,BLR,K10,morning,13,328.2,13.6,0.008,4.46,2.26,0.507,observed,B,13.0,3
C-S2-BLR,S2,BLR,K10,afternoon,1,434.6,210.7,0.368,91.56,102.64,1.121,observed,B,13.0,3
C-S2-BLR,S2,BLR,K10,afternoon,5,408.5,86.4,0.106,35.29,29.71,0.842,observed,B,13.0,3
C-S2-BLR,S2,BLR,K10,afternoon,9,373.8,35.8,0.029,13.39,8.01,0.598,observed,B,13.0,3
C-S2-BLR,S2,BLR,K10,afternoon,13,330.3,16.9,0.01,5.57,2.8,0.503,observed,B,13.0,3
C-S2-BLR,S2,BLR,K10,evening,1,427.1,248.7,0.434,106.2,121.16,1.141,observed,B,13.0,3
C-S2-BLR,S2,BLR,K10,evening,5,401.4,102.0,0.126,40.93,35.07,0.857,observed,B,13.0,3
C-S2-BLR,S2,BLR,K10,evening,9,367.3,42.3,0.034,15.53,9.45,0.609,observed,B,13.0,3
C-S2-BLR,S2,BLR,K10,evening,13,324.6,19.9,0.012,6.46,3.31,0.512,observed,B,13.0,3
C-S2-HYD,S2,HYD,K01,night,1,196.2,66.2,1.408,12.99,392.74,30.228,observed,A,95.0,5
C-S2-HYD,S2,HYD,K01,night,5,184.4,27.1,0.407,5.01,113.66,22.699,observed,A,95.0,5
C-S2-HYD,S2,HYD,K01,night,9,168.7,11.3,0.11,1.9,30.63,16.127,observed,A,95.0,5
C-S2-HYD,S2,HYD,K01,night,13,149.1,5.3,0.038,0.79,10.72,13.57,observed,A,95.0,5
C-S2-HYD,S2,HYD,K01,morning,1,203.9,175.4,3.728,35.76,1040.12,29.087,observed,A,95.0,5
C-S2-HYD,S2,HYD,K01,morning,5,191.7,71.9,1.079,13.78,301.02,21.843,observed,A,95.0,5
C-S2-HYD,S2,HYD,K01,morning,9,175.4,29.8,0.291,5.23,81.13,15.519,observed,A,95.0,5
C-S2-HYD,S2,HYD,K01,morning,13,155.0,14.0,0.102,2.17,28.39,13.058,observed,A,95.0,5
C-S2-HYD,S2,HYD,K01,afternoon,1,206.5,213.8,4.544,44.14,1267.89,28.723,observed,A,95.0,5
C-S2-HYD,S2,HYD,K01,afternoon,5,194.1,87.6,1.315,17.01,366.94,21.569,observed,A,95.0,5
C-S2-HYD,S2,HYD,K01,afternoon,9,177.6,36.3,0.354,6.45,98.9,15.324,observed,A,95.0,5
C-S2-HYD,S2,HYD,K01,afternoon,13,156.9,17.1,0.124,2.68,34.61,12.894,observed,A,95.0,5
C-S2-HYD,S2,HYD,K01,evening,1,204.4,198.2,4.213,40.51,1175.37,29.016,observed,A,95.0,5
C-S2-HYD,S2,HYD,K01,evening,5,192.1,81.2,1.219,15.61,340.16,21.789,observed,A,95.0,5
C-S2-HYD,S2,HYD,K01,evening,9,175.8,33.7,0.329,5.92,91.68,15.48,observed,A,95.0,5
C-S2-HYD,S2,HYD,K01,evening,13,155.4,15.9,0.115,2.46,32.08,13.026,observed,A,95.0,5
C-S2-HYD,S2,HYD,K05,night,1,319.9,90.7,0.674,29.0,187.98,6.481,observed,A,76.0,3
C-S2-HYD,S2,HYD,K05,night,5,300.7,37.2,0.195,11.18,54.4,4.867,observed,A,76.0,3
C-S2-HYD,S2,HYD,K05,night,9,275.1,15.4,0.053,4.24,14.66,3.458,observed,A,76.0,3
C-S2-HYD,S2,HYD,K05,night,13,243.1,7.3,0.018,1.76,5.13,2.909,observed,A,76.0,3
C-S2-HYD,S2,HYD,K05,morning,1,304.7,214.2,1.592,65.27,444.13,6.805,observed,A,76.0,3
C-S2-HYD,S2,HYD,K05,morning,5,286.4,87.8,0.461,25.15,128.54,5.11,observed,A,76.0,3
C-S2-HYD,S2,HYD,K05,morning,9,262.1,36.4,0.124,9.54,34.64,3.63,observed,A,76.0,3
C-S2-HYD,S2,HYD,K05,morning,13,231.6,17.1,0.043,3.97,12.12,3.055,observed,A,76.0,3
C-S2-HYD,S2,HYD,K05,afternoon,1,300.7,264.5,1.965,79.52,548.35,6.896,observed,A,76.0,3
C-S2-HYD,S2,HYD,K05,afternoon,5,282.7,108.4,0.569,30.65,158.7,5.178,observed,A,76.0,3
C-S2-HYD,S2,HYD,K05,afternoon,9,258.6,45.0,0.153,11.63,42.77,3.679,observed,A,76.0,3
C-S2-HYD,S2,HYD,K05,afternoon,13,228.5,21.2,0.054,4.83,14.97,3.096,observed,A,76.0,3
C-S2-HYD,S2,HYD,K05,evening,1,301.0,226.3,1.682,68.12,469.19,6.888,observed,A,76.0,3
C-S2-HYD,S2,HYD,K05,evening,5,283.0,92.8,0.487,26.25,135.79,5.173,observed,A,76.0,3
C-S2-HYD,S2,HYD,K05,evening,9,258.9,38.5,0.131,9.96,36.6,3.675,observed,A,76.0,3
C-S2-HYD,S2,HYD,K05,evening,13,228.8,18.1,0.046,4.14,12.81,3.092,observed,A,76.0,3
C-S2-HYD,S2,HYD,K06,night,1,353.9,45.6,0.206,16.15,57.6,3.567,observed,A,30.0,2
C-S2-HYD,S2,HYD,K06,night,5,332.7,18.7,0.06,6.22,16.67,2.679,observed,A,30.0,2
C-S2-HYD,S2,HYD,K06,night,9,304.4,7.8,0.016,2.36,4.49,1.903,observed,A,30.0,2
C-S2-HYD,S2,HYD,K06,night,13,269.0,3.6,0.006,0.98,1.57,1.601,observed,A,30.0,2
C-S2-HYD,S2,HYD,K06,morning,1,347.1,129.3,0.585,44.87,163.22,3.637,observed,A,30.0,3
C-S2-HYD,S2,HYD,K06,morning,5,326.3,53.0,0.169,17.29,47.24,2.731,observed,A,30.0,3
C-S2-HYD,S2,HYD,K06,morning,9,298.5,22.0,0.046,6.56,12.73,1.941,observed,A,30.0,3
C-S2-HYD,S2,HYD,K06,morning,13,263.8,10.3,0.016,2.73,4.45,1.633,observed,A,30.0,3
C-S2-HYD,S2,HYD,K06,afternoon,1,341.2,163.4,0.74,55.76,206.34,3.7,observed,A,30.0,3
C-S2-HYD,S2,HYD,K06,afternoon,5,320.7,67.0,0.214,21.49,59.72,2.779,observed,A,30.0,3
C-S2-HYD,S2,HYD,K06,afternoon,9,293.4,27.8,0.058,8.15,16.09,1.974,observed,A,30.0,3
C-S2-HYD,S2,HYD,K06,afternoon,13,259.3,13.1,0.02,3.39,5.63,1.661,observed,A,30.0,3
C-S2-HYD,S2,HYD,K06,evening,1,343.6,135.2,0.612,46.46,170.7,3.674,observed,A,30.0,3
C-S2-HYD,S2,HYD,K06,evening,5,323.0,55.4,0.177,17.9,49.4,2.759,observed,A,30.0,3
C-S2-HYD,S2,HYD,K06,evening,9,295.5,23.0,0.048,6.79,13.31,1.96,observed,A,30.0,3
C-S2-HYD,S2,HYD,K06,evening,13,261.2,10.8,0.017,2.82,4.66,1.649,observed,A,30.0,3
C-S2-HYD,S2,HYD,K10,night,1,376.3,42.0,0.098,15.8,27.29,1.727,observed,A,25.0,1
C-S2-HYD,S2,HYD,K10,night,5,353.7,17.2,0.028,6.09,7.9,1.297,observed,A,25.0,1
C-S2-HYD,S2,HYD,K10,night,9,323.6,7.1,0.008,2.31,2.13,0.922,observed,A,25.0,1
C-S2-HYD,S2,HYD,K10,night,13,286.0,3.4,0.003,0.96,0.74,0.775,observed,A,25.0,1
C-S2-HYD,S2,HYD,K10,morning,1,371.1,123.5,0.288,45.84,80.3,1.752,observed,A,25.0,2
C-S2-HYD,S2,HYD,K10,morning,5,348.8,50.6,0.083,17.67,23.24,1.315,observed,A,25.0,2
C-S2-HYD,S2,HYD,K10,morning,9,319.1,21.0,0.022,6.7,6.26,0.935,observed,A,25.0,2
C-S2-HYD,S2,HYD,K10,morning,13,282.0,9.9,0.008,2.79,2.19,0.786,observed,A,25.0,2
C-S2-HYD,S2,HYD,K10,afternoon,1,366.5,160.1,0.373,58.66,104.04,1.773,observed,A,25.0,2
C-S2-HYD,S2,HYD,K10,afternoon,5,344.5,65.6,0.108,22.61,30.11,1.332,observed,A,25.0,2
C-S2-HYD,S2,HYD,K10,afternoon,9,315.2,27.2,0.029,8.58,8.11,0.946,observed,A,25.0,2
C-S2-HYD,S2,HYD,K10,afternoon,13,278.6,12.8,0.01,3.57,2.84,0.796,observed,A,25.0,2
C-S2-HYD,S2,HYD,K10,evening,1,366.1,134.1,0.313,49.11,87.19,1.775,observed,A,25.0,2
C-S2-HYD,S2,HYD,K10,evening,5,344.1,55.0,0.09,18.93,25.24,1.333,observed,A,25.0,2
C-S2-HYD,S2,HYD,K10,evening,9,314.8,22.8,0.024,7.18,6.8,0.947,observed,A,25.0,2
C-S2-HYD,S2,HYD,K10,evening,13,278.2,10.7,0.009,2.99,2.38,0.797,observed,A,25.0,2
C-S2-PUN,S2,PUN,K01,night,1,184.0,42.8,0.714,7.87,199.19,25.301,observed,A,80.0,3
C-S2-PUN,S2,PUN,K01,night,5,172.9,17.5,0.207,3.03,57.65,18.999,observed,A,80.0,3
C-S2-PUN,S2,PUN,K01,night,9,158.2,7.3,0.056,1.15,15.54,13.498,observed,A,80.0,3
C-S2-PUN,S2,PUN,K01,night,13,139.8,3.4,0.019,0.48,5.44,11.358,observed,A,80.0,3
C-S2-PUN,S2,PUN,K01,morning,1,189.4,116.8,1.949,22.12,543.77,24.581,observed,A,80.0,4
C-S2-PUN,S2,PUN,K01,morning,5,178.0,47.9,0.564,8.53,157.37,18.459,observed,A,80.0,4
C-S2-PUN,S2,PUN,K01,morning,9,162.8,19.9,0.152,3.23,42.41,13.115,observed,A,80.0,4
C-S2-PUN,S2,PUN,K01,morning,13,143.9,9.3,0.053,1.34,14.84,11.035,observed,A,80.0,4
C-S2-PUN,S2,PUN,K01,afternoon,1,190.3,147.7,2.464,28.11,687.33,24.454,observed,A,80.0,4
C-S2-PUN,S2,PUN,K01,afternoon,5,178.9,60.5,0.713,10.83,198.92,18.363,observed,A,80.0,4
C-S2-PUN,S2,PUN,K01,afternoon,9,163.7,25.1,0.192,4.11,53.61,13.046,observed,A,80.0,4
C-S2-PUN,S2,PUN,K01,afternoon,13,144.7,11.8,0.067,1.71,18.76,10.978,observed,A,80.0,4
C-S2-PUN,S2,PUN,K01,evening,1,188.7,124.8,2.082,23.55,580.9,24.665,observed,A,80.0,4
C-S2-PUN,S2,PUN,K01,evening,5,177.4,51.2,0.603,9.08,168.12,18.522,observed,A,80.0,4
C-S2-PUN,S2,PUN,K01,evening,9,162.3,21.2,0.162,3.44,45.31,13.159,observed,A,80.0,4
C-S2-PUN,S2,PUN,K01,evening,13,143.4,10.0,0.057,1.43,15.86,11.072,observed,A,80.0,4
C-S2-PUN,S2,PUN,K05,night,1,309.2,62.9,0.551,19.46,153.84,7.907,observed,A,82.0,2
C-S2-PUN,S2,PUN,K05,night,5,290.7,25.8,0.16,7.5,44.52,5.937,observed,A,82.0,2
C-S2-PUN,S2,PUN,K05,night,9,265.9,10.7,0.043,2.84,12.0,4.218,observed,A,82.0,2
C-S2-PUN,S2,PUN,K05,night,13,235.0,5.0,0.015,1.18,4.2,3.549,observed,A,82.0,2
C-S2-PUN,S2,PUN,K05,morning,1,298.0,159.8,1.4,47.6,390.59,8.206,observed,A,82.0,2
C-S2-PUN,S2,PUN,K05,morning,5,280.1,65.5,0.405,18.34,113.04,6.162,observed,A,82.0,2
C-S2-PUN,S2,PUN,K05,morning,9,256.2,27.2,0.109,6.96,30.47,4.378,observed,A,82.0,2
C-S2-PUN,S2,PUN,K05,morning,13,226.4,12.8,0.038,2.89,10.66,3.684,observed,A,82.0,2
C-S2-PUN,S2,PUN,K05,afternoon,1,297.2,194.3,1.702,57.74,474.95,8.226,observed,A,82.0,2
C-S2-PUN,S2,PUN,K05,afternoon,5,279.4,79.6,0.493,22.25,137.46,6.177,observed,A,82.0,2
C-S2-PUN,S2,PUN,K05,afternoon,9,255.6,33.0,0.133,8.44,37.05,4.389,observed,A,82.0,2
C-S2-PUN,S2,PUN,K05,afternoon,13,225.9,15.5,0.046,3.51,12.96,3.693,observed,A,82.0,2
C-S2-PUN,S2,PUN,K05,evening,1,293.4,174.6,1.53,51.25,426.97,8.332,observed,A,82.0,2
C-S2-PUN,S2,PUN,K05,evening,5,275.8,71.6,0.443,19.75,123.57,6.257,observed,A,82.0,2
C-S2-PUN,S2,PUN,K05,evening,9,252.4,29.7,0.119,7.49,33.3,4.445,observed,A,82.0,2
C-S2-PUN,S2,PUN,K05,evening,13,223.0,14.0,0.042,3.12,11.65,3.74,observed,A,82.0,2
C-S2-PUN,S2,PUN,K06,night,1,351.6,21.2,0.099,7.45,27.5,3.691,observed,B,15.0,3
C-S2-PUN,S2,PUN,K06,night,5,330.5,8.7,0.029,2.87,7.96,2.772,observed,B,15.0,3
C-S2-PUN,S2,PUN,K06,night,9,302.4,3.6,0.008,1.09,2.14,1.969,observed,B,15.0,3
C-S2-PUN,S2,PUN,K06,night,13,267.2,1.7,0.003,0.45,0.75,1.657,observed,B,15.0,3
C-S2-PUN,S2,PUN,K06,morning,1,346.0,73.4,0.341,25.38,95.19,3.75,observed,B,15.0,3
C-S2-PUN,S2,PUN,K06,morning,5,325.3,30.1,0.099,9.78,27.55,2.816,observed,B,15.0,3
C-S2-PUN,S2,PUN,K06,morning,9,297.6,12.5,0.027,3.71,7.43,2.001,observed,B,15.0,3
C-S2-PUN,S2,PUN,K06,morning,13,263.0,5.9,0.009,1.54,2.6,1.684,observed,B,15.0,3
C-S2-PUN,S2,PUN,K06,afternoon,1,343.8,96.9,0.451,33.3,125.69,3.774,observed,B,15.0,3
C-S2-PUN,S2,PUN,K06,afternoon,5,323.2,39.7,0.13,12.83,36.38,2.834,observed,B,15.0,3
C-S2-PUN,S2,PUN,K06,afternoon,9,295.7,16.5,0.035,4.87,9.8,2.014,observed,B,15.0,3
C-S2-PUN,S2,PUN,K06,afternoon,13,261.3,7.7,0.012,2.02,3.43,1.694,observed,B,15.0,3
C-S2-PUN,S2,PUN,K06,evening,1,343.9,74.6,0.347,25.67,96.84,3.773,observed,B,15.0,3
C-S2-PUN,S2,PUN,K06,evening,5,323.3,30.6,0.1,9.89,28.03,2.834,observed,B,15.0,3
C-S2-PUN,S2,PUN,K06,evening,9,295.8,12.7,0.027,3.75,7.55,2.013,observed,B,15.0,3
C-S2-PUN,S2,PUN,K06,evening,13,261.4,6.0,0.009,1.56,2.64,1.694,observed,B,15.0,3
C-S2-PUN,S2,PUN,K10,night,1,365.2,22.4,0.042,8.18,11.72,1.433,observed,B,10.0,1
C-S2-PUN,S2,PUN,K10,night,5,343.3,9.2,0.012,3.15,3.39,1.076,observed,B,10.0,1
C-S2-PUN,S2,PUN,K10,night,9,314.1,3.8,0.003,1.2,0.91,0.764,observed,B,10.0,1
C-S2-PUN,S2,PUN,K10,night,13,277.6,1.8,0.001,0.5,0.32,0.643,observed,B,10.0,1
C-S2-PUN,S2,PUN,K10,morning,1,360.4,68.5,0.128,24.67,35.82,1.452,observed,B,10.0,2
C-S2-PUN,S2,PUN,K10,morning,5,338.8,28.1,0.037,9.51,10.37,1.09,observed,B,10.0,2
C-S2-PUN,S2,PUN,K10,morning,9,310.0,11.6,0.01,3.61,2.79,0.774,observed,B,10.0,2
C-S2-PUN,S2,PUN,K10,morning,13,273.9,5.5,0.004,1.5,0.98,0.652,observed,B,10.0,2
C-S2-PUN,S2,PUN,K10,afternoon,1,360.6,90.9,0.17,32.77,47.55,1.451,observed,B,10.0,2
C-S2-PUN,S2,PUN,K10,afternoon,5,339.0,37.3,0.049,12.63,13.76,1.089,observed,B,10.0,2
C-S2-PUN,S2,PUN,K10,afternoon,9,310.1,15.5,0.013,4.79,3.71,0.774,observed,B,10.0,2
C-S2-PUN,S2,PUN,K10,afternoon,13,274.1,7.3,0.005,1.99,1.3,0.651,observed,B,10.0,2
C-S2-PUN,S2,PUN,K10,evening,1,356.2,73.0,0.137,25.99,38.17,1.469,observed,B,10.0,2
C-S2-PUN,S2,PUN,K10,evening,5,334.8,29.9,0.04,10.02,11.05,1.103,observed,B,10.0,2
C-S2-PUN,S2,PUN,K10,evening,9,306.3,12.4,0.011,3.8,2.98,0.784,observed,B,10.0,2
C-S2-PUN,S2,PUN,K10,evening,13,270.7,5.8,0.004,1.58,1.04,0.659,observed,B,10.0,2
C-S3-DEL,S3,DEL,K01,night,1,198.5,158.3,2.467,31.42,367.55,11.699,observed,A,484.0,1
C-S3-DEL,S3,DEL,K01,night,5,186.6,64.9,0.714,12.11,106.37,8.785,observed,A,484.0,1
C-S3-DEL,S3,DEL,K01,night,9,170.7,26.9,0.192,4.59,28.67,6.241,observed,A,484.0,1
C-S3-DEL,S3,DEL,K01,night,13,150.8,12.7,0.067,1.91,10.03,5.252,observed,A,484.0,1
C-S3-DEL,S3,DEL,K01,morning,1,199.2,380.7,5.933,75.84,883.96,11.656,observed,A,484.0,1
C-S3-DEL,S3,DEL,K01,morning,5,187.2,156.1,1.717,29.23,255.83,8.753,observed,A,484.0,1
C-S3-DEL,S3,DEL,K01,morning,9,171.3,64.7,0.463,11.09,68.95,6.219,observed,A,484.0,1
C-S3-DEL,S3,DEL,K01,morning,13,151.4,30.5,0.162,4.61,24.13,5.232,observed,A,484.0,1
C-S3-DEL,S3,DEL,K01,afternoon,1,201.2,480.1,7.481,96.58,1114.62,11.541,observed,A,484.0,1
C-S3-DEL,S3,DEL,K01,afternoon,5,189.1,196.8,2.165,37.22,322.58,8.667,observed,A,484.0,1
C-S3-DEL,S3,DEL,K01,afternoon,9,173.0,81.6,0.583,14.12,86.94,6.158,observed,A,484.0,1
C-S3-DEL,S3,DEL,K01,afternoon,13,152.9,38.4,0.204,5.87,30.42,5.181,observed,A,484.0,1
C-S3-DEL,S3,DEL,K01,evening,1,197.5,457.3,7.126,90.34,1061.74,11.753,observed,A,484.0,2
C-S3-DEL,S3,DEL,K01,evening,5,185.7,187.5,2.062,34.82,307.28,8.826,observed,A,484.0,2
C-S3-DEL,S3,DEL,K01,evening,9,169.9,77.7,0.556,13.21,82.82,6.27,observed,A,484.0,2
C-S3-DEL,S3,DEL,K01,evening,13,150.1,36.6,0.194,5.49,28.98,5.276,observed,A,484.0,2
C-S3-DEL,S3,DEL,K02,night,1,210.8,65.4,1.537,13.79,229.03,16.611,observed,A,262.0,2
C-S3-DEL,S3,DEL,K02,night,5,198.2,26.8,0.445,5.31,66.29,12.474,observed,A,262.0,2
C-S3-DEL,S3,DEL,K02,night,9,181.3,11.1,0.12,2.02,17.86,8.862,observed,A,262.0,2
C-S3-DEL,S3,DEL,K02,night,13,160.2,5.2,0.042,0.84,6.25,7.457,observed,A,262.0,2
C-S3-DEL,S3,DEL,K02,morning,1,205.7,160.1,3.764,32.94,560.89,17.025,observed,A,262.0,2
C-S3-DEL,S3,DEL,K02,morning,5,193.4,65.7,1.089,12.7,162.33,12.785,observed,A,262.0,2
C-S3-DEL,S3,DEL,K02,morning,9,176.9,27.2,0.294,4.82,43.75,9.083,observed,A,262.0,2
C-S3-DEL,S3,DEL,K02,morning,13,156.3,12.8,0.103,2.0,15.31,7.643,observed,A,262.0,2
C-S3-DEL,S3,DEL,K02,afternoon,1,204.8,201.4,4.735,41.26,705.5,17.1,observed,A,262.0,2
C-S3-DEL,S3,DEL,K02,afternoon,5,192.5,82.6,1.37,15.9,204.18,12.841,observed,A,262.0,2
C-S3-DEL,S3,DEL,K02,afternoon,9,176.1,34.2,0.369,6.03,55.03,9.123,observed,A,262.0,2
C-S3-DEL,S3,DEL,K02,afternoon,13,155.7,16.1,0.129,2.51,19.26,7.677,observed,A,262.0,2
C-S3-DEL,S3,DEL,K02,evening,1,201.6,179.1,4.209,36.1,627.13,17.37,observed,A,262.0,2
C-S3-DEL,S3,DEL,K02,evening,5,189.5,73.4,1.218,13.91,181.5,13.044,observed,A,262.0,2
C-S3-DEL,S3,DEL,K02,evening,9,173.4,30.4,0.328,5.28,48.92,9.267,observed,A,262.0,2
C-S3-DEL,S3,DEL,K02,evening,13,153.2,14.3,0.115,2.2,17.12,7.798,observed,A,262.0,2
C-S3-DEL,S3,DEL,K03,night,1,287.3,862.8,5.144,247.91,766.45,3.092,observed,A,646.0,2
C-S3-DEL,S3,DEL,K03,night,5,270.1,353.8,1.489,95.55,221.82,2.322,observed,A,646.0,2
C-S3-DEL,S3,DEL,K03,night,9,247.1,146.7,0.401,36.25,59.78,1.649,observed,A,646.0,2
C-S3-DEL,S3,DEL,K03,night,13,218.4,69.0,0.14,15.07,20.92,1.388,observed,A,646.0,2
C-S3-DEL,S3,DEL,K03,morning,1,282.2,2001.6,11.933,564.83,1777.95,3.148,observed,A,646.0,2
C-S3-DEL,S3,DEL,K03,morning,5,265.3,820.6,3.453,217.69,514.56,2.364,observed,A,646.0,2
C-S3-DEL,S3,DEL,K03,morning,9,242.7,340.3,0.931,82.58,138.68,1.679,observed,A,646.0,2
C-S3-DEL,S3,DEL,K03,morning,13,214.5,160.1,0.326,34.34,48.53,1.413,observed,A,646.0,2
C-S3-DEL,S3,DEL,K03,afternoon,1,281.2,2570.2,15.322,722.8,2283.04,3.159,observed,A,646.0,2
C-S3-DEL,S3,DEL,K03,afternoon,5,264.4,1053.8,4.434,278.57,660.74,2.372,observed,A,646.0,2
C-S3-DEL,S3,DEL,K03,afternoon,9,241.9,436.9,1.195,105.67,178.08,1.685,observed,A,646.0,2
C-S3-DEL,S3,DEL,K03,afternoon,13,213.7,205.6,0.418,43.95,62.31,1.418,observed,A,646.0,2
C-S3-DEL,S3,DEL,K03,evening,1,278.7,2362.0,14.081,658.22,2098.12,3.188,observed,A,646.0,2
C-S3-DEL,S3,DEL,K03,evening,5,262.0,968.4,4.075,253.68,607.22,2.394,observed,A,646.0,2
C-S3-DEL,S3,DEL,K03,evening,9,239.7,401.5,1.098,96.23,163.65,1.701,observed,A,646.0,2
C-S3-DEL,S3,DEL,K03,evening,13,211.8,189.0,0.384,40.02,57.27,1.431,observed,A,646.0,2
C-S3-DEL,S3,DEL,K04,night,1,279.2,239.6,1.867,66.91,278.2,4.158,observed,A,273.0,2
C-S3-DEL,S3,DEL,K04,night,5,262.4,98.2,0.54,25.79,80.52,3.122,observed,A,273.0,2
C-S3-DEL,S3,DEL,K04,night,9,240.1,40.7,0.146,9.78,21.7,2.218,observed,A,273.0,2
C-S3-DEL,S3,DEL,K04,night,13,212.2,19.2,0.051,4.07,7.59,1.867,observed,A,273.0,2
C-S3-DEL,S3,DEL,K04,morning,1,274.1,525.2,4.092,143.94,609.75,4.236,observed,A,273.0,2
C-S3-DEL,S3,DEL,K04,morning,5,257.6,215.3,1.184,55.48,176.47,3.181,observed,A,273.0,2
C-S3-DEL,S3,DEL,K04,morning,9,235.7,89.3,0.319,21.04,47.56,2.26,observed,A,273.0,2
C-S3-DEL,S3,DEL,K04,morning,13,208.3,42.0,0.112,8.75,16.64,1.902,observed,A,273.0,2
C-S3-DEL,S3,DEL,K04,afternoon,1,269.5,680.4,5.301,183.34,789.88,4.308,observed,A,273.0,2
C-S3-DEL,S3,DEL,K04,afternoon,5,253.3,279.0,1.534,70.66,228.6,3.235,observed,A,273.0,2
C-S3-DEL,S3,DEL,K04,afternoon,9,231.7,115.7,0.413,26.81,61.61,2.298,observed,A,273.0,2
C-S3-DEL,S3,DEL,K04,afternoon,13,204.8,54.4,0.145,11.15,21.56,1.934,observed,A,273.0,2
C-S3-DEL,S3,DEL,K04,evening,1,267.7,620.5,4.835,166.11,720.39,4.337,observed,A,273.0,2
C-S3-DEL,S3,DEL,K04,evening,5,251.6,254.4,1.399,64.02,208.49,3.257,observed,A,273.0,2
C-S3-DEL,S3,DEL,K04,evening,9,230.2,105.5,0.377,24.28,56.19,2.314,observed,A,273.0,2
C-S3-DEL,S3,DEL,K04,evening,13,203.4,49.6,0.132,10.1,19.66,1.947,observed,A,273.0,2
C-S3-DEL,S3,DEL,K09,night,1,418.5,209.2,0.499,87.52,74.28,0.849,observed,A,93.0,2
C-S3-DEL,S3,DEL,K09,night,5,393.4,85.8,0.144,33.73,21.5,0.637,observed,A,93.0,2
C-S3-DEL,S3,DEL,K09,night,9,359.9,35.6,0.039,12.8,5.79,0.453,observed,A,93.0,2
C-S3-DEL,S3,DEL,K09,night,13,318.0,16.7,0.014,5.32,2.03,0.381,observed,A,93.0,2
C-S3-DEL,S3,DEL,K09,morning,1,408.7,491.2,1.171,200.74,174.46,0.869,observed,A,93.0,2
C-S3-DEL,S3,DEL,K09,morning,5,384.1,201.4,0.339,77.36,50.49,0.653,observed,A,93.0,2
C-S3-DEL,S3,DEL,K09,morning,9,351.5,83.5,0.091,29.35,13.61,0.464,observed,A,93.0,2
C-S3-DEL,S3,DEL,K09,morning,13,310.6,39.3,0.032,12.2,4.76,0.39,observed,A,93.0,2
C-S3-DEL,S3,DEL,K09,afternoon,1,411.7,599.6,1.429,246.86,212.95,0.863,observed,A,93.0,2
C-S3-DEL,S3,DEL,K09,afternoon,5,387.0,245.8,0.414,95.14,61.63,0.648,observed,A,93.0,2
C-S3-DEL,S3,DEL,K09,afternoon,9,354.1,101.9,0.111,36.09,16.61,0.46,observed,A,93.0,2
C-S3-DEL,S3,DEL,K09,afternoon,13,312.9,48.0,0.039,15.01,5.81,0.387,observed,A,93.0,2
C-S3-DEL,S3,DEL,K09,evening,1,407.8,543.7,1.296,221.73,193.09,0.871,observed,A,93.0,2
C-S3-DEL,S3,DEL,K09,evening,5,383.4,222.9,0.375,85.46,55.88,0.654,observed,A,93.0,2
C-S3-DEL,S3,DEL,K09,evening,9,350.7,92.4,0.101,32.42,15.06,0.465,observed,A,93.0,2
C-S3-DEL,S3,DEL,K09,evening,13,310.0,43.5,0.035,13.48,5.27,0.391,observed,A,93.0,2
C-S3-MUM,S3,MUM,K01,night,1,231.4,103.9,1.655,24.04,246.58,10.259,observed,A,61.0,7
C-S3-MUM,S3,MUM,K01,night,5,217.6,42.6,0.479,9.26,71.36,7.704,observed,A,61.0,7
C-S3-MUM,S3,MUM,K01,night,9,199.0,17.7,0.129,3.51,19.23,5.473,observed,A,61.0,7
C-S3-MUM,S3,MUM,K01,night,13,175.9,8.3,0.045,1.46,6.73,4.605,observed,A,61.0,7
C-S3-MUM,S3,MUM,K01,morning,1,234.1,201.5,3.21,47.17,478.32,10.14,observed,A,61.0,6
C-S3-MUM,S3,MUM,K01,morning,5,220.1,82.6,0.929,18.18,138.43,7.615,observed,A,61.0,6
C-S3-MUM,S3,MUM,K01,morning,9,201.4,34.2,0.25,6.9,37.31,5.41,observed,A,61.0,6
C-S3-MUM,S3,MUM,K01,morning,13,177.9,16.1,0.088,2.87,13.06,4.552,observed,A,61.0,6
C-S3-MUM,S3,MUM,K01,afternoon,1,235.8,254.1,4.049,59.93,603.37,10.068,observed,A,61.0,7
C-S3-MUM,S3,MUM,K01,afternoon,5,221.7,104.2,1.172,23.1,174.62,7.56,observed,A,61.0,7
C-S3-MUM,S3,MUM,K01,afternoon,9,202.8,43.2,0.316,8.76,47.06,5.371,observed,A,61.0,7
C-S3-MUM,S3,MUM,K01,afternoon,13,179.2,20.3,0.111,3.64,16.47,4.52,observed,A,61.0,7
C-S3-MUM,S3,MUM,K01,evening,1,229.8,288.9,4.604,66.4,685.94,10.33,observed,A,61.0,5
C-S3-MUM,S3,MUM,K01,evening,5,216.0,118.5,1.332,25.59,198.52,7.757,observed,A,61.0,5
C-S3-MUM,S3,MUM,K01,evening,9,197.7,49.1,0.359,9.71,53.5,5.511,observed,A,61.0,5
C-S3-MUM,S3,MUM,K01,evening,13,174.7,23.1,0.126,4.04,18.72,4.637,observed,A,61.0,5
C-S3-MUM,S3,MUM,K02,night,1,241.8,44.0,1.142,10.63,170.09,15.999,observed,A,202.0,2
C-S3-MUM,S3,MUM,K02,night,5,227.3,18.0,0.33,4.1,49.23,12.014,observed,A,202.0,2
C-S3-MUM,S3,MUM,K02,night,9,208.0,7.5,0.089,1.55,13.27,8.536,observed,A,202.0,2
C-S3-MUM,S3,MUM,K02,night,13,183.8,3.5,0.031,0.65,4.64,7.182,observed,A,202.0,2
C-S3-MUM,S3,MUM,K02,morning,1,240.0,104.9,2.724,25.18,405.87,16.12,observed,A,202.0,2
C-S3-MUM,S3,MUM,K02,morning,5,225.6,43.0,0.788,9.7,117.46,12.105,observed,A,202.0,2
C-S3-MUM,S3,MUM,K02,morning,9,206.4,17.8,0.212,3.68,31.66,8.6,observed,A,202.0,2
C-S3-MUM,S3,MUM,K02,morning,13,182.4,8.4,0.074,1.53,11.08,7.236,observed,A,202.0,2
C-S3-MUM,S3,MUM,K02,afternoon,1,238.8,126.7,3.291,30.27,490.37,16.2,observed,A,202.0,2
C-S3-MUM,S3,MUM,K02,afternoon,5,224.5,52.0,0.952,11.67,141.92,12.165,observed,A,202.0,2
C-S3-MUM,S3,MUM,K02,afternoon,9,205.4,21.5,0.257,4.43,38.25,8.643,observed,A,202.0,2
C-S3-MUM,S3,MUM,K02,afternoon,13,181.5,10.1,0.09,1.84,13.38,7.272,observed,A,202.0,2
C-S3-MUM,S3,MUM,K02,evening,1,235.2,134.8,3.501,31.71,521.63,16.451,observed,A,202.0,2
C-S3-MUM,S3,MUM,K02,evening,5,221.1,55.3,1.013,12.22,150.97,12.354,observed,A,202.0,2
C-S3-MUM,S3,MUM,K02,evening,9,202.3,22.9,0.273,4.64,40.69,8.777,observed,A,202.0,2
C-S3-MUM,S3,MUM,K02,evening,13,178.7,10.8,0.096,1.93,14.24,7.385,observed,A,202.0,2
C-S3-MUM,S3,MUM,K03,night,1,342.4,548.0,3.284,187.6,489.37,2.609,observed,A,246.0,4
C-S3-MUM,S3,MUM,K03,night,5,321.8,224.7,0.951,72.3,141.63,1.959,observed,A,246.0,4
C-S3-MUM,S3,MUM,K03,night,9,294.4,93.2,0.256,27.43,38.17,1.392,observed,A,246.0,4
C-S3-MUM,S3,MUM,K03,night,13,260.2,43.8,0.09,11.41,13.36,1.171,observed,A,246.0,4
C-S3-MUM,S3,MUM,K03,morning,1,336.5,1095.4,6.566,368.65,978.3,2.654,observed,A,246.0,4
C-S3-MUM,S3,MUM,K03,morning,5,316.3,449.1,1.9,142.08,283.13,1.993,observed,A,246.0,4
C-S3-MUM,S3,MUM,K03,morning,9,289.4,186.2,0.512,53.9,76.31,1.416,observed,A,246.0,4
C-S3-MUM,S3,MUM,K03,morning,13,255.8,87.6,0.179,22.41,26.7,1.191,observed,A,246.0,4
C-S3-MUM,S3,MUM,K03,afternoon,1,335.4,1330.5,7.975,446.25,1188.27,2.663,observed,A,246.0,4
C-S3-MUM,S3,MUM,K03,afternoon,5,315.3,545.5,2.308,171.99,343.9,2.0,observed,A,246.0,4
C-S3-MUM,S3,MUM,K03,afternoon,9,288.4,226.2,0.622,65.24,92.69,1.421,observed,A,246.0,4
C-S3-MUM,S3,MUM,K03,afternoon,13,254.9,106.4,0.218,27.13,32.43,1.195,observed,A,246.0,4
C-S3-MUM,S3,MUM,K03,evening,1,333.8,1427.2,8.554,476.36,1274.57,2.676,observed,A,246.0,4
C-S3-MUM,S3,MUM,K03,evening,5,313.8,585.1,2.476,183.59,368.88,2.009,observed,A,246.0,4
C-S3-MUM,S3,MUM,K03,evening,9,287.1,242.6,0.667,69.64,99.42,1.427,observed,A,246.0,4
C-S3-MUM,S3,MUM,K03,evening,13,253.7,114.2,0.233,28.96,34.79,1.201,observed,A,246.0,4
C-S3-MUM,S3,MUM,K04,night,1,326.3,177.4,1.096,57.88,163.33,2.822,observed,A,171.0,2
C-S3-MUM,S3,MUM,K04,night,5,306.7,72.7,0.317,22.31,47.27,2.119,observed,A,171.0,2
C-S3-MUM,S3,MUM,K04,night,9,280.6,30.2,0.085,8.46,12.74,1.506,observed,A,171.0,2
C-S3-MUM,S3,MUM,K04,night,13,248.0,14.2,0.03,3.52,4.46,1.267,observed,A,171.0,2
C-S3-MUM,S3,MUM,K04,morning,1,322.2,365.1,2.256,117.64,336.2,2.858,observed,A,171.0,2
C-S3-MUM,S3,MUM,K04,morning,5,302.9,149.7,0.653,45.34,97.3,2.146,observed,A,171.0,2
C-S3-MUM,S3,MUM,K04,morning,9,277.1,62.1,0.176,17.2,26.22,1.525,observed,A,171.0,2
C-S3-MUM,S3,MUM,K04,morning,13,244.9,29.2,0.062,7.15,9.18,1.283,observed,A,171.0,2
C-S3-MUM,S3,MUM,K04,afternoon,1,322.5,437.6,2.704,141.1,402.95,2.856,observed,A,171.0,2
C-S3-MUM,S3,MUM,K04,afternoon,5,303.1,179.4,0.783,54.38,116.62,2.144,observed,A,171.0,2
C-S3-MUM,S3,MUM,K04,afternoon,9,277.3,74.4,0.211,20.63,31.43,1.524,observed,A,171.0,2
C-S3-MUM,S3,MUM,K04,afternoon,13,245.1,35.0,0.074,8.58,11.0,1.282,observed,A,171.0,2
C-S3-MUM,S3,MUM,K04,evening,1,317.9,473.9,2.929,150.63,436.38,2.897,observed,A,171.0,2
C-S3-MUM,S3,MUM,K04,evening,5,298.8,194.3,0.848,58.05,126.29,2.176,observed,A,171.0,2
C-S3-MUM,S3,MUM,K04,evening,9,273.4,80.6,0.228,22.02,34.04,1.546,observed,A,171.0,2
C-S3-MUM,S3,MUM,K04,evening,13,241.6,37.9,0.08,9.16,11.91,1.301,observed,A,171.0,2
C-S3-MUM,S3,MUM,K09,night,1,471.6,245.4,0.595,115.71,88.68,0.766,observed,A,110.0,1
C-S3-MUM,S3,MUM,K09,night,5,443.3,100.6,0.172,44.59,25.67,0.576,observed,A,110.0,1
C-S3-MUM,S3,MUM,K09,night,9,405.6,41.7,0.046,16.92,6.92,0.409,observed,A,110.0,1
C-S3-MUM,S3,MUM,K09,night,13,358.4,19.6,0.016,7.04,2.42,0.344,observed,A,110.0,1
C-S3-MUM,S3,MUM,K09,morning,1,474.7,487.7,1.183,231.51,176.26,0.761,observed,A,110.0,2
C-S3-MUM,S3,MUM,K09,morning,5,446.2,199.9,0.342,89.22,51.01,0.572,observed,A,110.0,2
C-S3-MUM,S3,MUM,K09,morning,9,408.3,82.9,0.092,33.85,13.75,0.406,observed,A,110.0,2
C-S3-MUM,S3,MUM,K09,morning,13,360.8,39.0,0.032,14.08,4.81,0.342,observed,A,110.0,2
C-S3-MUM,S3,MUM,K09,afternoon,1,465.8,631.1,1.531,293.96,228.09,0.776,observed,A,110.0,1
C-S3-MUM,S3,MUM,K09,afternoon,5,437.9,258.7,0.443,113.29,66.01,0.583,observed,A,110.0,1
C-S3-MUM,S3,MUM,K09,afternoon,9,400.6,107.3,0.119,42.98,17.79,0.414,observed,A,110.0,1
C-S3-MUM,S3,MUM,K09,afternoon,13,354.0,50.5,0.042,17.87,6.23,0.348,observed,A,110.0,1
C-S3-MUM,S3,MUM,K09,evening,1,470.1,638.8,1.549,300.27,230.87,0.769,observed,A,110.0,1
C-S3-MUM,S3,MUM,K09,evening,5,441.9,261.9,0.448,115.72,66.82,0.577,observed,A,110.0,1
C-S3-MUM,S3,MUM,K09,evening,9,404.3,108.6,0.121,43.9,18.01,0.41,observed,A,110.0,1
C-S3-MUM,S3,MUM,K09,evening,13,357.3,51.1,0.042,18.26,6.3,0.345,observed,A,110.0,1
C-S3-BLR,S3,BLR,K01,night,1,225.2,82.6,1.308,18.61,194.94,10.475,observed,A,34.0,8
C-S3-BLR,S3,BLR,K01,night,5,211.7,33.9,0.379,7.17,56.42,7.866,observed,A,34.0,8
C-S3-BLR,S3,BLR,K01,night,9,193.7,14.0,0.102,2.72,15.21,5.588,observed,A,34.0,8
C-S3-BLR,S3,BLR,K01,night,13,171.1,6.6,0.036,1.13,5.32,4.702,observed,A,34.0,8
C-S3-BLR,S3,BLR,K01,morning,1,232.7,192.1,3.041,44.71,453.12,10.135,observed,A,34.0,7
C-S3-BLR,S3,BLR,K01,morning,5,218.8,78.8,0.88,17.23,131.14,7.61,observed,A,34.0,7
C-S3-BLR,S3,BLR,K01,morning,9,200.2,32.7,0.237,6.54,35.34,5.407,observed,A,34.0,7
C-S3-BLR,S3,BLR,K01,morning,13,176.9,15.4,0.083,2.72,12.37,4.55,observed,A,34.0,7
C-S3-BLR,S3,BLR,K01,afternoon,1,235.8,236.9,3.751,55.87,558.87,10.004,observed,A,34.0,7
C-S3-BLR,S3,BLR,K01,afternoon,5,221.6,97.1,1.086,21.53,161.74,7.512,observed,A,34.0,7
C-S3-BLR,S3,BLR,K01,afternoon,9,202.8,40.3,0.293,8.17,43.59,5.337,observed,A,34.0,7
C-S3-BLR,S3,BLR,K01,afternoon,13,179.2,19.0,0.102,3.4,15.25,4.491,observed,A,34.0,7
C-S3-BLR,S3,BLR,K01,evening,1,227.8,215.5,3.412,49.1,508.35,10.353,truncated,A,34.0,7
C-S3-BLR,S3,BLR,K01,evening,5,214.2,88.4,0.987,18.92,147.12,7.774,truncated,A,34.0,7
C-S3-BLR,S3,BLR,K01,evening,9,195.9,36.6,0.266,7.18,39.65,5.523,truncated,A,34.0,7
C-S3-BLR,S3,BLR,K01,evening,13,173.2,17.2,0.093,2.99,13.88,4.647,truncated,A,34.0,7
C-S3-BLR,S3,BLR,K02,night,1,232.7,30.6,0.785,7.13,116.99,16.415,observed,A,148.0,1
C-S3-BLR,S3,BLR,K02,night,5,218.7,12.6,0.227,2.75,33.86,12.326,observed,A,148.0,1
C-S3-BLR,S3,BLR,K02,night,9,200.1,5.2,0.061,1.04,9.12,8.757,observed,A,148.0,1
C-S3-BLR,S3,BLR,K02,night,13,176.8,2.5,0.021,0.43,3.19,7.369,observed,A,148.0,1
C-S3-BLR,S3,BLR,K02,morning,1,229.7,91.9,2.355,21.11,350.92,16.627,observed,A,148.0,2
C-S3-BLR,S3,BLR,K02,morning,5,215.9,37.7,0.682,8.13,101.56,12.486,observed,A,148.0,2
C-S3-BLR,S3,BLR,K02,morning,9,197.5,15.6,0.184,3.09,27.37,8.871,observed,A,148.0,2
C-S3-BLR,S3,BLR,K02,morning,13,174.6,7.4,0.064,1.28,9.58,7.464,observed,A,148.0,2
C-S3-BLR,S3,BLR,K02,afternoon,1,233.1,117.5,3.012,27.39,448.75,16.384,observed,A,148.0,2
C-S3-BLR,S3,BLR,K02,afternoon,5,219.1,48.2,0.872,10.56,129.87,12.303,observed,A,148.0,2
C-S3-BLR,S3,BLR,K02,afternoon,9,200.5,20.0,0.235,4.0,35.0,8.741,observed,A,148.0,2
C-S3-BLR,S3,BLR,K02,afternoon,13,177.2,9.4,0.082,1.67,12.25,7.355,observed,A,148.0,2
C-S3-BLR,S3,BLR,K02,evening,1,232.9,74.2,1.903,17.29,283.52,16.4,truncated,A,148.0,2
C-S3-BLR,S3,BLR,K02,evening,5,218.9,30.4,0.551,6.66,82.06,12.316,truncated,A,148.0,2
C-S3-BLR,S3,BLR,K02,evening,9,200.3,12.6,0.148,2.53,22.11,8.75,truncated,A,148.0,2
C-S3-BLR,S3,BLR,K02,evening,13,177.0,5.9,0.052,1.05,7.74,7.362,truncated,A,148.0,2
C-S3-BLR,S3,BLR,K03,night,1,327.5,479.9,2.631,157.17,391.95,2.494,observed,A,179.0,4
C-S3-BLR,S3,BLR,K03,night,5,307.8,196.8,0.761,60.57,113.43,1.873,observed,A,179.0,4
C-S3-BLR,S3,BLR,K03,night,9,281.6,81.6,0.205,22.98,30.57,1.33,observed,A,179.0,4
C-S3-BLR,S3,BLR,K03,night,13,248.9,38.4,0.072,9.56,10.7,1.12,observed,A,179.0,4
C-S3-BLR,S3,BLR,K03,morning,1,319.3,1122.2,6.151,358.35,916.52,2.558,observed,A,179.0,4
C-S3-BLR,S3,BLR,K03,morning,5,300.2,460.1,1.78,138.11,265.25,1.921,observed,A,179.0,4
C-S3-BLR,S3,BLR,K03,morning,9,274.6,190.8,0.48,52.39,71.49,1.365,observed,A,179.0,4
C-S3-BLR,S3,BLR,K03,morning,13,242.7,89.8,0.168,21.79,25.02,1.148,observed,A,179.0,4
C-S3-BLR,S3,BLR,K03,afternoon,1,318.1,1371.0,7.515,436.12,1119.71,2.567,observed,A,179.0,4
C-S3-BLR,S3,BLR,K03,afternoon,5,299.0,562.1,2.175,168.08,324.06,1.928,observed,A,179.0,4
C-S3-BLR,S3,BLR,K03,afternoon,9,273.6,233.1,0.586,63.76,87.34,1.37,observed,A,179.0,4
C-S3-BLR,S3,BLR,K03,afternoon,13,241.8,109.7,0.205,26.52,30.56,1.153,observed,A,179.0,4
C-S3-BLR,S3,BLR,K03,evening,1,320.7,1101.6,6.038,353.27,899.66,2.547,truncated,A,179.0,4
C-S3-BLR,S3,BLR,K03,evening,5,301.5,451.6,1.747,136.15,260.37,1.912,truncated,A,179.0,4
C-S3-BLR,S3,BLR,K03,evening,9,275.8,187.3,0.471,51.65,70.17,1.359,truncated,A,179.0,4
C-S3-BLR,S3,BLR,K03,evening,13,243.7,88.1,0.165,21.48,24.56,1.143,truncated,A,179.0,4
C-S3-BLR,S3,BLR,K04,night,1,311.9,94.8,0.697,29.56,103.86,3.513,observed,A,98.0,2
C-S3-BLR,S3,BLR,K04,night,5,293.1,38.9,0.202,11.39,30.06,2.638,observed,A,98.0,2
C-S3-BLR,S3,BLR,K04,night,9,268.2,16.1,0.054,4.32,8.1,1.874,observed,A,98.0,2
C-S3-BLR,S3,BLR,K04,night,13,237.0,7.6,0.019,1.8,2.83,1.577,observed,A,98.0,2
C-S3-BLR,S3,BLR,K04,morning,1,310.6,224.0,1.647,69.56,245.38,3.528,observed,A,98.0,2
C-S3-BLR,S3,BLR,K04,morning,5,292.0,91.8,0.477,26.81,71.02,2.649,observed,A,98.0,2
C-S3-BLR,S3,BLR,K04,morning,9,267.1,38.1,0.128,10.17,19.14,1.882,observed,A,98.0,2
C-S3-BLR,S3,BLR,K04,morning,13,236.1,17.9,0.045,4.23,6.7,1.584,observed,A,98.0,2
C-S3-BLR,S3,BLR,K04,afternoon,1,305.4,284.5,2.092,86.88,311.66,3.587,observed,A,98.0,2
C-S3-BLR,S3,BLR,K04,afternoon,5,287.1,116.6,0.605,33.49,90.2,2.694,observed,A,98.0,2
C-S3-BLR,S3,BLR,K04,afternoon,9,262.7,48.4,0.163,12.7,24.31,1.914,observed,A,98.0,2
C-S3-BLR,S3,BLR,K04,afternoon,13,232.1,22.8,0.057,5.28,8.51,1.61,observed,A,98.0,2
C-S3-BLR,S3,BLR,K04,evening,1,314.6,287.4,2.113,90.41,314.85,3.483,truncated,A,98.0,2
C-S3-BLR,S3,BLR,K04,evening,5,295.7,117.8,0.612,34.84,91.12,2.615,truncated,A,98.0,2
C-S3-BLR,S3,BLR,K04,evening,9,270.6,48.9,0.165,13.22,24.56,1.858,truncated,A,98.0,2
C-S3-BLR,S3,BLR,K04,evening,13,239.1,23.0,0.058,5.5,8.59,1.563,truncated,A,98.0,2
C-S3-BLR,S3,BLR,K09,night,1,436.8,186.2,0.361,81.31,53.82,0.662,observed,A,60.0,1
C-S3-BLR,S3,BLR,K09,night,5,410.6,76.3,0.105,31.34,15.58,0.497,observed,A,60.0,1
C-S3-BLR,S3,BLR,K09,night,9,375.6,31.6,0.028,11.89,4.2,0.353,observed,A,60.0,1
C-S3-BLR,S3,BLR,K09,night,13,331.9,14.9,0.01,4.94,1.47,0.297,observed,A,60.0,1
C-S3-BLR,S3,BLR,K09,morning,1,434.6,430.6,0.836,187.14,124.5,0.665,observed,A,60.0,2
C-S3-BLR,S3,BLR,K09,morning,5,408.5,176.6,0.242,72.12,36.03,0.5,observed,A,60.0,2
C-S3-BLR,S3,BLR,K09,morning,9,373.7,73.2,0.065,27.36,9.71,0.355,observed,A,60.0,2
C-S3-BLR,S3,BLR,K09,morning,13,330.3,34.4,0.023,11.38,3.4,0.299,observed,A,60.0,2
C-S3-BLR,S3,BLR,K09,afternoon,1,436.5,524.5,1.018,228.97,151.65,0.662,observed,A,60.0,2
C-S3-BLR,S3,BLR,K09,afternoon,5,410.3,215.1,0.295,88.24,43.89,0.497,observed,A,60.0,2
C-S3-BLR,S3,BLR,K09,afternoon,9,375.4,89.2,0.079,33.48,11.83,0.353,observed,A,60.0,2
C-S3-BLR,S3,BLR,K09,afternoon,13,331.8,42.0,0.028,13.92,4.14,0.297,observed,A,60.0,2
C-S3-BLR,S3,BLR,K09,evening,1,438.4,311.3,0.604,136.49,90.01,0.659,truncated,A,60.0,1
C-S3-BLR,S3,BLR,K09,evening,5,412.1,127.6,0.175,52.6,26.05,0.495,truncated,A,60.0,1
C-S3-BLR,S3,BLR,K09,evening,9,377.1,52.9,0.047,19.95,7.02,0.352,truncated,A,60.0,1
C-S3-BLR,S3,BLR,K09,evening,13,333.2,24.9,0.016,8.3,2.46,0.296,truncated,A,60.0,1
C-S3-HYD,S3,HYD,K01,night,1,191.2,21.5,0.326,4.1,48.64,11.849,observed,C,8.0,10
C-S3-HYD,S3,HYD,K01,night,5,179.7,8.8,0.094,1.58,14.08,8.898,observed,C,8.0,10
C-S3-HYD,S3,HYD,K01,night,9,164.4,3.7,0.025,0.6,3.79,6.322,observed,C,8.0,10
C-S3-HYD,S3,HYD,K01,night,13,145.3,1.7,0.009,0.25,1.33,5.319,observed,C,8.0,10
C-S3-HYD,S3,HYD,K01,morning,1,196.1,63.9,0.971,12.52,144.64,11.55,observed,C,8.0,8
C-S3-HYD,S3,HYD,K01,morning,5,184.3,26.2,0.281,4.83,41.86,8.673,observed,C,8.0,8
C-S3-HYD,S3,HYD,K01,morning,9,168.7,10.9,0.076,1.83,11.28,6.162,observed,C,8.0,8
C-S3-HYD,S3,HYD,K01,morning,13,149.0,5.1,0.026,0.76,3.95,5.185,observed,C,8.0,8
C-S3-HYD,S3,HYD,K01,afternoon,1,198.4,81.0,1.231,16.07,183.47,11.42,observed,C,8.0,8
C-S3-HYD,S3,HYD,K01,afternoon,5,186.5,33.2,0.356,6.19,53.1,8.576,observed,C,8.0,8
C-S3-HYD,S3,HYD,K01,afternoon,9,170.6,13.8,0.096,2.35,14.31,6.093,observed,C,8.0,8
C-S3-HYD,S3,HYD,K01,afternoon,13,150.7,6.5,0.034,0.98,5.01,5.127,observed,C,8.0,8
C-S3-HYD,S3,HYD,K01,evening,1,194.8,69.0,1.049,13.44,156.29,11.63,observed,C,8.0,9
C-S3-HYD,S3,HYD,K01,evening,5,183.1,28.3,0.304,5.18,45.23,8.733,observed,C,8.0,9
C-S3-HYD,S3,HYD,K01,evening,9,167.5,11.7,0.082,1.96,12.19,6.205,observed,C,8.0,9
C-S3-HYD,S3,HYD,K01,evening,13,148.0,5.5,0.029,0.82,4.27,5.221,observed,C,8.0,9
C-S3-HYD,S3,HYD,K02,night,1,201.4,20.2,0.472,4.07,70.29,17.252,observed,A,119.0,1
C-S3-HYD,S3,HYD,K02,night,5,189.3,8.3,0.137,1.57,20.34,12.955,observed,A,119.0,1
C-S3-HYD,S3,HYD,K02,night,9,173.2,3.4,0.037,0.6,5.48,9.204,observed,A,119.0,1
C-S3-HYD,S3,HYD,K02,night,13,153.0,1.6,0.013,0.25,1.92,7.745,observed,A,119.0,1
C-S3-HYD,S3,HYD,K02,morning,1,201.3,60.2,1.403,12.12,209.11,17.254,observed,A,119.0,1
C-S3-HYD,S3,HYD,K02,morning,5,189.3,24.7,0.406,4.67,60.52,12.957,observed,A,119.0,1
C-S3-HYD,S3,HYD,K02,morning,9,173.1,10.2,0.109,1.77,16.31,9.205,observed,A,119.0,1
C-S3-HYD,S3,HYD,K02,morning,13,153.0,4.8,0.038,0.74,5.71,7.746,observed,A,119.0,1
C-S3-HYD,S3,HYD,K02,afternoon,1,200.2,86.8,2.023,17.37,301.42,17.354,observed,A,119.0,1
C-S3-HYD,S3,HYD,K02,afternoon,5,188.2,35.6,0.585,6.69,87.24,13.032,observed,A,119.0,1
C-S3-HYD,S3,HYD,K02,afternoon,9,172.2,14.8,0.158,2.54,23.51,9.259,observed,A,119.0,1
C-S3-HYD,S3,HYD,K02,afternoon,13,152.1,6.9,0.055,1.06,8.23,7.79,observed,A,119.0,1
C-S3-HYD,S3,HYD,K02,evening,1,196.7,68.8,1.603,13.52,238.89,17.663,observed,A,119.0,1
C-S3-HYD,S3,HYD,K02,evening,5,184.9,28.2,0.464,5.21,69.14,13.264,observed,A,119.0,1
C-S3-HYD,S3,HYD,K02,evening,9,169.1,11.7,0.125,1.98,18.63,9.424,observed,A,119.0,1
C-S3-HYD,S3,HYD,K02,evening,13,149.5,5.5,0.044,0.82,6.52,7.929,observed,A,119.0,1
C-S3-HYD,S3,HYD,K03,night,1,287.8,204.9,1.131,58.98,168.48,2.856,observed,A,71.0,5
C-S3-HYD,S3,HYD,K03,night,5,270.6,84.0,0.327,22.73,48.76,2.145,observed,A,71.0,5
C-S3-HYD,S3,HYD,K03,night,9,247.5,34.8,0.088,8.62,13.14,1.524,observed,A,71.0,5
C-S3-HYD,S3,HYD,K03,night,13,218.8,16.4,0.031,3.59,4.6,1.282,observed,A,71.0,5
C-S3-HYD,S3,HYD,K03,morning,1,272.2,508.8,2.807,138.46,418.28,3.021,observed,A,71.0,5
C-S3-HYD,S3,HYD,K03,morning,5,255.8,208.6,0.812,53.36,121.06,2.269,observed,A,71.0,5
C-S3-HYD,S3,HYD,K03,morning,9,234.1,86.5,0.219,20.24,32.63,1.612,observed,A,71.0,5
C-S3-HYD,S3,HYD,K03,morning,13,206.8,40.7,0.077,8.42,11.42,1.356,observed,A,71.0,5
C-S3-HYD,S3,HYD,K03,afternoon,1,270.2,593.4,3.274,160.32,487.85,3.043,observed,A,71.0,5
C-S3-HYD,S3,HYD,K03,afternoon,5,254.0,243.3,0.948,61.79,141.19,2.285,observed,A,71.0,5
C-S3-HYD,S3,HYD,K03,afternoon,9,232.4,100.9,0.255,23.44,38.05,1.624,observed,A,71.0,5
C-S3-HYD,S3,HYD,K03,afternoon,13,205.3,47.5,0.089,9.75,13.32,1.366,observed,A,71.0,5
C-S3-HYD,S3,HYD,K03,evening,1,270.8,503.7,2.78,136.43,414.16,3.036,observed,A,71.0,5
C-S3-HYD,S3,HYD,K03,evening,5,254.6,206.5,0.804,52.58,119.86,2.28,observed,A,71.0,5
C-S3-HYD,S3,HYD,K03,evening,9,232.9,85.6,0.217,19.95,32.3,1.62,observed,A,71.0,5
C-S3-HYD,S3,HYD,K03,evening,13,205.8,40.3,0.076,8.29,11.3,1.363,observed,A,71.0,5
C-S3-HYD,S3,HYD,K04,night,1,279.3,42.0,0.267,11.74,39.72,3.383,observed,A,27.0,3
C-S3-HYD,S3,HYD,K04,night,5,262.5,17.2,0.077,4.52,11.49,2.54,observed,A,27.0,3
C-S3-HYD,S3,HYD,K04,night,9,240.2,7.1,0.021,1.72,3.1,1.805,observed,A,27.0,3
C-S3-HYD,S3,HYD,K04,night,13,212.3,3.4,0.007,0.71,1.08,1.519,observed,A,27.0,3
C-S3-HYD,S3,HYD,K04,morning,1,266.7,122.2,0.775,32.59,115.45,3.542,observed,A,27.0,4
C-S3-HYD,S3,HYD,K04,morning,5,250.7,50.1,0.224,12.56,33.41,2.66,observed,A,27.0,4
C-S3-HYD,S3,HYD,K04,morning,9,229.4,20.8,0.06,4.76,9.01,1.89,observed,A,27.0,4
C-S3-HYD,S3,HYD,K04,morning,13,202.7,9.8,0.021,1.98,3.15,1.59,observed,A,27.0,4
C-S3-HYD,S3,HYD,K04,afternoon,1,267.2,135.5,0.859,36.22,128.06,3.536,observed,A,27.0,4
C-S3-HYD,S3,HYD,K04,afternoon,5,251.2,55.6,0.249,13.96,37.06,2.655,observed,A,27.0,4
C-S3-HYD,S3,HYD,K04,afternoon,9,229.8,23.0,0.067,5.3,9.99,1.886,observed,A,27.0,4
C-S3-HYD,S3,HYD,K04,afternoon,13,203.1,10.8,0.023,2.2,3.5,1.587,observed,A,27.0,4
C-S3-HYD,S3,HYD,K04,evening,1,262.9,135.8,0.861,35.69,128.27,3.594,observed,A,27.0,4
C-S3-HYD,S3,HYD,K04,evening,5,247.1,55.7,0.249,13.75,37.12,2.699,observed,A,27.0,4
C-S3-HYD,S3,HYD,K04,evening,9,226.1,23.1,0.067,5.22,10.01,1.918,observed,A,27.0,4
C-S3-HYD,S3,HYD,K04,evening,13,199.8,10.9,0.023,2.17,3.5,1.613,observed,A,27.0,4
C-S3-HYD,S3,HYD,K09,night,1,422.0,84.3,0.15,35.58,22.29,0.626,observed,B,16.0,4
C-S3-HYD,S3,HYD,K09,night,5,396.7,34.6,0.043,13.71,6.45,0.47,observed,B,16.0,4
C-S3-HYD,S3,HYD,K09,night,9,362.9,14.3,0.012,5.2,1.74,0.334,observed,B,16.0,4
C-S3-HYD,S3,HYD,K09,night,13,320.7,6.7,0.004,2.16,0.61,0.281,observed,B,16.0,4
C-S3-HYD,S3,HYD,K09,morning,1,424.9,231.5,0.411,98.36,61.19,0.622,observed,B,16.0,4
C-S3-HYD,S3,HYD,K09,morning,5,399.4,94.9,0.119,37.91,17.71,0.467,observed,B,16.0,4
C-S3-HYD,S3,HYD,K09,morning,9,365.4,39.4,0.032,14.38,4.77,0.332,observed,B,16.0,4
C-S3-HYD,S3,HYD,K09,morning,13,322.9,18.5,0.011,5.98,1.67,0.279,observed,B,16.0,4
C-S3-HYD,S3,HYD,K09,afternoon,1,425.3,263.5,0.468,112.07,69.66,0.622,observed,B,16.0,4
C-S3-HYD,S3,HYD,K09,afternoon,5,399.7,108.1,0.135,43.19,20.16,0.467,observed,B,16.0,4
C-S3-HYD,S3,HYD,K09,afternoon,9,365.7,44.8,0.036,16.39,5.43,0.332,observed,B,16.0,4
C-S3-HYD,S3,HYD,K09,afternoon,13,323.2,21.1,0.013,6.81,1.9,0.279,observed,B,16.0,4
C-S3-HYD,S3,HYD,K09,evening,1,421.6,239.1,0.424,100.79,63.19,0.627,observed,B,16.0,4
C-S3-HYD,S3,HYD,K09,evening,5,396.3,98.0,0.123,38.85,18.29,0.471,observed,B,16.0,4
C-S3-HYD,S3,HYD,K09,evening,9,362.6,40.6,0.033,14.74,4.93,0.334,observed,B,16.0,4
C-S3-HYD,S3,HYD,K09,evening,13,320.4,19.1,0.012,6.13,1.72,0.281,observed,B,16.0,4
C-S3-PUN,S3,PUN,K01,night,1,183.8,35.2,0.697,6.48,103.83,16.027,observed,A,29.0,7
C-S3-PUN,S3,PUN,K01,night,5,172.8,14.4,0.202,2.5,30.05,12.035,observed,A,29.0,7
C-S3-PUN,S3,PUN,K01,night,9,158.1,6.0,0.054,0.95,8.1,8.551,observed,A,29.0,7
C-S3-PUN,S3,PUN,K01,night,13,139.7,2.8,0.019,0.39,2.83,7.195,observed,A,29.0,7
C-S3-PUN,S3,PUN,K01,morning,1,190.1,93.6,1.852,17.8,275.93,15.504,observed,A,29.0,7
C-S3-PUN,S3,PUN,K01,morning,5,178.7,38.4,0.536,6.86,79.86,11.642,observed,A,29.0,7
C-S3-PUN,S3,PUN,K01,morning,9,163.4,15.9,0.144,2.6,21.52,8.271,observed,A,29.0,7
C-S3-PUN,S3,PUN,K01,morning,13,144.4,7.5,0.051,1.08,7.53,6.96,observed,A,29.0,7
C-S3-PUN,S3,PUN,K01,afternoon,1,192.1,115.3,2.28,22.15,339.73,15.336,observed,A,29.0,7
C-S3-PUN,S3,PUN,K01,afternoon,5,180.6,47.3,0.66,8.54,98.32,11.516,observed,A,29.0,7
C-S3-PUN,S3,PUN,K01,afternoon,9,165.2,19.6,0.178,3.24,26.5,8.182,observed,A,29.0,7
C-S3-PUN,S3,PUN,K01,afternoon,13,146.0,9.2,0.062,1.35,9.27,6.885,observed,A,29.0,7
C-S3-PUN,S3,PUN,K01,evening,1,188.8,100.1,1.98,18.91,295.07,15.607,observed,A,29.0,7
C-S3-PUN,S3,PUN,K01,evening,5,177.5,41.1,0.573,7.29,85.4,11.72,observed,A,29.0,7
C-S3-PUN,S3,PUN,K01,evening,9,162.4,17.0,0.154,2.76,23.02,8.327,observed,A,29.0,7
C-S3-PUN,S3,PUN,K01,evening,13,143.5,8.0,0.054,1.15,8.05,7.006,observed,A,29.0,7
C-S3-PUN,S3,PUN,K02,night,1,193.0,15.4,0.38,2.98,56.68,19.04,observed,A,96.0,1
C-S3-PUN,S3,PUN,K02,night,5,181.4,6.3,0.11,1.15,16.41,14.298,observed,A,96.0,1
C-S3-PUN,S3,PUN,K02,night,9,165.9,2.6,0.03,0.44,4.42,10.158,observed,A,96.0,1
C-S3-PUN,S3,PUN,K02,night,13,146.6,1.2,0.01,0.18,1.55,8.548,observed,A,96.0,1
C-S3-PUN,S3,PUN,K02,morning,1,191.9,45.3,1.118,8.7,166.59,19.143,observed,A,96.0,1
C-S3-PUN,S3,PUN,K02,morning,5,180.4,18.6,0.324,3.35,48.21,14.375,observed,A,96.0,1
C-S3-PUN,S3,PUN,K02,morning,9,165.1,7.7,0.087,1.27,12.99,10.213,observed,A,96.0,1
C-S3-PUN,S3,PUN,K02,morning,13,145.9,3.6,0.031,0.53,4.55,8.594,observed,A,96.0,1
C-S3-PUN,S3,PUN,K02,afternoon,1,193.3,60.1,1.481,11.61,220.71,19.008,observed,A,96.0,1
C-S3-PUN,S3,PUN,K02,afternoon,5,181.7,24.6,0.429,4.48,63.88,14.274,observed,A,96.0,1
C-S3-PUN,S3,PUN,K02,afternoon,9,166.2,10.2,0.116,1.7,17.22,10.141,observed,A,96.0,1
C-S3-PUN,S3,PUN,K02,afternoon,13,146.9,4.8,0.04,0.71,6.02,8.533,observed,A,96.0,1
C-S3-PUN,S3,PUN,K02,evening,1,189.2,47.8,1.179,9.04,175.64,19.423,observed,A,96.0,1
C-S3-PUN,S3,PUN,K02,evening,5,177.8,19.6,0.341,3.49,50.83,14.585,observed,A,96.0,1
C-S3-PUN,S3,PUN,K02,evening,9,162.7,8.1,0.092,1.32,13.7,10.362,observed,A,96.0,1
C-S3-PUN,S3,PUN,K02,evening,13,143.8,3.8,0.032,0.55,4.79,8.719,observed,A,96.0,1
C-S3-PUN,S3,PUN,K03,night,1,289.0,237.2,1.218,68.56,181.54,2.648,observed,A,234.0,2
C-S3-PUN,S3,PUN,K03,night,5,271.7,97.3,0.353,26.42,52.54,1.988,observed,A,234.0,2
C-S3-PUN,S3,PUN,K03,night,9,248.6,40.3,0.095,10.02,14.16,1.413,observed,A,234.0,2
C-S3-PUN,S3,PUN,K03,night,13,219.7,19.0,0.033,4.17,4.95,1.189,observed,A,234.0,2
C-S3-PUN,S3,PUN,K03,morning,1,286.2,620.7,3.188,177.65,475.04,2.674,observed,A,234.0,2
C-S3-PUN,S3,PUN,K03,morning,5,269.0,254.5,0.923,68.47,137.48,2.008,observed,A,234.0,2
C-S3-PUN,S3,PUN,K03,morning,9,246.1,105.5,0.249,25.97,37.05,1.427,observed,A,234.0,2
C-S3-PUN,S3,PUN,K03,morning,13,217.5,49.7,0.087,10.8,12.97,1.2,observed,A,234.0,2
C-S3-PUN,S3,PUN,K03,afternoon,1,284.4,753.9,3.872,214.41,576.98,2.691,observed,A,234.0,2
C-S3-PUN,S3,PUN,K03,afternoon,5,267.3,309.1,1.121,82.64,166.99,2.021,observed,A,234.0,2
C-S3-PUN,S3,PUN,K03,afternoon,9,244.6,128.2,0.302,31.35,45.0,1.436,observed,A,234.0,2
C-S3-PUN,S3,PUN,K03,afternoon,13,216.1,60.3,0.106,13.04,15.75,1.208,observed,A,234.0,2
C-S3-PUN,S3,PUN,K03,evening,1,286.9,620.0,3.185,177.85,474.49,2.668,observed,A,234.0,2
C-S3-PUN,S3,PUN,K03,evening,5,269.6,254.2,0.922,68.54,137.32,2.003,observed,A,234.0,2
C-S3-PUN,S3,PUN,K03,evening,9,246.7,105.4,0.248,26.0,37.01,1.423,observed,A,234.0,2
C-S3-PUN,S3,PUN,K03,evening,13,218.0,49.6,0.087,10.81,12.95,1.198,observed,A,234.0,2
C-S3-PUN,S3,PUN,K04,night,1,270.5,39.4,0.231,10.65,34.45,3.236,observed,B,23.0,3
C-S3-PUN,S3,PUN,K04,night,5,254.2,16.1,0.067,4.1,9.97,2.43,observed,B,23.0,3
C-S3-PUN,S3,PUN,K04,night,9,232.6,6.7,0.018,1.56,2.69,1.727,observed,B,23.0,3
C-S3-PUN,S3,PUN,K04,night,13,205.6,3.1,0.006,0.65,0.94,1.453,observed,B,23.0,3
C-S3-PUN,S3,PUN,K04,morning,1,264.0,109.5,0.644,28.92,95.89,3.316,observed,B,23.0,3
C-S3-PUN,S3,PUN,K04,morning,5,248.1,44.9,0.186,11.14,27.75,2.49,observed,B,23.0,3
C-S3-PUN,S3,PUN,K04,morning,9,227.0,18.6,0.05,4.23,7.48,1.769,observed,B,23.0,3
C-S3-PUN,S3,PUN,K04,morning,13,200.6,8.8,0.018,1.76,2.62,1.489,observed,B,23.0,3
C-S3-PUN,S3,PUN,K04,afternoon,1,264.2,122.2,0.718,32.27,106.92,3.314,observed,B,23.0,3
C-S3-PUN,S3,PUN,K04,afternoon,5,248.3,50.1,0.208,12.44,30.95,2.488,observed,B,23.0,3
C-S3-PUN,S3,PUN,K04,afternoon,9,227.2,20.8,0.056,4.72,8.34,1.768,observed,B,23.0,3
C-S3-PUN,S3,PUN,K04,afternoon,13,200.8,9.8,0.02,1.96,2.92,1.488,observed,B,23.0,3
C-S3-PUN,S3,PUN,K04,evening,1,260.8,117.7,0.692,30.71,103.06,3.356,observed,B,23.0,3
C-S3-PUN,S3,PUN,K04,evening,5,245.2,48.3,0.2,11.83,29.83,2.52,observed,B,23.0,3
C-S3-PUN,S3,PUN,K04,evening,9,224.3,20.0,0.054,4.49,8.04,1.791,observed,B,23.0,3
C-S3-PUN,S3,PUN,K04,evening,13,198.2,9.4,0.019,1.87,2.81,1.507,observed,B,23.0,3
C-S3-PUN,S3,PUN,K09,night,1,397.2,44.7,0.127,17.75,18.86,1.062,observed,B,22.0,3
C-S3-PUN,S3,PUN,K09,night,5,373.4,18.3,0.037,6.84,5.46,0.798,observed,B,22.0,3
C-S3-PUN,S3,PUN,K09,night,9,341.6,7.6,0.01,2.6,1.47,0.567,observed,B,22.0,3
C-S3-PUN,S3,PUN,K09,night,13,301.9,3.6,0.003,1.08,0.51,0.477,observed,B,22.0,3
C-S3-PUN,S3,PUN,K09,morning,1,396.4,130.2,0.369,51.62,54.94,1.064,observed,B,22.0,3
C-S3-PUN,S3,PUN,K09,morning,5,372.6,53.4,0.107,19.89,15.9,0.799,observed,B,22.0,3
C-S3-PUN,S3,PUN,K09,morning,9,340.9,22.1,0.029,7.55,4.29,0.568,observed,B,22.0,3
C-S3-PUN,S3,PUN,K09,morning,13,301.3,10.4,0.01,3.14,1.5,0.478,observed,B,22.0,3
C-S3-PUN,S3,PUN,K09,afternoon,1,396.7,158.9,0.45,63.03,67.04,1.064,observed,B,22.0,3
C-S3-PUN,S3,PUN,K09,afternoon,5,372.9,65.1,0.13,24.29,19.4,0.799,observed,B,22.0,3
C-S3-PUN,S3,PUN,K09,afternoon,9,341.2,27.0,0.035,9.22,5.23,0.567,observed,B,22.0,3
C-S3-PUN,S3,PUN,K09,afternoon,13,301.5,12.7,0.012,3.83,1.83,0.477,observed,B,22.0,3
C-S3-PUN,S3,PUN,K09,evening,1,394.0,141.0,0.399,55.57,59.51,1.071,observed,B,22.0,3
C-S3-PUN,S3,PUN,K09,evening,5,370.4,57.8,0.116,21.42,17.22,0.804,observed,B,22.0,3
C-S3-PUN,S3,PUN,K09,evening,9,338.9,24.0,0.031,8.13,4.64,0.571,observed,B,22.0,3
C-S3-PUN,S3,PUN,K09,evening,13,299.5,11.3,0.011,3.38,1.62,0.481,observed,B,22.0,3
C-S4-DEL,S4,DEL,K01,night,1,219.3,155.0,2.38,33.98,1009.18,29.696,observed,A,112.0,7
C-S4-DEL,S4,DEL,K01,night,5,206.1,63.5,0.689,13.1,292.07,22.3,observed,A,112.0,7
C-S4-DEL,S4,DEL,K01,night,9,188.6,26.3,0.186,4.97,78.72,15.844,observed,A,112.0,7
C-S4-DEL,S4,DEL,K01,night,13,166.7,12.4,0.065,2.07,27.54,13.331,observed,A,112.0,7
C-S4-DEL,S4,DEL,K01,morning,1,229.5,349.6,5.369,80.25,2276.56,28.37,observed,A,112.0,7
C-S4-DEL,S4,DEL,K01,morning,5,215.8,143.3,1.554,30.93,658.86,21.304,observed,A,112.0,7
C-S4-DEL,S4,DEL,K01,morning,9,197.4,59.4,0.419,11.73,177.57,15.136,observed,A,112.0,7
C-S4-DEL,S4,DEL,K01,morning,13,174.5,28.0,0.147,4.88,62.14,12.736,observed,A,112.0,7
C-S4-DEL,S4,DEL,K01,afternoon,1,231.4,450.1,6.914,104.17,2931.35,28.141,observed,A,112.0,6
C-S4-DEL,S4,DEL,K01,afternoon,5,217.5,184.6,2.001,40.15,848.37,21.132,observed,A,112.0,6
C-S4-DEL,S4,DEL,K01,afternoon,9,199.0,76.5,0.539,15.23,228.64,15.014,observed,A,112.0,6
C-S4-DEL,S4,DEL,K01,afternoon,13,175.9,36.0,0.189,6.33,80.01,12.633,observed,A,112.0,6
C-S4-DEL,S4,DEL,K01,evening,1,223.9,452.7,6.953,101.37,2948.07,29.082,observed,A,112.0,5
C-S4-DEL,S4,DEL,K01,evening,5,210.5,185.6,2.012,39.07,853.21,21.839,observed,A,112.0,5
C-S4-DEL,S4,DEL,K01,evening,9,192.6,77.0,0.542,14.82,229.95,15.516,observed,A,112.0,5
C-S4-DEL,S4,DEL,K01,evening,13,170.2,36.2,0.19,6.16,80.47,13.055,observed,A,112.0,5
C-S4-DEL,S4,DEL,K05,night,1,345.2,271.0,1.819,93.57,771.35,8.244,observed,A,167.0,3
C-S4-DEL,S4,DEL,K05,night,5,324.5,111.1,0.527,36.06,223.24,6.191,observed,A,167.0,3
C-S4-DEL,S4,DEL,K05,night,9,296.9,46.1,0.142,13.68,60.17,4.398,observed,A,167.0,3
C-S4-DEL,S4,DEL,K05,night,13,262.4,21.7,0.05,5.69,21.05,3.701,observed,A,167.0,3
C-S4-DEL,S4,DEL,K05,morning,1,337.3,600.3,4.029,202.49,1708.41,8.437,observed,A,167.0,3
C-S4-DEL,S4,DEL,K05,morning,5,317.1,246.1,1.166,78.04,494.43,6.336,observed,A,167.0,3
C-S4-DEL,S4,DEL,K05,morning,9,290.1,102.0,0.314,29.6,133.26,4.501,observed,A,167.0,3
C-S4-DEL,S4,DEL,K05,morning,13,256.4,48.0,0.11,12.31,46.63,3.787,observed,A,167.0,3
C-S4-DEL,S4,DEL,K05,afternoon,1,334.5,811.2,5.445,271.36,2308.74,8.508,observed,A,167.0,3
C-S4-DEL,S4,DEL,K05,afternoon,5,314.5,332.6,1.576,104.58,668.18,6.389,observed,A,167.0,3
C-S4-DEL,S4,DEL,K05,afternoon,9,287.7,137.9,0.425,39.67,180.08,4.539,observed,A,167.0,3
C-S4-DEL,S4,DEL,K05,afternoon,13,254.2,64.9,0.149,16.5,63.02,3.819,observed,A,167.0,3
C-S4-DEL,S4,DEL,K05,evening,1,335.7,669.4,4.493,224.71,1905.21,8.479,observed,A,167.0,3
C-S4-DEL,S4,DEL,K05,evening,5,315.5,274.5,1.3,86.6,551.39,6.367,observed,A,167.0,3
C-S4-DEL,S4,DEL,K05,evening,9,288.7,113.8,0.35,32.85,148.61,4.523,observed,A,167.0,3
C-S4-DEL,S4,DEL,K05,evening,13,255.1,53.6,0.123,13.66,52.0,3.806,observed,A,167.0,3
C-S4-DEL,S4,DEL,K06,night,1,368.5,105.8,0.618,38.99,262.16,6.723,observed,A,83.0,2
C-S4-DEL,S4,DEL,K06,night,5,346.4,43.4,0.179,15.03,75.87,5.049,observed,A,83.0,2
C-S4-DEL,S4,DEL,K06,night,9,316.9,18.0,0.048,5.7,20.45,3.587,observed,A,83.0,2
C-S4-DEL,S4,DEL,K06,night,13,280.1,8.5,0.017,2.37,7.16,3.018,observed,A,83.0,2
C-S4-DEL,S4,DEL,K06,morning,1,355.9,245.6,1.435,87.41,608.47,6.961,observed,A,83.0,2
C-S4-DEL,S4,DEL,K06,morning,5,334.5,100.7,0.415,33.69,176.1,5.227,observed,A,83.0,2
C-S4-DEL,S4,DEL,K06,morning,9,306.1,41.8,0.112,12.78,47.46,3.714,observed,A,83.0,2
C-S4-DEL,S4,DEL,K06,morning,13,270.5,19.6,0.039,5.31,16.61,3.125,observed,A,83.0,2
C-S4-DEL,S4,DEL,K06,afternoon,1,350.3,315.7,1.845,110.59,782.13,7.072,observed,A,83.0,2
C-S4-DEL,S4,DEL,K06,afternoon,5,329.3,129.4,0.534,42.62,226.36,5.311,observed,A,83.0,2
C-S4-DEL,S4,DEL,K06,afternoon,9,301.2,53.7,0.144,16.17,61.01,3.773,observed,A,83.0,2
C-S4-DEL,S4,DEL,K06,afternoon,13,266.2,25.3,0.05,6.72,21.35,3.175,observed,A,83.0,2
C-S4-DEL,S4,DEL,K06,evening,1,346.8,301.8,1.763,104.67,747.72,7.144,observed,A,83.0,2
C-S4-DEL,S4,DEL,K06,evening,5,326.0,123.7,0.51,40.34,216.4,5.365,observed,A,83.0,2
C-S4-DEL,S4,DEL,K06,evening,9,298.2,51.3,0.138,15.3,58.32,3.811,observed,A,83.0,2
C-S4-DEL,S4,DEL,K06,evening,13,263.6,24.1,0.048,6.36,20.41,3.207,observed,A,83.0,2
C-S4-DEL,S4,DEL,K10,night,1,406.7,121.9,0.225,49.59,95.34,1.923,observed,A,40.0,2
C-S4-DEL,S4,DEL,K10,night,5,382.3,50.0,0.065,19.11,27.59,1.444,observed,A,40.0,2
C-S4-DEL,S4,DEL,K10,night,9,349.8,20.7,0.018,7.25,7.44,1.026,observed,A,40.0,2
C-S4-DEL,S4,DEL,K10,night,13,309.1,9.8,0.006,3.02,2.6,0.863,observed,A,40.0,2
C-S4-DEL,S4,DEL,K10,morning,1,408.9,286.2,0.528,117.0,223.76,1.912,observed,A,40.0,2
C-S4-DEL,S4,DEL,K10,morning,5,384.3,117.3,0.153,45.09,64.76,1.436,observed,A,40.0,2
C-S4-DEL,S4,DEL,K10,morning,9,351.6,48.6,0.041,17.11,17.45,1.02,observed,A,40.0,2
C-S4-DEL,S4,DEL,K10,morning,13,310.7,22.9,0.014,7.11,6.11,0.859,observed,A,40.0,2
C-S4-DEL,S4,DEL,K10,afternoon,1,403.4,362.7,0.669,146.31,283.63,1.939,observed,A,40.0,2
C-S4-DEL,S4,DEL,K10,afternoon,5,379.2,148.7,0.194,56.39,82.08,1.456,observed,A,40.0,2
C-S4-DEL,S4,DEL,K10,afternoon,9,346.9,61.7,0.052,21.39,22.12,1.034,observed,A,40.0,2
C-S4-DEL,S4,DEL,K10,afternoon,13,306.6,29.0,0.018,8.9,7.74,0.87,observed,A,40.0,2
C-S4-DEL,S4,DEL,K10,evening,1,404.6,347.0,0.64,140.41,271.35,1.933,observed,A,40.0,2
C-S4-DEL,S4,DEL,K10,evening,5,380.3,142.3,0.185,54.11,78.53,1.451,observed,A,40.0,2
C-S4-DEL,S4,DEL,K10,evening,9,348.0,59.0,0.05,20.53,21.17,1.031,observed,A,40.0,2
C-S4-DEL,S4,DEL,K10,evening,13,307.5,27.8,0.017,8.54,7.41,0.868,observed,A,40.0,2
C-S4-MUM,S4,MUM,K01,night,1,218.6,142.0,2.028,31.04,860.01,27.711,observed,A,317.0,2
C-S4-MUM,S4,MUM,K01,night,5,205.5,58.2,0.587,11.96,248.9,20.809,observed,A,317.0,2
C-S4-MUM,S4,MUM,K01,night,9,188.0,24.1,0.158,4.54,67.08,14.784,observed,A,317.0,2
C-S4-MUM,S4,MUM,K01,night,13,166.2,11.4,0.055,1.89,23.47,12.44,observed,A,317.0,2
C-S4-MUM,S4,MUM,K01,morning,1,218.6,286.0,4.087,62.52,1733.0,27.717,observed,A,317.0,2
C-S4-MUM,S4,MUM,K01,morning,5,205.5,117.3,1.183,24.1,501.55,20.814,observed,A,317.0,2
C-S4-MUM,S4,MUM,K01,morning,9,188.0,48.6,0.319,9.14,135.17,14.788,observed,A,317.0,2
C-S4-MUM,S4,MUM,K01,morning,13,166.1,22.9,0.112,3.8,47.3,12.443,observed,A,317.0,2
C-S4-MUM,S4,MUM,K01,afternoon,1,217.6,357.1,5.103,77.72,2163.73,27.839,observed,A,317.0,2
C-S4-MUM,S4,MUM,K01,afternoon,5,204.6,146.4,1.477,29.95,626.21,20.906,observed,A,317.0,2
C-S4-MUM,S4,MUM,K01,afternoon,9,187.2,60.7,0.398,11.36,168.77,14.853,observed,A,317.0,2
C-S4-MUM,S4,MUM,K01,afternoon,13,165.4,28.6,0.139,4.73,59.06,12.498,observed,A,317.0,2
C-S4-MUM,S4,MUM,K01,evening,1,217.0,370.8,5.298,80.48,2246.5,27.914,observed,A,317.0,2
C-S4-MUM,S4,MUM,K01,evening,5,204.0,152.0,1.533,31.02,650.16,20.961,observed,A,317.0,2
C-S4-MUM,S4,MUM,K01,evening,9,186.7,63.0,0.413,11.77,175.23,14.892,observed,A,317.0,2
C-S4-MUM,S4,MUM,K01,evening,13,165.0,29.7,0.145,4.89,61.32,12.531,observed,A,317.0,2
C-S4-MUM,S4,MUM,K05,night,1,382.5,161.6,0.92,61.82,390.28,6.313,observed,A,86.0,3
C-S4-MUM,S4,MUM,K05,night,5,359.6,66.3,0.266,23.83,112.95,4.741,observed,A,86.0,3
C-S4-MUM,S4,MUM,K05,night,9,329.0,27.5,0.072,9.04,30.44,3.368,observed,A,86.0,3
C-S4-MUM,S4,MUM,K05,night,13,290.7,12.9,0.025,3.76,10.65,2.834,observed,A,86.0,3
C-S4-MUM,S4,MUM,K05,morning,1,367.9,351.3,2.001,129.24,848.35,6.564,observed,A,86.0,3
C-S4-MUM,S4,MUM,K05,morning,5,345.8,144.0,0.579,49.81,245.52,4.929,observed,A,86.0,3
C-S4-MUM,S4,MUM,K05,morning,9,316.4,59.7,0.156,18.89,66.17,3.502,observed,A,86.0,3
C-S4-MUM,S4,MUM,K05,morning,13,279.6,28.1,0.055,7.86,23.16,2.947,observed,A,86.0,3
C-S4-MUM,S4,MUM,K05,afternoon,1,368.4,399.6,2.276,147.21,964.91,6.555,observed,A,86.0,3
C-S4-MUM,S4,MUM,K05,afternoon,5,346.3,163.8,0.659,56.73,279.26,4.922,observed,A,86.0,3
C-S4-MUM,S4,MUM,K05,afternoon,9,316.8,67.9,0.178,21.52,75.26,3.497,observed,A,86.0,3
C-S4-MUM,S4,MUM,K05,afternoon,13,280.0,32.0,0.062,8.95,26.34,2.943,observed,A,86.0,3
C-S4-MUM,S4,MUM,K05,evening,1,353.2,426.8,2.431,150.76,1030.7,6.837,observed,A,86.0,3
C-S4-MUM,S4,MUM,K05,evening,5,332.0,175.0,0.704,58.1,298.3,5.134,observed,A,86.0,3
C-S4-MUM,S4,MUM,K05,evening,9,303.8,72.6,0.19,22.04,80.39,3.648,observed,A,86.0,3
C-S4-MUM,S4,MUM,K05,evening,13,268.4,34.1,0.066,9.17,28.13,3.069,observed,A,86.0,3
C-S4-MUM,S4,MUM,K06,night,1,423.2,74.0,0.482,31.32,204.41,6.527,observed,A,65.0,2
C-S4-MUM,S4,MUM,K06,night,5,397.8,30.3,0.14,12.07,59.16,4.901,observed,A,65.0,2
C-S4-MUM,S4,MUM,K06,night,9,363.9,12.6,0.038,4.58,15.94,3.482,observed,A,65.0,2
C-S4-MUM,S4,MUM,K06,night,13,321.6,5.9,0.013,1.9,5.58,2.93,observed,A,65.0,2
C-S4-MUM,S4,MUM,K06,morning,1,412.6,155.4,1.012,64.14,429.29,6.693,observed,A,65.0,2
C-S4-MUM,S4,MUM,K06,morning,5,387.9,63.7,0.293,24.72,124.24,5.026,observed,A,65.0,2
C-S4-MUM,S4,MUM,K06,morning,9,354.9,26.4,0.079,9.38,33.48,3.571,observed,A,65.0,2
C-S4-MUM,S4,MUM,K06,morning,13,313.6,12.4,0.028,3.9,11.72,3.005,observed,A,65.0,2
C-S4-MUM,S4,MUM,K06,afternoon,1,404.6,191.0,1.244,77.27,527.43,6.826,observed,A,65.0,2
C-S4-MUM,S4,MUM,K06,afternoon,5,380.3,78.3,0.36,29.78,152.64,5.126,observed,A,65.0,2
C-S4-MUM,S4,MUM,K06,afternoon,9,348.0,32.5,0.097,11.3,41.14,3.642,observed,A,65.0,2
C-S4-MUM,S4,MUM,K06,afternoon,13,307.5,15.3,0.034,4.7,14.4,3.064,observed,A,65.0,2
C-S4-MUM,S4,MUM,K06,evening,1,398.8,205.5,1.338,81.93,567.45,6.926,observed,A,65.0,2
C-S4-MUM,S4,MUM,K06,evening,5,374.9,84.2,0.387,31.58,164.23,5.201,observed,A,65.0,2
C-S4-MUM,S4,MUM,K06,evening,9,343.0,34.9,0.104,11.98,44.26,3.695,observed,A,65.0,2
C-S4-MUM,S4,MUM,K06,evening,13,303.1,16.4,0.037,4.98,15.49,3.109,observed,A,65.0,2
C-S4-MUM,S4,MUM,K10,night,1,453.1,85.1,0.149,38.57,63.24,1.64,observed,B,24.0,2
C-S4-MUM,S4,MUM,K10,night,5,425.9,34.9,0.043,14.86,18.3,1.231,observed,B,24.0,2
C-S4-MUM,S4,MUM,K10,night,9,389.7,14.5,0.012,5.64,4.93,0.875,observed,B,24.0,2
C-S4-MUM,S4,MUM,K10,night,13,344.4,6.8,0.004,2.34,1.73,0.736,observed,B,24.0,2
C-S4-MUM,S4,MUM,K10,morning,1,450.3,181.3,0.318,81.65,134.73,1.65,observed,B,24.0,2
C-S4-MUM,S4,MUM,K10,morning,5,423.3,74.3,0.092,31.47,38.99,1.239,observed,B,24.0,2
C-S4-MUM,S4,MUM,K10,morning,9,387.2,30.8,0.025,11.94,10.51,0.88,observed,B,24.0,2
C-S4-MUM,S4,MUM,K10,morning,13,342.2,14.5,0.009,4.96,3.68,0.741,observed,B,24.0,2
C-S4-MUM,S4,MUM,K10,afternoon,1,451.1,228.1,0.4,102.89,169.45,1.647,observed,B,24.0,2
C-S4-MUM,S4,MUM,K10,afternoon,5,424.1,93.5,0.116,39.65,49.04,1.237,observed,B,24.0,2
C-S4-MUM,S4,MUM,K10,afternoon,9,388.0,38.8,0.031,15.04,13.22,0.879,observed,B,24.0,2
C-S4-MUM,S4,MUM,K10,afternoon,13,342.9,18.2,0.011,6.26,4.62,0.739,observed,B,24.0,2
C-S4-MUM,S4,MUM,K10,evening,1,438.7,236.1,0.414,103.59,175.42,1.693,observed,B,24.0,2
C-S4-MUM,S4,MUM,K10,evening,5,412.4,96.8,0.12,39.92,50.77,1.272,observed,B,24.0,2
C-S4-MUM,S4,MUM,K10,evening,9,377.3,40.1,0.032,15.14,13.68,0.903,observed,B,24.0,2
C-S4-MUM,S4,MUM,K10,evening,13,333.4,18.9,0.011,6.3,4.79,0.76,observed,B,24.0,2
C-S4-BLR,S4,BLR,K01,night,1,218.1,97.9,1.381,21.35,585.4,27.414,observed,A,138.0,3
C-S4-BLR,S4,BLR,K01,night,5,205.0,40.1,0.4,8.23,169.42,20.586,observed,A,138.0,3
C-S4-BLR,S4,BLR,K01,night,9,187.5,16.6,0.108,3.12,45.66,14.626,observed,A,138.0,3
C-S4-BLR,S4,BLR,K01,night,13,165.7,7.8,0.038,1.3,15.98,12.307,observed,A,138.0,3
C-S4-BLR,S4,BLR,K01,morning,1,223.1,235.0,3.314,52.43,1404.97,26.799,observed,A,138.0,4
C-S4-BLR,S4,BLR,K01,morning,5,209.7,96.4,0.959,20.21,406.62,20.124,observed,A,138.0,4
C-S4-BLR,S4,BLR,K01,morning,9,191.9,40.0,0.258,7.66,109.59,14.298,observed,A,138.0,4
C-S4-BLR,S4,BLR,K01,morning,13,169.5,18.8,0.09,3.19,38.35,12.03,observed,A,138.0,4
C-S4-BLR,S4,BLR,K01,afternoon,1,219.8,293.7,4.142,64.55,1756.08,27.203,observed,A,138.0,3
C-S4-BLR,S4,BLR,K01,afternoon,5,206.6,120.4,1.199,24.88,508.23,20.428,observed,A,138.0,3
C-S4-BLR,S4,BLR,K01,afternoon,9,189.0,49.9,0.323,9.44,136.97,14.513,observed,A,138.0,3
C-S4-BLR,S4,BLR,K01,afternoon,13,167.0,23.5,0.113,3.92,47.93,12.212,observed,A,138.0,3
C-S4-BLR,S4,BLR,K01,evening,1,219.0,348.4,4.913,76.31,2083.05,27.295,observed,A,138.0,3
C-S4-BLR,S4,BLR,K01,evening,5,205.9,142.9,1.422,29.41,602.86,20.497,observed,A,138.0,3
C-S4-BLR,S4,BLR,K01,evening,9,188.4,59.2,0.383,11.16,162.48,14.563,observed,A,138.0,3
C-S4-BLR,S4,BLR,K01,evening,13,166.5,27.9,0.134,4.64,56.86,12.253,observed,A,138.0,3
C-S4-BLR,S4,BLR,K05,night,1,370.1,133.9,0.681,49.55,288.83,5.829,observed,A,65.0,3
C-S4-BLR,S4,BLR,K05,night,5,347.9,54.9,0.197,19.1,83.59,4.377,observed,A,65.0,3
C-S4-BLR,S4,BLR,K05,night,9,318.3,22.8,0.053,7.24,22.53,3.11,observed,A,65.0,3
C-S4-BLR,S4,BLR,K05,night,13,281.3,10.7,0.019,3.01,7.88,2.617,observed,A,65.0,3
C-S4-BLR,S4,BLR,K05,morning,1,357.0,315.1,1.604,112.5,679.94,6.044,observed,A,65.0,3
C-S4-BLR,S4,BLR,K05,morning,5,335.6,129.2,0.464,43.36,196.78,4.539,observed,A,65.0,3
C-S4-BLR,S4,BLR,K05,morning,9,307.0,53.6,0.125,16.45,53.04,3.225,observed,A,65.0,3
C-S4-BLR,S4,BLR,K05,morning,13,271.3,25.2,0.044,6.84,18.56,2.713,observed,A,65.0,3
C-S4-BLR,S4,BLR,K05,afternoon,1,352.7,416.8,2.121,147.0,899.37,6.118,observed,A,65.0,3
C-S4-BLR,S4,BLR,K05,afternoon,5,331.5,170.9,0.614,56.66,260.29,4.594,observed,A,65.0,3
C-S4-BLR,S4,BLR,K05,afternoon,9,303.3,70.9,0.165,21.49,70.15,3.264,observed,A,65.0,3
C-S4-BLR,S4,BLR,K05,afternoon,13,268.0,33.3,0.058,8.94,24.55,2.746,observed,A,65.0,3
C-S4-BLR,S4,BLR,K05,evening,1,348.1,468.9,2.386,163.23,1011.63,6.198,observed,A,65.0,3
C-S4-BLR,S4,BLR,K05,evening,5,327.2,192.2,0.691,62.91,292.78,4.654,observed,A,65.0,3
C-S4-BLR,S4,BLR,K05,evening,9,299.4,79.7,0.186,23.86,78.91,3.307,observed,A,65.0,3
C-S4-BLR,S4,BLR,K05,evening,13,264.6,37.5,0.065,9.92,27.61,2.782,observed,A,65.0,3
C-S4-BLR,S4,BLR,K06,night,1,399.0,80.1,0.612,31.97,259.51,8.117,observed,A,118.0,2
C-S4-BLR,S4,BLR,K06,night,5,375.0,32.9,0.177,12.32,75.11,6.096,observed,A,118.0,2
C-S4-BLR,S4,BLR,K06,night,9,343.1,13.6,0.048,4.67,20.24,4.331,observed,A,118.0,2
C-S4-BLR,S4,BLR,K06,night,13,303.2,6.4,0.017,1.94,7.08,3.644,observed,A,118.0,2
C-S4-BLR,S4,BLR,K06,morning,1,391.4,195.0,1.49,76.33,631.64,8.275,observed,A,118.0,2
C-S4-BLR,S4,BLR,K06,morning,5,367.9,80.0,0.431,29.42,182.8,6.214,observed,A,118.0,2
C-S4-BLR,S4,BLR,K06,morning,9,336.6,33.2,0.116,11.16,49.27,4.415,observed,A,118.0,2
C-S4-BLR,S4,BLR,K06,morning,13,297.4,15.6,0.041,4.64,17.24,3.715,observed,A,118.0,2
C-S4-BLR,S4,BLR,K06,afternoon,1,390.8,247.1,1.888,96.57,800.36,8.287,observed,A,118.0,2
C-S4-BLR,S4,BLR,K06,afternoon,5,367.3,101.3,0.546,37.22,231.63,6.223,observed,A,118.0,2
C-S4-BLR,S4,BLR,K06,afternoon,9,336.1,42.0,0.147,14.12,62.43,4.421,observed,A,118.0,2
C-S4-BLR,S4,BLR,K06,afternoon,13,297.0,19.8,0.052,5.87,21.84,3.72,observed,A,118.0,2
C-S4-BLR,S4,BLR,K06,evening,1,382.1,300.9,2.298,114.97,974.36,8.475,observed,A,118.0,2
C-S4-BLR,S4,BLR,K06,evening,5,359.2,123.4,0.665,44.31,281.99,6.364,observed,A,118.0,2
C-S4-BLR,S4,BLR,K06,evening,9,328.6,51.1,0.179,16.81,76.0,4.521,observed,A,118.0,2
C-S4-BLR,S4,BLR,K06,evening,13,290.4,24.1,0.063,6.99,26.59,3.804,observed,A,118.0,2
C-S4-BLR,S4,BLR,K10,night,1,433.1,59.6,0.115,25.83,48.9,1.893,observed,A,28.0,2
C-S4-BLR,S4,BLR,K10,night,5,407.1,24.5,0.033,9.96,14.15,1.421,observed,A,28.0,2
C-S4-BLR,S4,BLR,K10,night,9,372.5,10.1,0.009,3.78,3.81,1.01,observed,A,28.0,2
C-S4-BLR,S4,BLR,K10,night,13,329.2,4.8,0.003,1.57,1.33,0.85,observed,A,28.0,2
C-S4-BLR,S4,BLR,K10,morning,1,423.6,173.3,0.335,73.42,142.09,1.935,observed,A,28.0,2
C-S4-BLR,S4,BLR,K10,morning,5,398.2,71.1,0.097,28.3,41.12,1.453,observed,A,28.0,2
C-S4-BLR,S4,BLR,K10,morning,9,364.3,29.5,0.026,10.73,11.08,1.033,observed,A,28.0,2
C-S4-BLR,S4,BLR,K10,morning,13,322.0,13.9,0.009,4.46,3.88,0.869,observed,A,28.0,2
C-S4-BLR,S4,BLR,K10,afternoon,1,423.3,210.7,0.407,89.2,172.77,1.937,observed,A,28.0,2
C-S4-BLR,S4,BLR,K10,afternoon,5,397.9,86.4,0.118,34.38,50.0,1.455,observed,A,28.0,2
C-S4-BLR,S4,BLR,K10,afternoon,9,364.0,35.8,0.032,13.04,13.48,1.033,observed,A,28.0,2
C-S4-BLR,S4,BLR,K10,afternoon,13,321.7,16.9,0.011,5.42,4.72,0.87,observed,A,28.0,2
C-S4-BLR,S4,BLR,K10,evening,1,419.1,251.9,0.487,105.55,206.5,1.956,observed,A,28.0,2
C-S4-BLR,S4,BLR,K10,evening,5,393.9,103.3,0.141,40.68,59.76,1.469,observed,A,28.0,2
C-S4-BLR,S4,BLR,K10,evening,9,360.4,42.8,0.038,15.43,16.11,1.044,observed,A,28.0,2
C-S4-BLR,S4,BLR,K10,evening,13,318.5,20.2,0.013,6.42,5.64,0.878,observed,A,28.0,2
C-S4-HYD,S4,HYD,K01,night,1,193.7,56.0,0.776,10.86,329.03,30.31,observed,A,25.0,7
C-S4-HYD,S4,HYD,K01,night,5,182.1,23.0,0.225,4.18,95.22,22.761,observed,A,25.0,7
C-S4-HYD,S4,HYD,K01,night,9,166.6,9.5,0.061,1.59,25.66,16.171,observed,A,25.0,7
C-S4-HYD,S4,HYD,K01,night,13,147.2,4.5,0.021,0.66,8.98,13.607,observed,A,25.0,7
C-S4-HYD,S4,HYD,K01,morning,1,200.5,136.9,1.896,27.46,804.0,29.282,observed,A,25.0,7
C-S4-HYD,S4,HYD,K01,morning,5,188.5,56.1,0.549,10.58,232.69,21.989,observed,A,25.0,7
C-S4-HYD,S4,HYD,K01,morning,9,172.5,23.3,0.148,4.01,62.71,15.622,observed,A,25.0,7
C-S4-HYD,S4,HYD,K01,morning,13,152.4,11.0,0.052,1.67,21.94,13.145,observed,A,25.0,7
C-S4-HYD,S4,HYD,K01,afternoon,1,202.9,170.3,2.359,34.56,1000.17,28.943,observed,A,25.0,7
C-S4-HYD,S4,HYD,K01,afternoon,5,190.7,69.8,0.683,13.32,289.46,21.734,observed,A,25.0,7
C-S4-HYD,S4,HYD,K01,afternoon,9,174.5,29.0,0.184,5.05,78.01,15.441,observed,A,25.0,7
C-S4-HYD,S4,HYD,K01,afternoon,13,154.2,13.6,0.064,2.1,27.3,12.993,observed,A,25.0,7
C-S4-HYD,S4,HYD,K01,evening,1,200.6,156.9,2.173,31.47,921.24,29.274,observed,A,25.0,7
C-S4-HYD,S4,HYD,K01,evening,5,188.5,64.3,0.629,12.13,266.62,21.983,observed,A,25.0,7
C-S4-HYD,S4,HYD,K01,evening,9,172.5,26.7,0.169,4.6,71.86,15.618,observed,A,25.0,7
C-S4-HYD,S4,HYD,K01,evening,13,152.4,12.6,0.059,1.91,25.14,13.142,observed,A,25.0,7
C-S4-HYD,S4,HYD,K05,night,1,315.3,104.1,0.612,32.81,259.44,7.907,observed,A,74.0,2
C-S4-HYD,S4,HYD,K05,night,5,296.3,42.7,0.177,12.65,75.09,5.937,observed,A,74.0,2
C-S4-HYD,S4,HYD,K05,night,9,271.1,17.7,0.048,4.8,20.24,4.218,observed,A,74.0,2
C-S4-HYD,S4,HYD,K05,night,13,239.6,8.3,0.017,2.0,7.08,3.549,observed,A,74.0,2
C-S4-HYD,S4,HYD,K05,morning,1,300.5,248.3,1.46,74.62,618.94,8.294,observed,A,74.0,2
C-S4-HYD,S4,HYD,K05,morning,5,282.5,101.8,0.422,28.76,179.13,6.229,observed,A,74.0,2
C-S4-HYD,S4,HYD,K05,morning,9,258.5,42.2,0.114,10.91,48.28,4.425,observed,A,74.0,2
C-S4-HYD,S4,HYD,K05,morning,13,228.4,19.9,0.04,4.54,16.89,3.723,observed,A,74.0,2
C-S4-HYD,S4,HYD,K05,afternoon,1,299.0,308.4,1.813,92.21,768.76,8.337,observed,A,74.0,2
C-S4-HYD,S4,HYD,K05,afternoon,5,281.0,126.4,0.525,35.54,222.49,6.261,observed,A,74.0,2
C-S4-HYD,S4,HYD,K05,afternoon,9,257.1,52.4,0.141,13.48,59.96,4.448,observed,A,74.0,2
C-S4-HYD,S4,HYD,K05,afternoon,13,227.2,24.7,0.049,5.61,20.98,3.743,observed,A,74.0,2
C-S4-HYD,S4,HYD,K05,evening,1,300.2,263.1,1.547,78.97,655.81,8.305,observed,A,74.0,3
C-S4-HYD,S4,HYD,K05,evening,5,282.1,107.9,0.448,30.43,189.8,6.236,observed,A,74.0,3
C-S4-HYD,S4,HYD,K05,evening,9,258.1,44.7,0.121,11.55,51.15,4.431,observed,A,74.0,3
C-S4-HYD,S4,HYD,K05,evening,13,228.1,21.0,0.042,4.8,17.9,3.728,observed,A,74.0,3
C-S4-HYD,S4,HYD,K06,night,1,350.5,46.7,0.31,16.38,131.6,8.034,observed,A,52.0,2
C-S4-HYD,S4,HYD,K06,night,5,329.5,19.2,0.09,6.31,38.09,6.033,observed,A,52.0,2
C-S4-HYD,S4,HYD,K06,night,9,301.4,7.9,0.024,2.39,10.26,4.286,observed,A,52.0,2
C-S4-HYD,S4,HYD,K06,night,13,266.4,3.7,0.008,1.0,3.59,3.607,observed,A,52.0,2
C-S4-HYD,S4,HYD,K06,morning,1,339.6,132.8,0.882,45.09,373.92,8.292,observed,A,52.0,2
C-S4-HYD,S4,HYD,K06,morning,5,319.2,54.4,0.255,17.38,108.22,6.227,observed,A,52.0,2
C-S4-HYD,S4,HYD,K06,morning,9,292.1,22.6,0.069,6.59,29.17,4.424,observed,A,52.0,2
C-S4-HYD,S4,HYD,K06,morning,13,258.1,10.6,0.024,2.74,10.21,3.722,observed,A,52.0,2
C-S4-HYD,S4,HYD,K06,afternoon,1,337.0,167.3,1.111,56.36,470.98,8.356,observed,A,52.0,2
C-S4-HYD,S4,HYD,K06,afternoon,5,316.8,68.6,0.321,21.72,136.31,6.275,observed,A,52.0,2
C-S4-HYD,S4,HYD,K06,afternoon,9,289.8,28.4,0.087,8.24,36.74,4.458,observed,A,52.0,2
C-S4-HYD,S4,HYD,K06,afternoon,13,256.1,13.4,0.03,3.43,12.86,3.751,observed,A,52.0,2
C-S4-HYD,S4,HYD,K06,evening,1,337.8,139.8,0.928,47.22,393.59,8.336,observed,A,52.0,2
C-S4-HYD,S4,HYD,K06,evening,5,317.5,57.3,0.269,18.2,113.91,6.26,observed,A,52.0,2
C-S4-HYD,S4,HYD,K06,evening,9,290.5,23.8,0.072,6.9,30.7,4.447,observed,A,52.0,2
C-S4-HYD,S4,HYD,K06,evening,13,256.7,11.2,0.025,2.87,10.74,3.742,observed,A,52.0,2
C-S4-HYD,S4,HYD,K10,night,1,385.0,28.5,0.057,10.98,24.32,2.215,observed,B,10.0,3
C-S4-HYD,S4,HYD,K10,night,5,361.9,11.7,0.017,4.23,7.04,1.663,observed,B,10.0,3
C-S4-HYD,S4,HYD,K10,night,9,331.1,4.8,0.004,1.61,1.9,1.182,observed,B,10.0,3
C-S4-HYD,S4,HYD,K10,night,13,292.6,2.3,0.002,0.67,0.66,0.994,observed,B,10.0,3
C-S4-HYD,S4,HYD,K10,morning,1,379.1,94.4,0.19,35.79,80.52,2.25,observed,B,10.0,4
C-S4-HYD,S4,HYD,K10,morning,5,356.3,38.7,0.055,13.79,23.3,1.689,observed,B,10.0,4
C-S4-HYD,S4,HYD,K10,morning,9,326.0,16.1,0.015,5.23,6.28,1.2,observed,B,10.0,4
C-S4-HYD,S4,HYD,K10,morning,13,288.1,7.6,0.005,2.18,2.2,1.01,observed,B,10.0,4
C-S4-HYD,S4,HYD,K10,afternoon,1,377.5,122.4,0.246,46.21,104.38,2.259,observed,B,10.0,4
C-S4-HYD,S4,HYD,K10,afternoon,5,354.9,50.2,0.071,17.81,30.21,1.696,observed,B,10.0,4
C-S4-HYD,S4,HYD,K10,afternoon,9,324.7,20.8,0.019,6.76,8.14,1.205,observed,B,10.0,4
C-S4-HYD,S4,HYD,K10,afternoon,13,286.9,9.8,0.007,2.81,2.85,1.014,observed,B,10.0,4
C-S4-HYD,S4,HYD,K10,evening,1,375.3,103.5,0.208,38.83,88.23,2.272,observed,B,10.0,4
C-S4-HYD,S4,HYD,K10,evening,5,352.8,42.4,0.06,14.96,25.53,1.706,observed,B,10.0,4
C-S4-HYD,S4,HYD,K10,evening,9,322.8,17.6,0.016,5.68,6.88,1.212,observed,B,10.0,4
C-S4-HYD,S4,HYD,K10,evening,13,285.2,8.3,0.006,2.36,2.41,1.02,observed,B,10.0,4
C-S4-PUN,S4,PUN,K01,night,1,180.8,33.7,0.476,6.1,201.68,33.071,observed,A,53.0,3
C-S4-PUN,S4,PUN,K01,night,5,170.0,13.8,0.138,2.35,58.37,24.834,observed,A,53.0,3
C-S4-PUN,S4,PUN,K01,night,9,155.5,5.7,0.037,0.89,15.73,17.644,observed,A,53.0,3
C-S4-PUN,S4,PUN,K01,night,13,137.4,2.7,0.013,0.37,5.5,14.846,observed,A,53.0,3
C-S4-PUN,S4,PUN,K01,morning,1,184.4,93.2,1.315,17.19,557.58,32.44,observed,A,53.0,3
C-S4-PUN,S4,PUN,K01,morning,5,173.3,38.2,0.381,6.62,161.37,24.361,observed,A,53.0,3
C-S4-PUN,S4,PUN,K01,morning,9,158.5,15.8,0.103,2.51,43.49,17.307,observed,A,53.0,3
C-S4-PUN,S4,PUN,K01,morning,13,140.1,7.5,0.036,1.05,15.22,14.563,observed,A,53.0,3
C-S4-PUN,S4,PUN,K01,afternoon,1,184.8,118.4,1.67,21.88,708.12,32.363,observed,A,53.0,3
C-S4-PUN,S4,PUN,K01,afternoon,5,173.7,48.5,0.483,8.43,204.94,24.303,observed,A,53.0,3
C-S4-PUN,S4,PUN,K01,afternoon,9,158.9,20.1,0.13,3.2,55.23,17.266,observed,A,53.0,3
C-S4-PUN,S4,PUN,K01,afternoon,13,140.4,9.5,0.046,1.33,19.33,14.528,observed,A,53.0,3
C-S4-PUN,S4,PUN,K01,evening,1,182.1,101.0,1.424,18.39,603.8,32.836,observed,A,53.0,3
C-S4-PUN,S4,PUN,K01,evening,5,171.2,41.4,0.412,7.09,174.75,24.658,observed,A,53.0,3
C-S4-PUN,S4,PUN,K01,evening,9,156.6,17.2,0.111,2.69,47.1,17.518,observed,A,53.0,3
C-S4-PUN,S4,PUN,K01,evening,13,138.4,8.1,0.039,1.12,16.48,14.741,observed,A,53.0,3
C-S4-PUN,S4,PUN,K05,night,1,320.0,28.1,0.163,9.0,69.13,7.684,observed,B,17.0,3
C-S4-PUN,S4,PUN,K05,night,5,300.8,11.5,0.047,3.47,20.01,5.77,observed,B,17.0,3
C-S4-PUN,S4,PUN,K05,night,9,275.2,4.8,0.013,1.32,5.39,4.099,observed,B,17.0,3
C-S4-PUN,S4,PUN,K05,night,13,243.2,2.2,0.004,0.55,1.89,3.449,observed,B,17.0,3
C-S4-PUN,S4,PUN,K05,morning,1,309.7,86.9,0.504,26.91,213.64,7.939,observed,B,17.0,4
C-S4-PUN,S4,PUN,K05,morning,5,291.1,35.6,0.146,10.37,61.83,5.961,observed,B,17.0,4
C-S4-PUN,S4,PUN,K05,morning,9,266.4,14.8,0.039,3.93,16.66,4.235,observed,B,17.0,4
C-S4-PUN,S4,PUN,K05,morning,13,235.4,7.0,0.014,1.64,5.83,3.564,observed,B,17.0,4
C-S4-PUN,S4,PUN,K05,afternoon,1,309.2,100.9,0.585,31.19,247.99,7.952,observed,B,17.0,4
C-S4-PUN,S4,PUN,K05,afternoon,5,290.6,41.4,0.169,12.02,71.77,5.972,observed,B,17.0,4
C-S4-PUN,S4,PUN,K05,afternoon,9,265.9,17.1,0.046,4.56,19.34,4.243,observed,B,17.0,4
C-S4-PUN,S4,PUN,K05,afternoon,13,235.0,8.1,0.016,1.9,6.77,3.57,observed,B,17.0,4
C-S4-PUN,S4,PUN,K05,evening,1,305.0,95.0,0.551,28.98,233.63,8.062,observed,B,17.0,4
C-S4-PUN,S4,PUN,K05,evening,5,286.7,39.0,0.159,11.17,67.62,6.054,observed,B,17.0,4
C-S4-PUN,S4,PUN,K05,evening,9,262.3,16.2,0.043,4.24,18.22,4.301,observed,B,17.0,4
C-S4-PUN,S4,PUN,K05,evening,13,231.8,7.6,0.015,1.76,6.38,3.619,observed,B,17.0,4
C-S4-PUN,S4,PUN,K06,night,1,346.2,22.2,0.144,7.69,61.16,7.95,observed,A,36.0,1
C-S4-PUN,S4,PUN,K06,night,5,325.4,9.1,0.042,2.96,17.7,5.97,observed,A,36.0,1
C-S4-PUN,S4,PUN,K06,night,9,297.7,3.8,0.011,1.12,4.77,4.242,observed,A,36.0,1
C-S4-PUN,S4,PUN,K06,night,13,263.1,1.8,0.004,0.47,1.67,3.569,observed,A,36.0,1
C-S4-PUN,S4,PUN,K06,morning,1,338.5,74.2,0.482,25.12,204.22,8.131,observed,A,36.0,2
C-S4-PUN,S4,PUN,K06,morning,5,318.2,30.4,0.139,9.68,59.1,6.106,observed,A,36.0,2
C-S4-PUN,S4,PUN,K06,morning,9,291.1,12.6,0.038,3.67,15.93,4.338,observed,A,36.0,2
C-S4-PUN,S4,PUN,K06,morning,13,257.3,5.9,0.013,1.53,5.57,3.65,observed,A,36.0,2
C-S4-PUN,S4,PUN,K06,afternoon,1,337.1,96.4,0.626,32.51,265.42,8.165,observed,A,36.0,2
C-S4-PUN,S4,PUN,K06,afternoon,5,316.9,39.5,0.181,12.53,76.81,6.131,observed,A,36.0,2
C-S4-PUN,S4,PUN,K06,afternoon,9,289.9,16.4,0.049,4.75,20.7,4.356,observed,A,36.0,2
C-S4-PUN,S4,PUN,K06,afternoon,13,256.2,7.7,0.017,1.98,7.24,3.665,observed,A,36.0,2
C-S4-PUN,S4,PUN,K06,evening,1,335.6,76.1,0.494,25.55,209.55,8.201,observed,A,36.0,2
C-S4-PUN,S4,PUN,K06,evening,5,315.5,31.2,0.143,9.85,60.65,6.159,observed,A,36.0,2
C-S4-PUN,S4,PUN,K06,evening,9,288.6,12.9,0.039,3.74,16.34,4.375,observed,A,36.0,2
C-S4-PUN,S4,PUN,K06,evening,13,255.1,6.1,0.013,1.55,5.72,3.682,observed,A,36.0,2
C-S4-PUN,S4,PUN,K10,night,1,372.3,14.3,0.03,5.32,12.63,2.374,observed,C,7.0,3
C-S4-PUN,S4,PUN,K10,night,5,349.9,5.9,0.009,2.05,3.66,1.783,observed,C,7.0,3
C-S4-PUN,S4,PUN,K10,night,9,320.1,2.4,0.002,0.78,0.99,1.267,observed,C,7.0,3
C-S4-PUN,S4,PUN,K10,night,13,282.9,1.1,0.001,0.32,0.34,1.066,observed,C,7.0,3
C-S4-PUN,S4,PUN,K10,morning,1,372.0,44.8,0.093,16.68,39.63,2.375,observed,C,7.0,3
C-S4-PUN,S4,PUN,K10,morning,5,349.7,18.4,0.027,6.43,11.47,1.784,observed,C,7.0,3
C-S4-PUN,S4,PUN,K10,morning,9,320.0,7.6,0.007,2.44,3.09,1.267,observed,C,7.0,3
C-S4-PUN,S4,PUN,K10,morning,13,282.7,3.6,0.003,1.01,1.08,1.066,observed,C,7.0,3
C-S4-PUN,S4,PUN,K10,afternoon,1,372.4,61.0,0.127,22.71,53.89,2.373,observed,C,7.0,3
C-S4-PUN,S4,PUN,K10,afternoon,5,350.1,25.0,0.037,8.75,15.6,1.782,observed,C,7.0,3
C-S4-PUN,S4,PUN,K10,afternoon,9,320.3,10.4,0.01,3.32,4.2,1.266,observed,C,7.0,3
C-S4-PUN,S4,PUN,K10,afternoon,13,283.1,4.9,0.003,1.38,1.47,1.065,observed,C,7.0,3
C-S4-PUN,S4,PUN,K10,evening,1,369.0,49.5,0.103,18.28,43.77,2.395,observed,C,7.0,3
C-S4-PUN,S4,PUN,K10,evening,5,346.9,20.3,0.03,7.04,12.67,1.798,observed,C,7.0,3
C-S4-PUN,S4,PUN,K10,evening,9,317.3,8.4,0.008,2.67,3.41,1.278,observed,C,7.0,3
C-S4-PUN,S4,PUN,K10,evening,13,280.4,4.0,0.003,1.11,1.19,1.075,observed,C,7.0,3
C-S5-DEL,S5,DEL,K01,night,1,209.1,175.8,2.56,36.78,322.6,8.772,observed,A,160.0,3
C-S5-DEL,S5,DEL,K01,night,5,196.6,72.1,0.741,14.17,93.37,6.587,observed,A,160.0,3
C-S5-DEL,S5,DEL,K01,night,9,179.9,29.9,0.2,5.38,25.16,4.68,observed,A,160.0,3
C-S5-DEL,S5,DEL,K01,night,13,159.0,14.1,0.07,2.24,8.81,3.938,observed,A,160.0,3
C-S5-DEL,S5,DEL,K01,morning,1,213.9,409.0,5.955,87.5,750.39,8.576,observed,A,160.0,3
C-S5-DEL,S5,DEL,K01,morning,5,201.1,167.7,1.724,33.72,217.17,6.44,observed,A,160.0,3
C-S5-DEL,S5,DEL,K01,morning,9,184.0,69.5,0.465,12.79,58.53,4.575,observed,A,160.0,3
C-S5-DEL,S5,DEL,K01,morning,13,162.6,32.7,0.163,5.32,20.48,3.85,observed,A,160.0,3
C-S5-DEL,S5,DEL,K01,afternoon,1,212.7,280.1,4.078,59.57,513.79,8.625,truncated,A,160.0,3
C-S5-DEL,S5,DEL,K01,afternoon,5,200.0,114.8,1.18,22.96,148.7,6.477,truncated,A,160.0,3
C-S5-DEL,S5,DEL,K01,afternoon,9,182.9,47.6,0.318,8.71,40.08,4.601,truncated,A,160.0,3
C-S5-DEL,S5,DEL,K01,afternoon,13,161.7,22.4,0.111,3.62,14.02,3.872,truncated,A,160.0,3
C-S5-DEL,S5,DEL,K01,evening,1,207.9,509.2,7.414,105.86,934.17,8.825,prior,A,160.0,0
C-S5-DEL,S5,DEL,K01,evening,5,195.4,208.8,2.146,40.8,270.36,6.627,prior,A,160.0,0
C-S5-DEL,S5,DEL,K01,evening,9,178.8,86.6,0.578,15.48,72.87,4.708,prior,A,160.0,0
C-S5-DEL,S5,DEL,K01,evening,13,158.0,40.7,0.202,6.44,25.5,3.962,prior,A,160.0,0
C-S5-DEL,S5,DEL,K03,night,1,297.6,632.4,2.441,188.23,307.56,1.634,observed,A,102.0,4
C-S5-DEL,S5,DEL,K03,night,5,279.8,259.3,0.706,72.54,89.01,1.227,observed,A,102.0,4
C-S5-DEL,S5,DEL,K03,night,9,256.0,107.5,0.19,27.52,23.99,0.872,observed,A,102.0,4
C-S5-DEL,S5,DEL,K03,night,13,226.2,50.6,0.067,11.44,8.39,0.734,observed,A,102.0,4
C-S5-DEL,S5,DEL,K03,morning,1,290.3,1465.6,5.657,425.48,712.79,1.675,observed,A,102.0,4
C-S5-DEL,S5,DEL,K03,morning,5,272.9,600.9,1.637,163.98,206.29,1.258,observed,A,102.0,4
C-S5-DEL,S5,DEL,K03,morning,9,249.7,249.2,0.441,62.21,55.6,0.894,observed,A,102.0,4
C-S5-DEL,S5,DEL,K03,morning,13,220.6,117.2,0.154,25.87,19.45,0.752,observed,A,102.0,4
C-S5-DEL,S5,DEL,K03,afternoon,1,298.3,1431.4,5.525,426.94,696.14,1.631,truncated,A,102.0,4
C-S5-DEL,S5,DEL,K03,afternoon,5,280.4,586.9,1.599,164.54,201.47,1.224,truncated,A,102.0,4
C-S5-DEL,S5,DEL,K03,afternoon,9,256.5,243.3,0.431,62.42,54.3,0.87,truncated,A,102.0,4
C-S5-DEL,S5,DEL,K03,afternoon,13,226.7,114.5,0.151,25.96,19.0,0.732,truncated,A,102.0,4
C-S5-DEL,S5,DEL,K03,evening,1,356.4,2602.5,10.045,927.53,1265.71,1.365,prior,A,102.0,0
C-S5-DEL,S5,DEL,K03,evening,5,335.0,1067.0,2.907,357.47,366.31,1.025,prior,A,102.0,0
C-S5-DEL,S5,DEL,K03,evening,9,306.5,442.4,0.784,135.6,98.73,0.728,prior,A,102.0,0
C-S5-DEL,S5,DEL,K03,evening,13,270.9,208.2,0.274,56.39,34.55,0.613,prior,A,102.0,0
C-S5-DEL,S5,DEL,K08,night,1,261.1,28.2,0.317,7.36,39.89,5.423,observed,A,32.0,2
C-S5-DEL,S5,DEL,K08,night,5,245.5,11.5,0.092,2.83,11.54,4.072,observed,A,32.0,2
C-S5-DEL,S5,DEL,K08,night,9,224.6,4.8,0.025,1.08,3.11,2.893,observed,A,32.0,2
C-S5-DEL,S5,DEL,K08,night,13,198.5,2.3,0.009,0.45,1.09,2.435,observed,A,32.0,2
C-S5-DEL,S5,DEL,K08,morning,1,255.1,65.3,0.734,16.65,92.45,5.552,observed,A,32.0,2
C-S5-DEL,S5,DEL,K08,morning,5,239.8,26.8,0.212,6.42,26.76,4.169,observed,A,32.0,2
C-S5-DEL,S5,DEL,K08,morning,9,219.4,11.1,0.057,2.43,7.21,2.962,observed,A,32.0,2
C-S5-DEL,S5,DEL,K08,morning,13,193.9,5.2,0.02,1.01,2.52,2.492,observed,A,32.0,2
C-S5-DEL,S5,DEL,K08,afternoon,1,268.3,70.0,0.787,18.79,99.15,5.278,truncated,A,32.0,2
C-S5-DEL,S5,DEL,K08,afternoon,5,252.2,28.7,0.228,7.24,28.7,3.964,truncated,A,32.0,2
C-S5-DEL,S5,DEL,K08,afternoon,9,230.7,11.9,0.061,2.75,7.73,2.816,truncated,A,32.0,2
C-S5-DEL,S5,DEL,K08,afternoon,13,203.9,5.6,0.021,1.14,2.71,2.37,truncated,A,32.0,2
C-S5-DEL,S5,DEL,K08,evening,1,277.2,127.3,1.431,35.29,180.28,5.109,prior,A,32.0,0
C-S5-DEL,S5,DEL,K08,evening,5,260.6,52.2,0.414,13.6,52.17,3.837,prior,A,32.0,0
C-S5-DEL,S5,DEL,K08,evening,9,238.4,21.6,0.112,5.16,14.06,2.726,prior,A,32.0,0
C-S5-DEL,S5,DEL,K08,evening,13,210.7,10.2,0.039,2.15,4.92,2.294,prior,A,32.0,0
C-S5-MUM,S5,MUM,K01,night,1,230.7,62.3,1.058,14.37,133.26,9.27,observed,A,41.0,7
C-S5-MUM,S5,MUM,K01,night,5,216.9,25.5,0.306,5.54,38.57,6.962,observed,A,41.0,7
C-S5-MUM,S5,MUM,K01,night,9,198.4,10.6,0.082,2.1,10.39,4.946,observed,A,41.0,7
C-S5-MUM,S5,MUM,K01,night,13,175.4,5.0,0.029,0.87,3.64,4.162,observed,A,41.0,7
C-S5-MUM,S5,MUM,K01,morning,1,233.6,129.4,2.197,30.23,276.84,9.156,observed,A,41.0,7
C-S5-MUM,S5,MUM,K01,morning,5,219.6,53.1,0.636,11.65,80.12,6.876,observed,A,41.0,7
C-S5-MUM,S5,MUM,K01,morning,9,200.9,22.0,0.171,4.42,21.59,4.885,observed,A,41.0,7
C-S5-MUM,S5,MUM,K01,morning,13,177.5,10.4,0.06,1.84,7.56,4.11,observed,A,41.0,7
C-S5-MUM,S5,MUM,K01,afternoon,1,236.1,155.4,2.638,36.68,332.33,9.059,observed,A,41.0,7
C-S5-MUM,S5,MUM,K01,afternoon,5,222.0,63.7,0.763,14.14,96.18,6.803,observed,A,41.0,7
C-S5-MUM,S5,MUM,K01,afternoon,9,203.1,26.4,0.206,5.36,25.92,4.833,observed,A,41.0,7
C-S5-MUM,S5,MUM,K01,afternoon,13,179.5,12.4,0.072,2.23,9.07,4.067,observed,A,41.0,7
C-S5-MUM,S5,MUM,K01,evening,1,230.5,209.1,3.549,48.2,447.2,9.278,observed,A,41.0,6
C-S5-MUM,S5,MUM,K01,evening,5,216.7,85.7,1.027,18.58,129.42,6.967,observed,A,41.0,6
C-S5-MUM,S5,MUM,K01,evening,9,198.3,35.5,0.277,7.05,34.88,4.95,observed,A,41.0,6
C-S5-MUM,S5,MUM,K01,evening,13,175.2,16.7,0.097,2.93,12.21,4.165,observed,A,41.0,6
C-S5-MUM,S5,MUM,K03,night,1,340.0,634.0,2.358,215.52,297.15,1.379,observed,A,346.0,2
C-S5-MUM,S5,MUM,K03,night,5,319.6,259.9,0.683,83.06,86.0,1.035,observed,A,346.0,2
C-S5-MUM,S5,MUM,K03,night,9,292.4,107.8,0.184,31.51,23.18,0.736,observed,A,346.0,2
C-S5-MUM,S5,MUM,K03,night,13,258.4,50.7,0.064,13.1,8.11,0.619,observed,A,346.0,2
C-S5-MUM,S5,MUM,K03,morning,1,338.8,1283.0,4.773,434.65,601.38,1.384,observed,A,346.0,2
C-S5-MUM,S5,MUM,K03,morning,5,318.4,526.0,1.381,167.51,174.05,1.039,observed,A,346.0,2
C-S5-MUM,S5,MUM,K03,morning,9,291.3,218.1,0.372,63.55,46.91,0.738,observed,A,346.0,2
C-S5-MUM,S5,MUM,K03,morning,13,257.5,102.6,0.13,26.43,16.41,0.621,observed,A,346.0,2
C-S5-MUM,S5,MUM,K03,afternoon,1,341.9,1597.5,5.943,546.15,748.77,1.371,observed,A,346.0,2
C-S5-MUM,S5,MUM,K03,afternoon,5,321.4,655.0,1.72,210.49,216.7,1.03,observed,A,346.0,2
C-S5-MUM,S5,MUM,K03,afternoon,9,294.0,271.6,0.464,79.85,58.4,0.731,observed,A,346.0,2
C-S5-MUM,S5,MUM,K03,afternoon,13,259.8,127.8,0.162,33.21,20.44,0.615,observed,A,346.0,2
C-S5-MUM,S5,MUM,K03,evening,1,336.8,1610.2,5.99,542.27,754.72,1.392,observed,A,346.0,2
C-S5-MUM,S5,MUM,K03,evening,5,316.6,660.2,1.734,208.99,218.43,1.045,observed,A,346.0,2
C-S5-MUM,S5,MUM,K03,evening,9,289.6,273.7,0.467,79.28,58.87,0.743,observed,A,346.0,2
C-S5-MUM,S5,MUM,K03,evening,13,256.0,128.8,0.163,32.97,20.6,0.625,observed,A,346.0,2
C-S5-MUM,S5,MUM,K08,night,1,295.4,28.1,0.338,8.31,42.55,5.121,observed,A,66.0,1
C-S5-MUM,S5,MUM,K08,night,5,277.7,11.5,0.098,3.2,12.31,3.845,observed,A,66.0,1
C-S5-MUM,S5,MUM,K08,night,9,254.1,4.8,0.026,1.21,3.32,2.732,observed,A,66.0,1
C-S5-MUM,S5,MUM,K08,night,13,224.5,2.3,0.009,0.51,1.16,2.299,observed,A,66.0,1
C-S5-MUM,S5,MUM,K08,morning,1,292.6,59.1,0.709,17.28,89.34,5.171,observed,A,66.0,1
C-S5-MUM,S5,MUM,K08,morning,5,275.0,24.2,0.205,6.66,25.86,3.883,observed,A,66.0,1
C-S5-MUM,S5,MUM,K08,morning,9,251.6,10.0,0.055,2.53,6.97,2.759,observed,A,66.0,1
C-S5-MUM,S5,MUM,K08,morning,13,222.4,4.7,0.019,1.05,2.44,2.321,observed,A,66.0,1
C-S5-MUM,S5,MUM,K08,afternoon,1,292.4,68.9,0.828,20.15,104.27,5.174,observed,A,66.0,1
C-S5-MUM,S5,MUM,K08,afternoon,5,274.8,28.3,0.239,7.77,30.18,3.885,observed,A,66.0,1
C-S5-MUM,S5,MUM,K08,afternoon,9,251.5,11.7,0.065,2.95,8.13,2.76,observed,A,66.0,1
C-S5-MUM,S5,MUM,K08,afternoon,13,222.2,5.5,0.023,1.23,2.85,2.323,observed,A,66.0,1
C-S5-MUM,S5,MUM,K08,evening,1,285.9,78.1,0.938,22.34,118.19,5.291,observed,A,66.0,1
C-S5-MUM,S5,MUM,K08,evening,5,268.8,32.0,0.271,8.61,34.21,3.973,observed,A,66.0,1
C-S5-MUM,S5,MUM,K08,evening,9,245.9,13.3,0.073,3.27,9.22,2.823,observed,A,66.0,1
C-S5-MUM,S5,MUM,K08,evening,13,217.3,6.3,0.026,1.36,3.23,2.375,observed,A,66.0,1
C-S5-BLR,S5,BLR,K01,night,1,221.8,38.6,0.508,8.56,64.02,7.482,observed,B,12.0,9
C-S5-BLR,S5,BLR,K01,night,5,208.5,15.8,0.147,3.3,18.53,5.619,observed,B,12.0,9
C-S5-BLR,S5,BLR,K01,night,9,190.7,6.6,0.04,1.25,4.99,3.992,observed,B,12.0,9
C-S5-BLR,S5,BLR,K01,night,13,168.5,3.1,0.014,0.52,1.75,3.359,observed,B,12.0,9
C-S5-BLR,S5,BLR,K01,morning,1,228.9,100.7,1.327,23.05,167.15,7.25,observed,B,12.0,8
C-S5-BLR,S5,BLR,K01,morning,5,215.1,41.3,0.384,8.89,48.37,5.444,observed,B,12.0,8
C-S5-BLR,S5,BLR,K01,morning,9,196.8,17.1,0.103,3.37,13.04,3.868,observed,B,12.0,8
C-S5-BLR,S5,BLR,K01,morning,13,173.9,8.1,0.036,1.4,4.56,3.255,observed,B,12.0,8
C-S5-BLR,S5,BLR,K01,afternoon,1,232.3,121.7,1.603,28.27,201.95,7.143,observed,B,12.0,8
C-S5-BLR,S5,BLR,K01,afternoon,5,218.4,49.9,0.464,10.9,58.45,5.364,observed,B,12.0,8
C-S5-BLR,S5,BLR,K01,afternoon,9,199.8,20.7,0.125,4.13,15.75,3.811,observed,B,12.0,8
C-S5-BLR,S5,BLR,K01,afternoon,13,176.5,9.7,0.044,1.72,5.51,3.207,observed,B,12.0,8
C-S5-BLR,S5,BLR,K01,evening,1,223.1,207.4,2.732,46.28,344.21,7.438,truncated,B,12.0,8
C-S5-BLR,S5,BLR,K01,evening,5,209.7,85.0,0.791,17.83,99.62,5.586,truncated,B,12.0,8
C-S5-BLR,S5,BLR,K01,evening,9,191.8,35.3,0.213,6.77,26.85,3.968,truncated,B,12.0,8
C-S5-BLR,S5,BLR,K01,evening,13,169.5,16.6,0.075,2.81,9.39,3.339,truncated,B,12.0,8
C-S5-BLR,S5,BLR,K03,night,1,319.8,516.7,1.572,165.25,198.13,1.199,observed,A,119.0,3
C-S5-BLR,S5,BLR,K03,night,5,300.6,211.8,0.455,63.69,57.34,0.9,observed,A,119.0,3
C-S5-BLR,S5,BLR,K03,night,9,275.1,87.8,0.123,24.16,15.45,0.64,observed,A,119.0,3
C-S5-BLR,S5,BLR,K03,night,13,243.1,41.3,0.043,10.05,5.41,0.538,observed,A,119.0,3
C-S5-BLR,S5,BLR,K03,morning,1,313.2,1207.7,3.676,378.22,463.14,1.225,observed,A,119.0,3
C-S5-BLR,S5,BLR,K03,morning,5,294.4,495.2,1.064,145.77,134.04,0.92,observed,A,119.0,3
C-S5-BLR,S5,BLR,K03,morning,9,269.3,205.3,0.287,55.3,36.12,0.653,observed,A,119.0,3
C-S5-BLR,S5,BLR,K03,morning,13,238.0,96.6,0.1,23.0,12.64,0.55,observed,A,119.0,3
C-S5-BLR,S5,BLR,K03,afternoon,1,312.8,1357.1,4.13,424.53,520.42,1.226,observed,A,119.0,3
C-S5-BLR,S5,BLR,K03,afternoon,5,294.0,556.4,1.195,163.61,150.62,0.921,observed,A,119.0,3
C-S5-BLR,S5,BLR,K03,afternoon,9,269.0,230.7,0.322,62.07,40.59,0.654,observed,A,119.0,3
C-S5-BLR,S5,BLR,K03,afternoon,13,237.7,108.6,0.113,25.81,14.2,0.55,observed,A,119.0,3
C-S5-BLR,S5,BLR,K03,evening,1,323.6,1060.2,3.227,343.12,406.58,1.185,truncated,A,119.0,3
C-S5-BLR,S5,BLR,K03,evening,5,304.2,434.7,0.934,132.24,117.67,0.89,truncated,A,119.0,3
C-S5-BLR,S5,BLR,K03,evening,9,278.3,180.2,0.252,50.16,31.71,0.632,truncated,A,119.0,3
C-S5-BLR,S5,BLR,K03,evening,13,246.0,84.8,0.088,20.86,11.1,0.532,truncated,A,119.0,3
C-S5-BLR,S5,BLR,K08,night,1,278.3,20.4,0.213,5.68,26.85,4.73,observed,A,31.0,2
C-S5-BLR,S5,BLR,K08,night,5,261.6,8.4,0.062,2.19,7.77,3.552,observed,A,31.0,2
C-S5-BLR,S5,BLR,K08,night,9,239.4,3.5,0.017,0.83,2.09,2.524,observed,A,31.0,2
C-S5-BLR,S5,BLR,K08,night,13,211.5,1.6,0.006,0.35,0.73,2.124,observed,A,31.0,2
C-S5-BLR,S5,BLR,K08,morning,1,270.8,50.8,0.531,13.76,66.88,4.861,observed,A,31.0,2
C-S5-BLR,S5,BLR,K08,morning,5,254.6,20.8,0.154,5.3,19.36,3.65,observed,A,31.0,2
C-S5-BLR,S5,BLR,K08,morning,9,232.9,8.6,0.041,2.01,5.22,2.593,observed,A,31.0,2
C-S5-BLR,S5,BLR,K08,morning,13,205.8,4.1,0.014,0.84,1.83,2.182,observed,A,31.0,2
C-S5-BLR,S5,BLR,K08,afternoon,1,271.2,56.5,0.591,15.33,74.41,4.854,observed,A,31.0,2
C-S5-BLR,S5,BLR,K08,afternoon,5,255.0,23.2,0.171,5.91,21.54,3.645,observed,A,31.0,2
C-S5-BLR,S5,BLR,K08,afternoon,9,233.3,9.6,0.046,2.24,5.8,2.59,observed,A,31.0,2
C-S5-BLR,S5,BLR,K08,afternoon,13,206.1,4.5,0.016,0.93,2.03,2.179,observed,A,31.0,2
C-S5-BLR,S5,BLR,K08,evening,1,283.9,51.9,0.542,14.72,68.28,4.638,truncated,A,31.0,2
C-S5-BLR,S5,BLR,K08,evening,5,266.8,21.3,0.157,5.67,19.76,3.483,truncated,A,31.0,2
C-S5-BLR,S5,BLR,K08,evening,9,244.1,8.8,0.042,2.15,5.33,2.475,truncated,A,31.0,2
C-S5-BLR,S5,BLR,K08,evening,13,215.7,4.1,0.015,0.9,1.86,2.082,truncated,A,31.0,2
C-S5-HYD,S5,HYD,K01,night,1,194.2,76.8,1.175,14.91,148.01,9.926,observed,A,155.0,3
C-S5-HYD,S5,HYD,K01,night,5,182.6,31.5,0.34,5.75,42.84,7.453,observed,A,155.0,3
C-S5-HYD,S5,HYD,K01,night,9,167.0,13.1,0.092,2.18,11.54,5.295,observed,A,155.0,3
C-S5-HYD,S5,HYD,K01,night,13,147.6,6.1,0.032,0.91,4.04,4.456,observed,A,155.0,3
C-S5-HYD,S5,HYD,K01,morning,1,200.1,191.3,2.926,38.28,368.73,9.633,observed,A,155.0,3
C-S5-HYD,S5,HYD,K01,morning,5,188.1,78.4,0.847,14.75,106.71,7.234,observed,A,155.0,3
C-S5-HYD,S5,HYD,K01,morning,9,172.1,32.5,0.228,5.6,28.76,5.14,observed,A,155.0,3
C-S5-HYD,S5,HYD,K01,morning,13,152.1,15.3,0.08,2.33,10.06,4.325,observed,A,155.0,3
C-S5-HYD,S5,HYD,K01,afternoon,1,200.5,238.2,3.645,47.76,459.26,9.617,observed,A,155.0,3
C-S5-HYD,S5,HYD,K01,afternoon,5,188.4,97.7,1.055,18.4,132.92,7.222,observed,A,155.0,3
C-S5-HYD,S5,HYD,K01,afternoon,9,172.4,40.5,0.284,6.98,35.82,5.131,observed,A,155.0,3
C-S5-HYD,S5,HYD,K01,afternoon,13,152.4,19.1,0.099,2.9,12.54,4.317,observed,A,155.0,3
C-S5-HYD,S5,HYD,K01,evening,1,199.9,216.1,3.306,43.19,416.6,9.645,observed,A,155.0,3
C-S5-HYD,S5,HYD,K01,evening,5,187.9,88.6,0.957,16.65,120.57,7.243,observed,A,155.0,3
C-S5-HYD,S5,HYD,K01,evening,9,171.9,36.7,0.258,6.32,32.49,5.146,observed,A,155.0,3
C-S5-HYD,S5,HYD,K01,evening,13,151.9,17.3,0.09,2.63,11.37,4.33,observed,A,155.0,3
C-S5-HYD,S5,HYD,K03,night,1,285.6,286.2,1.143,81.75,144.08,1.762,observed,A,104.0,4
C-S5-HYD,S5,HYD,K03,night,5,268.5,117.3,0.331,31.51,41.7,1.323,observed,A,104.0,4
C-S5-HYD,S5,HYD,K03,night,9,245.6,48.7,0.089,11.95,11.24,0.94,observed,A,104.0,4
C-S5-HYD,S5,HYD,K03,night,13,217.1,22.9,0.031,4.97,3.93,0.791,observed,A,104.0,4
C-S5-HYD,S5,HYD,K03,morning,1,275.5,724.1,2.893,199.47,364.47,1.827,observed,A,104.0,4
C-S5-HYD,S5,HYD,K03,morning,5,259.0,296.9,0.837,76.88,105.48,1.372,observed,A,104.0,4
C-S5-HYD,S5,HYD,K03,morning,9,236.9,123.1,0.226,29.16,28.43,0.975,observed,A,104.0,4
C-S5-HYD,S5,HYD,K03,morning,13,209.4,57.9,0.079,12.13,9.95,0.82,observed,A,104.0,4
C-S5-HYD,S5,HYD,K03,afternoon,1,274.3,843.2,3.369,231.3,424.46,1.835,observed,A,104.0,4
C-S5-HYD,S5,HYD,K03,afternoon,5,257.8,345.7,0.975,89.14,122.84,1.378,observed,A,104.0,4
C-S5-HYD,S5,HYD,K03,afternoon,9,235.9,143.3,0.263,33.82,33.11,0.979,observed,A,104.0,4
C-S5-HYD,S5,HYD,K03,afternoon,13,208.5,67.5,0.092,14.06,11.59,0.824,observed,A,104.0,4
C-S5-HYD,S5,HYD,K03,evening,1,276.3,677.4,2.706,187.16,340.99,1.822,observed,A,104.0,4
C-S5-HYD,S5,HYD,K03,evening,5,259.7,277.7,0.783,72.13,98.69,1.368,observed,A,104.0,4
C-S5-HYD,S5,HYD,K03,evening,9,237.6,115.2,0.211,27.36,26.6,0.972,observed,A,104.0,4
C-S5-HYD,S5,HYD,K03,evening,13,210.0,54.2,0.074,11.38,9.31,0.818,observed,A,104.0,4
C-S5-HYD,S5,HYD,K08,night,1,246.2,10.9,0.102,2.67,12.87,4.815,observed,B,15.0,2
C-S5-HYD,S5,HYD,K08,night,5,231.4,4.5,0.03,1.03,3.73,3.616,observed,B,15.0,2
C-S5-HYD,S5,HYD,K08,night,9,211.7,1.8,0.008,0.39,1.0,2.569,observed,B,15.0,2
C-S5-HYD,S5,HYD,K08,night,13,187.1,0.9,0.003,0.16,0.35,2.161,observed,B,15.0,2
C-S5-HYD,S5,HYD,K08,morning,1,242.5,27.9,0.262,6.76,33.05,4.888,observed,B,15.0,2
C-S5-HYD,S5,HYD,K08,morning,5,228.0,11.4,0.076,2.61,9.57,3.67,observed,B,15.0,2
C-S5-HYD,S5,HYD,K08,morning,9,208.6,4.7,0.02,0.99,2.58,2.608,observed,B,15.0,2
C-S5-HYD,S5,HYD,K08,morning,13,184.3,2.2,0.007,0.41,0.9,2.194,observed,B,15.0,2
C-S5-HYD,S5,HYD,K08,afternoon,1,242.3,33.7,0.317,8.17,39.99,4.892,observed,B,15.0,2
C-S5-HYD,S5,HYD,K08,afternoon,5,227.8,13.8,0.092,3.15,11.57,3.674,observed,B,15.0,2
C-S5-HYD,S5,HYD,K08,afternoon,9,208.4,5.7,0.025,1.2,3.12,2.61,observed,B,15.0,2
C-S5-HYD,S5,HYD,K08,afternoon,13,184.1,2.7,0.009,0.5,1.09,2.196,observed,B,15.0,2
C-S5-HYD,S5,HYD,K08,evening,1,240.2,30.2,0.284,7.25,35.8,4.935,observed,B,15.0,2
C-S5-HYD,S5,HYD,K08,evening,5,225.8,12.4,0.082,2.8,10.36,3.706,observed,B,15.0,2
C-S5-HYD,S5,HYD,K08,evening,9,206.6,5.1,0.022,1.06,2.79,2.633,observed,B,15.0,2
C-S5-HYD,S5,HYD,K08,evening,13,182.5,2.4,0.008,0.44,0.98,2.215,observed,B,15.0,2
C-S5-PUN,S5,PUN,K01,night,1,182.7,14.5,0.227,2.66,28.54,10.749,observed,B,12.0,8
C-S5-PUN,S5,PUN,K01,night,5,171.8,6.0,0.066,1.02,8.26,8.072,observed,B,12.0,8
C-S5-PUN,S5,PUN,K01,night,9,157.1,2.5,0.018,0.39,2.23,5.735,observed,B,12.0,8
C-S5-PUN,S5,PUN,K01,night,13,138.9,1.2,0.006,0.16,0.78,4.825,observed,B,12.0,8
C-S5-PUN,S5,PUN,K01,morning,1,188.1,54.8,0.854,10.31,107.6,10.44,observed,B,12.0,8
C-S5-PUN,S5,PUN,K01,morning,5,176.8,22.5,0.247,3.97,31.14,7.84,observed,B,12.0,8
C-S5-PUN,S5,PUN,K01,morning,9,161.8,9.3,0.067,1.51,8.39,5.57,observed,B,12.0,8
C-S5-PUN,S5,PUN,K01,morning,13,143.0,4.4,0.023,0.63,2.94,4.687,observed,B,12.0,8
C-S5-PUN,S5,PUN,K01,afternoon,1,190.4,67.6,1.054,12.88,132.82,10.315,observed,B,12.0,7
C-S5-PUN,S5,PUN,K01,afternoon,5,179.0,27.7,0.305,4.96,38.44,7.746,observed,B,12.0,7
C-S5-PUN,S5,PUN,K01,afternoon,9,163.7,11.5,0.082,1.88,10.36,5.503,observed,B,12.0,7
C-S5-PUN,S5,PUN,K01,afternoon,13,144.7,5.4,0.029,0.78,3.63,4.631,observed,B,12.0,7
C-S5-PUN,S5,PUN,K01,evening,1,186.6,52.7,0.822,9.84,103.56,10.523,observed,B,12.0,8
C-S5-PUN,S5,PUN,K01,evening,5,175.4,21.6,0.238,3.79,29.97,7.902,observed,B,12.0,8
C-S5-PUN,S5,PUN,K01,evening,9,160.5,9.0,0.064,1.44,8.08,5.614,observed,B,12.0,8
C-S5-PUN,S5,PUN,K01,evening,13,141.8,4.2,0.022,0.6,2.83,4.724,observed,B,12.0,8
C-S5-PUN,S5,PUN,K03,night,1,292.7,167.3,0.558,48.96,70.35,1.437,observed,A,37.0,5
C-S5-PUN,S5,PUN,K03,night,5,275.2,68.6,0.162,18.87,20.36,1.079,observed,A,37.0,5
C-S5-PUN,S5,PUN,K03,night,9,251.8,28.4,0.044,7.16,5.49,0.767,observed,A,37.0,5
C-S5-PUN,S5,PUN,K03,night,13,222.5,13.4,0.015,2.98,1.92,0.645,observed,A,37.0,5
C-S5-PUN,S5,PUN,K03,morning,1,284.8,431.9,1.442,123.03,181.69,1.477,observed,A,37.0,5
C-S5-PUN,S5,PUN,K03,morning,5,267.7,177.1,0.417,47.42,52.58,1.109,observed,A,37.0,5
C-S5-PUN,S5,PUN,K03,morning,9,245.0,73.4,0.112,17.99,14.17,0.788,observed,A,37.0,5
C-S5-PUN,S5,PUN,K03,morning,13,216.5,34.6,0.039,7.48,4.96,0.663,observed,A,37.0,5
C-S5-PUN,S5,PUN,K03,afternoon,1,284.0,530.5,1.771,150.69,223.15,1.481,observed,A,37.0,5
C-S5-PUN,S5,PUN,K03,afternoon,5,267.0,217.5,0.513,58.08,64.58,1.112,observed,A,37.0,5
C-S5-PUN,S5,PUN,K03,afternoon,9,244.3,90.2,0.138,22.03,17.41,0.79,observed,A,37.0,5
C-S5-PUN,S5,PUN,K03,afternoon,13,215.9,42.4,0.048,9.16,6.09,0.665,observed,A,37.0,5
C-S5-PUN,S5,PUN,K03,evening,1,283.5,426.9,1.425,121.02,179.58,1.484,observed,A,37.0,5
C-S5-PUN,S5,PUN,K03,evening,5,266.5,175.0,0.412,46.64,51.97,1.114,observed,A,37.0,5
C-S5-PUN,S5,PUN,K03,evening,9,243.8,72.6,0.111,17.69,14.01,0.792,observed,A,37.0,5
C-S5-PUN,S5,PUN,K03,evening,13,215.4,34.2,0.039,7.36,4.9,0.666,observed,A,37.0,5
C-S5-PUN,S5,PUN,K08,night,1,237.8,3.8,0.044,0.9,5.56,6.185,observed,B,12.0,1
C-S5-PUN,S5,PUN,K08,night,5,223.5,1.6,0.013,0.35,1.61,4.644,observed,B,12.0,1
C-S5-PUN,S5,PUN,K08,night,9,204.5,0.6,0.003,0.13,0.43,3.3,observed,B,12.0,1
C-S5-PUN,S5,PUN,K08,night,13,180.7,0.3,0.001,0.05,0.15,2.776,observed,B,12.0,1
C-S5-PUN,S5,PUN,K08,morning,1,237.7,12.3,0.144,2.93,18.1,6.186,observed,B,12.0,2
C-S5-PUN,S5,PUN,K08,morning,5,223.4,5.0,0.042,1.13,5.24,4.645,observed,B,12.0,2
C-S5-PUN,S5,PUN,K08,morning,9,204.4,2.1,0.011,0.43,1.41,3.3,observed,B,12.0,2
C-S5-PUN,S5,PUN,K08,morning,13,180.7,1.0,0.004,0.18,0.49,2.777,observed,B,12.0,2
C-S5-PUN,S5,PUN,K08,afternoon,1,238.3,15.5,0.181,3.7,22.84,6.171,observed,B,12.0,2
C-S5-PUN,S5,PUN,K08,afternoon,5,224.0,6.4,0.052,1.43,6.61,4.634,observed,B,12.0,2
C-S5-PUN,S5,PUN,K08,afternoon,9,204.9,2.6,0.014,0.54,1.78,3.292,observed,B,12.0,2
C-S5-PUN,S5,PUN,K08,afternoon,13,181.1,1.2,0.005,0.22,0.62,2.77,observed,B,12.0,2
C-S5-PUN,S5,PUN,K08,evening,1,236.3,12.0,0.14,2.83,17.58,6.222,observed,B,12.0,2
C-S5-PUN,S5,PUN,K08,evening,5,222.2,4.9,0.04,1.09,5.09,4.672,observed,B,12.0,2
C-S5-PUN,S5,PUN,K08,evening,9,203.3,2.0,0.011,0.41,1.37,3.319,observed,B,12.0,2
C-S5-PUN,S5,PUN,K08,evening,13,179.6,1.0,0.004,0.17,0.48,2.793,observed,B,12.0,2
