campaign_id,sku_id,city_id,keyword_id,daypart,slot,cpm_inr,impressions_day,orders_day,spend_day,revenue_day,droas,reach_source,tier,orders_28d,current_slot
C-S1-DEL,S1,DEL,K01,night,1,213.8,146.9,2.987,31.41,513.74,16.357,observed,A,118.0,6
C-S1-DEL,S1,DEL,K01,night,5,201.0,60.2,0.864,12.1,148.68,12.283,observed,A,118.0,6
C-S1-DEL,S1,DEL,K01,night,9,183.9,25.0,0.233,4.59,40.07,8.727,observed,A,118.0,6
C-S1-DEL,S1,DEL,K01,night,13,162.5,11.8,0.082,1.91,14.02,7.343,observed,A,118.0,6
C-S1-DEL,S1,DEL,K01,morning,1,219.9,336.2,6.836,73.93,1175.82,15.904,observed,A,118.0,6
C-S1-DEL,S1,DEL,K01,morning,5,206.7,137.8,1.978,28.49,340.3,11.943,observed,A,118.0,6
C-S1-DEL,S1,DEL,K01,morning,9,189.1,57.1,0.533,10.81,91.71,8.485,observed,A,118.0,6
C-S1-DEL,S1,DEL,K01,morning,13,167.1,26.9,0.187,4.5,32.09,7.139,observed,A,118.0,6
C-S1-DEL,S1,DEL,K01,afternoon,1,221.8,442.9,9.007,98.26,1549.28,15.768,observed,A,118.0,6
C-S1-DEL,S1,DEL,K01,afternoon,5,208.5,181.6,2.607,37.87,448.38,11.84,observed,A,118.0,6
C-S1-DEL,S1,DEL,K01,afternoon,9,190.8,75.3,0.703,14.37,120.84,8.412,observed,A,118.0,6
C-S1-DEL,S1,DEL,K01,afternoon,13,168.6,35.4,0.246,5.97,42.29,7.078,observed,A,118.0,6
C-S1-DEL,S1,DEL,K01,evening,1,213.9,425.6,8.656,91.04,1488.75,16.352,observed,A,118.0,5
C-S1-DEL,S1,DEL,K01,evening,5,201.1,174.5,2.505,35.09,430.86,12.279,observed,A,118.0,5
C-S1-DEL,S1,DEL,K01,evening,9,183.9,72.4,0.675,13.31,116.12,8.724,observed,A,118.0,5
C-S1-DEL,S1,DEL,K01,evening,13,162.6,34.1,0.236,5.54,40.63,7.341,observed,A,118.0,5
C-S1-DEL,S1,DEL,K02,night,1,214.8,45.7,1.309,9.82,225.08,22.931,observed,A,118.0,3
C-S1-DEL,S1,DEL,K02,night,5,201.9,18.7,0.379,3.78,65.14,17.22,observed,A,118.0,3
C-S1-DEL,S1,DEL,K02,night,9,184.7,7.8,0.102,1.43,17.56,12.234,observed,A,118.0,3
C-S1-DEL,S1,DEL,K02,night,13,163.2,3.7,0.036,0.6,6.14,10.294,observed,A,118.0,3
C-S1-DEL,S1,DEL,K02,morning,1,209.4,107.6,3.08,22.53,529.84,23.522,observed,A,118.0,3
C-S1-DEL,S1,DEL,K02,morning,5,196.8,44.1,0.892,8.68,153.34,17.663,observed,A,118.0,3
C-S1-DEL,S1,DEL,K02,morning,9,180.1,18.3,0.24,3.29,41.33,12.549,observed,A,118.0,3
C-S1-DEL,S1,DEL,K02,morning,13,159.1,8.6,0.084,1.37,14.46,10.559,observed,A,118.0,3
C-S1-DEL,S1,DEL,K02,afternoon,1,209.2,133.2,3.814,27.87,655.95,23.538,observed,A,118.0,3
C-S1-DEL,S1,DEL,K02,afternoon,5,196.7,54.6,1.104,10.74,189.84,17.675,observed,A,118.0,3
C-S1-DEL,S1,DEL,K02,afternoon,9,179.9,22.6,0.297,4.07,51.16,12.558,observed,A,118.0,3
C-S1-DEL,S1,DEL,K02,afternoon,13,159.0,10.7,0.104,1.69,17.9,10.566,observed,A,118.0,3
C-S1-DEL,S1,DEL,K02,evening,1,212.2,129.0,3.694,27.38,635.39,23.206,observed,A,118.0,3
C-S1-DEL,S1,DEL,K02,evening,5,199.5,52.9,1.069,10.55,183.89,17.426,observed,A,118.0,3
C-S1-DEL,S1,DEL,K02,evening,9,182.5,21.9,0.288,4.0,49.56,12.381,observed,A,118.0,3
C-S1-DEL,S1,DEL,K02,evening,13,161.3,10.3,0.101,1.66,17.34,10.417,observed,A,118.0,3
C-S1-DEL,S1,DEL,K03,night,1,282.6,858.5,4.728,242.66,813.23,3.351,observed,A,462.0,2
C-S1-DEL,S1,DEL,K03,night,5,265.7,352.0,1.368,93.52,235.36,2.517,observed,A,462.0,2
C-S1-DEL,S1,DEL,K03,night,9,243.1,146.0,0.369,35.48,63.43,1.788,observed,A,462.0,2
C-S1-DEL,S1,DEL,K03,night,13,214.8,68.7,0.129,14.75,22.2,1.504,observed,A,462.0,2
C-S1-DEL,S1,DEL,K03,morning,1,276.4,1983.2,10.922,548.21,1878.57,3.427,observed,A,462.0,2
C-S1-DEL,S1,DEL,K03,morning,5,259.8,813.1,3.161,211.28,543.68,2.573,observed,A,462.0,2
C-S1-DEL,S1,DEL,K03,morning,9,237.7,337.2,0.852,80.15,146.53,1.828,observed,A,462.0,2
C-S1-DEL,S1,DEL,K03,morning,13,210.1,158.7,0.298,33.33,51.27,1.538,observed,A,462.0,2
C-S1-DEL,S1,DEL,K03,afternoon,1,278.7,2426.6,13.363,676.38,2298.49,3.398,observed,A,462.0,3
C-S1-DEL,S1,DEL,K03,afternoon,5,262.0,994.9,3.867,260.68,665.21,2.552,observed,A,462.0,3
C-S1-DEL,S1,DEL,K03,afternoon,9,239.7,412.5,1.042,98.89,179.28,1.813,observed,A,462.0,3
C-S1-DEL,S1,DEL,K03,afternoon,13,211.8,194.1,0.365,41.12,62.74,1.526,observed,A,462.0,3
C-S1-DEL,S1,DEL,K03,evening,1,277.9,2215.6,12.202,615.82,2098.67,3.408,observed,A,462.0,2
C-S1-DEL,S1,DEL,K03,evening,5,261.3,908.4,3.531,237.34,607.38,2.559,observed,A,462.0,2
C-S1-DEL,S1,DEL,K03,evening,9,239.0,376.7,0.952,90.03,163.7,1.818,observed,A,462.0,2
C-S1-DEL,S1,DEL,K03,evening,13,211.2,177.2,0.333,37.44,57.28,1.53,observed,A,462.0,2
C-S1-DEL,S1,DEL,K04,night,1,273.9,224.1,1.375,61.38,236.53,3.854,observed,A,169.0,2
C-S1-DEL,S1,DEL,K04,night,5,257.4,91.9,0.398,23.66,68.46,2.894,observed,A,169.0,2
C-S1-DEL,S1,DEL,K04,night,9,235.5,38.1,0.107,8.97,18.45,2.056,observed,A,169.0,2
C-S1-DEL,S1,DEL,K04,night,13,208.1,17.9,0.038,3.73,6.46,1.73,observed,A,169.0,2
C-S1-DEL,S1,DEL,K04,morning,1,264.7,520.9,3.196,137.89,549.75,3.987,observed,A,169.0,2
C-S1-DEL,S1,DEL,K04,morning,5,248.8,213.6,0.925,53.14,159.1,2.994,observed,A,169.0,2
C-S1-DEL,S1,DEL,K04,morning,9,227.6,88.6,0.249,20.16,42.88,2.127,observed,A,169.0,2
C-S1-DEL,S1,DEL,K04,morning,13,201.2,41.7,0.087,8.38,15.0,1.79,observed,A,169.0,2
C-S1-DEL,S1,DEL,K04,afternoon,1,268.0,622.8,3.822,166.92,657.31,3.938,observed,A,169.0,2
C-S1-DEL,S1,DEL,K04,afternoon,5,251.9,255.4,1.106,64.33,190.23,2.957,observed,A,169.0,2
C-S1-DEL,S1,DEL,K04,afternoon,9,230.5,105.9,0.298,24.4,51.27,2.101,observed,A,169.0,2
C-S1-DEL,S1,DEL,K04,afternoon,13,203.7,49.8,0.104,10.15,17.94,1.768,observed,A,169.0,2
C-S1-DEL,S1,DEL,K04,evening,1,273.7,561.3,3.444,153.63,592.34,3.856,observed,A,169.0,2
C-S1-DEL,S1,DEL,K04,evening,5,257.3,230.1,0.997,59.21,171.43,2.895,observed,A,169.0,2
C-S1-DEL,S1,DEL,K04,evening,9,235.4,95.4,0.269,22.46,46.2,2.057,observed,A,169.0,2
C-S1-DEL,S1,DEL,K04,evening,13,208.0,44.9,0.094,9.34,16.17,1.731,observed,A,169.0,2
C-S1-DEL,S1,DEL,K07,night,1,268.9,85.3,0.654,22.93,112.56,4.909,observed,A,75.0,2
C-S1-DEL,S1,DEL,K07,night,5,252.7,35.0,0.189,8.84,32.58,3.686,observed,A,75.0,2
C-S1-DEL,S1,DEL,K07,night,9,231.2,14.5,0.051,3.35,8.78,2.619,observed,A,75.0,2
C-S1-DEL,S1,DEL,K07,night,13,204.3,6.8,0.018,1.39,3.07,2.204,observed,A,75.0,2
C-S1-DEL,S1,DEL,K07,morning,1,262.1,211.2,1.621,55.37,278.77,5.035,observed,A,75.0,2
C-S1-DEL,S1,DEL,K07,morning,5,246.4,86.6,0.469,21.34,80.68,3.781,observed,A,75.0,2
C-S1-DEL,S1,DEL,K07,morning,9,225.4,35.9,0.126,8.1,21.74,2.686,observed,A,75.0,2
C-S1-DEL,S1,DEL,K07,morning,13,199.2,16.9,0.044,3.37,7.61,2.26,observed,A,75.0,2
C-S1-DEL,S1,DEL,K07,afternoon,1,258.7,264.8,2.032,68.49,349.42,5.101,observed,A,75.0,2
C-S1-DEL,S1,DEL,K07,afternoon,5,243.2,108.6,0.588,26.4,101.13,3.831,observed,A,75.0,2
C-S1-DEL,S1,DEL,K07,afternoon,9,222.5,45.0,0.158,10.01,27.26,2.722,observed,A,75.0,2
C-S1-DEL,S1,DEL,K07,afternoon,13,196.6,21.2,0.055,4.16,9.54,2.29,observed,A,75.0,2
C-S1-DEL,S1,DEL,K07,evening,1,266.7,225.7,1.732,60.19,297.83,4.949,observed,A,75.0,2
C-S1-DEL,S1,DEL,K07,evening,5,250.7,92.5,0.501,23.2,86.2,3.716,observed,A,75.0,2
C-S1-DEL,S1,DEL,K07,evening,9,229.4,38.4,0.135,8.8,23.23,2.64,observed,A,75.0,2
C-S1-DEL,S1,DEL,K07,evening,13,202.7,18.1,0.047,3.66,8.13,2.221,observed,A,75.0,2
C-S1-DEL,S1,DEL,K09,night,1,419.1,157.8,0.305,66.13,52.45,0.793,observed,A,35.0,3
C-S1-DEL,S1,DEL,K09,night,5,394.0,64.7,0.088,25.49,15.18,0.596,observed,A,35.0,3
C-S1-DEL,S1,DEL,K09,night,9,360.4,26.8,0.024,9.67,4.09,0.423,observed,A,35.0,3
C-S1-DEL,S1,DEL,K09,night,13,318.5,12.6,0.008,4.02,1.43,0.356,observed,A,35.0,3
C-S1-DEL,S1,DEL,K09,morning,1,403.5,366.7,0.709,147.95,121.87,0.824,observed,A,35.0,3
C-S1-DEL,S1,DEL,K09,morning,5,379.3,150.3,0.205,57.02,35.27,0.619,observed,A,35.0,3
C-S1-DEL,S1,DEL,K09,morning,9,347.0,62.3,0.055,21.63,9.51,0.439,observed,A,35.0,3
C-S1-DEL,S1,DEL,K09,morning,13,306.7,29.3,0.019,9.0,3.33,0.37,observed,A,35.0,3
C-S1-DEL,S1,DEL,K09,afternoon,1,402.9,469.2,0.907,189.01,155.94,0.825,observed,A,35.0,3
C-S1-DEL,S1,DEL,K09,afternoon,5,378.7,192.4,0.262,72.84,45.13,0.62,observed,A,35.0,3
C-S1-DEL,S1,DEL,K09,afternoon,9,346.5,79.8,0.071,27.63,12.16,0.44,observed,A,35.0,3
C-S1-DEL,S1,DEL,K09,afternoon,13,306.2,37.5,0.025,11.49,4.26,0.37,observed,A,35.0,3
C-S1-DEL,S1,DEL,K09,evening,1,409.3,407.6,0.788,166.8,135.47,0.812,observed,A,35.0,2
C-S1-DEL,S1,DEL,K09,evening,5,384.7,167.1,0.228,64.28,39.21,0.61,observed,A,35.0,2
C-S1-DEL,S1,DEL,K09,evening,9,352.0,69.3,0.061,24.39,10.57,0.433,observed,A,35.0,2
C-S1-DEL,S1,DEL,K09,evening,13,311.0,32.6,0.021,10.14,3.7,0.365,observed,A,35.0,2
C-S1-MUM,S1,MUM,K01,night,1,214.2,133.9,2.465,28.68,423.91,14.779,observed,A,308.0,2
C-S1-MUM,S1,MUM,K01,night,5,201.3,54.9,0.713,11.05,122.68,11.098,observed,A,308.0,2
C-S1-MUM,S1,MUM,K01,night,9,184.2,22.8,0.192,4.19,33.06,7.885,observed,A,308.0,2
C-S1-MUM,S1,MUM,K01,night,13,162.8,10.7,0.067,1.74,11.57,6.635,observed,A,308.0,2
C-S1-MUM,S1,MUM,K01,morning,1,212.2,268.2,4.935,56.91,848.83,14.915,observed,A,308.0,2
C-S1-MUM,S1,MUM,K01,morning,5,199.5,110.0,1.428,21.93,245.66,11.2,observed,A,308.0,2
C-S1-MUM,S1,MUM,K01,morning,9,182.5,45.6,0.385,8.32,66.21,7.957,observed,A,308.0,2
C-S1-MUM,S1,MUM,K01,morning,13,161.3,21.5,0.135,3.46,23.17,6.696,observed,A,308.0,2
C-S1-MUM,S1,MUM,K01,afternoon,1,212.1,329.5,6.063,69.88,1042.83,14.924,observed,A,308.0,2
C-S1-MUM,S1,MUM,K01,afternoon,5,199.4,135.1,1.755,26.93,301.81,11.207,observed,A,308.0,2
C-S1-MUM,S1,MUM,K01,afternoon,9,182.4,56.0,0.473,10.22,81.34,7.962,observed,A,308.0,2
C-S1-MUM,S1,MUM,K01,afternoon,13,161.2,26.4,0.165,4.25,28.46,6.699,observed,A,308.0,2
C-S1-MUM,S1,MUM,K01,evening,1,210.7,340.8,6.271,71.8,1078.59,15.022,observed,A,308.0,2
C-S1-MUM,S1,MUM,K01,evening,5,198.1,139.7,1.815,27.67,312.16,11.28,observed,A,308.0,2
C-S1-MUM,S1,MUM,K01,evening,9,181.2,57.9,0.489,10.5,84.13,8.014,observed,A,308.0,2
C-S1-MUM,S1,MUM,K01,evening,13,160.1,27.3,0.171,4.37,29.44,6.743,observed,A,308.0,2
C-S1-MUM,S1,MUM,K02,night,1,238.0,42.4,1.342,10.1,230.9,22.867,observed,A,197.0,2
C-S1-MUM,S1,MUM,K02,night,5,223.7,17.4,0.389,3.89,66.82,17.172,observed,A,197.0,2
C-S1-MUM,S1,MUM,K02,night,9,204.7,7.2,0.105,1.48,18.01,12.2,observed,A,197.0,2
C-S1-MUM,S1,MUM,K02,night,13,180.9,3.4,0.037,0.61,6.3,10.265,observed,A,197.0,2
C-S1-MUM,S1,MUM,K02,morning,1,235.9,97.3,3.079,22.95,529.6,23.072,observed,A,197.0,2
C-S1-MUM,S1,MUM,K02,morning,5,221.7,39.9,0.891,8.85,153.27,17.326,observed,A,197.0,2
C-S1-MUM,S1,MUM,K02,morning,9,202.8,16.5,0.24,3.36,41.31,12.31,observed,A,197.0,2
C-S1-MUM,S1,MUM,K02,morning,13,179.3,7.8,0.084,1.4,14.45,10.358,observed,A,197.0,2
C-S1-MUM,S1,MUM,K02,afternoon,1,236.4,120.0,3.796,28.36,652.93,23.024,observed,A,197.0,2
C-S1-MUM,S1,MUM,K02,afternoon,5,222.2,49.2,1.099,10.93,188.97,17.29,observed,A,197.0,2
C-S1-MUM,S1,MUM,K02,afternoon,9,203.3,20.4,0.296,4.15,50.93,12.284,observed,A,197.0,2
C-S1-MUM,S1,MUM,K02,afternoon,13,179.6,9.6,0.104,1.72,17.82,10.336,observed,A,197.0,2
C-S1-MUM,S1,MUM,K02,evening,1,231.2,133.0,4.209,30.75,723.96,23.542,observed,A,197.0,2
C-S1-MUM,S1,MUM,K02,evening,5,217.3,54.5,1.218,11.85,209.52,17.679,observed,A,197.0,2
C-S1-MUM,S1,MUM,K02,evening,9,198.8,22.6,0.328,4.5,56.47,12.56,observed,A,197.0,2
C-S1-MUM,S1,MUM,K02,evening,13,175.7,10.6,0.115,1.87,19.76,10.568,observed,A,197.0,2
C-S1-MUM,S1,MUM,K03,night,1,335.8,488.8,2.611,164.14,449.04,2.736,observed,A,201.0,3
C-S1-MUM,S1,MUM,K03,night,5,315.6,200.4,0.756,63.26,129.96,2.054,observed,A,201.0,3
C-S1-MUM,S1,MUM,K03,night,9,288.8,83.1,0.204,24.0,35.03,1.46,observed,A,201.0,3
C-S1-MUM,S1,MUM,K03,night,13,255.2,39.1,0.071,9.98,12.26,1.228,observed,A,201.0,3
C-S1-MUM,S1,MUM,K03,morning,1,330.5,869.6,4.644,287.36,798.85,2.78,observed,A,201.0,3
C-S1-MUM,S1,MUM,K03,morning,5,310.6,356.5,1.344,110.75,231.2,2.088,observed,A,201.0,3
C-S1-MUM,S1,MUM,K03,morning,9,284.2,147.8,0.362,42.01,62.31,1.483,observed,A,201.0,3
C-S1-MUM,S1,MUM,K03,morning,13,251.1,69.6,0.127,17.47,21.8,1.248,observed,A,201.0,3
C-S1-MUM,S1,MUM,K03,afternoon,1,326.1,1195.5,6.385,389.83,1098.24,2.817,observed,A,201.0,3
C-S1-MUM,S1,MUM,K03,afternoon,5,306.5,490.2,1.848,150.24,317.84,2.116,observed,A,201.0,3
C-S1-MUM,S1,MUM,K03,afternoon,9,280.4,203.2,0.498,56.99,85.66,1.503,observed,A,201.0,3
C-S1-MUM,S1,MUM,K03,afternoon,13,247.8,95.6,0.174,23.7,29.98,1.265,observed,A,201.0,3
C-S1-MUM,S1,MUM,K03,evening,1,326.7,1186.6,6.338,387.63,1090.06,2.812,observed,A,201.0,3
C-S1-MUM,S1,MUM,K03,evening,5,307.1,486.5,1.834,149.39,315.48,2.112,observed,A,201.0,3
C-S1-MUM,S1,MUM,K03,evening,9,280.9,201.7,0.494,56.67,85.02,1.5,observed,A,201.0,3
C-S1-MUM,S1,MUM,K03,evening,13,248.3,94.9,0.173,23.57,29.75,1.262,observed,A,201.0,3
C-S1-MUM,S1,MUM,K04,night,1,340.3,163.3,1.113,55.57,191.41,3.444,observed,A,103.0,3
C-S1-MUM,S1,MUM,K04,night,5,319.9,66.9,0.322,21.42,55.4,2.586,observed,A,103.0,3
C-S1-MUM,S1,MUM,K04,night,9,292.7,27.8,0.087,8.12,14.93,1.838,observed,A,103.0,3
C-S1-MUM,S1,MUM,K04,night,13,258.7,13.1,0.03,3.38,5.22,1.546,observed,A,103.0,3
C-S1-MUM,S1,MUM,K04,morning,1,336.4,318.0,2.167,106.96,372.71,3.485,observed,A,103.0,3
C-S1-MUM,S1,MUM,K04,morning,5,316.2,130.4,0.627,41.22,107.87,2.617,observed,A,103.0,3
C-S1-MUM,S1,MUM,K04,morning,9,289.3,54.1,0.169,15.64,29.07,1.859,observed,A,103.0,3
C-S1-MUM,S1,MUM,K04,morning,13,255.7,25.4,0.059,6.5,10.17,1.564,observed,A,103.0,3
C-S1-MUM,S1,MUM,K04,afternoon,1,335.5,388.5,2.647,130.33,455.37,3.494,observed,A,103.0,3
C-S1-MUM,S1,MUM,K04,afternoon,5,315.4,159.3,0.766,50.23,131.79,2.624,observed,A,103.0,3
C-S1-MUM,S1,MUM,K04,afternoon,9,288.5,66.0,0.207,19.05,35.52,1.864,observed,A,103.0,3
C-S1-MUM,S1,MUM,K04,afternoon,13,255.0,31.1,0.072,7.92,12.43,1.569,observed,A,103.0,3
C-S1-MUM,S1,MUM,K04,evening,1,332.3,425.6,2.9,141.43,498.85,3.527,observed,A,103.0,3
C-S1-MUM,S1,MUM,K04,evening,5,312.4,174.5,0.839,54.51,144.37,2.649,observed,A,103.0,3
C-S1-MUM,S1,MUM,K04,evening,9,285.8,72.3,0.226,20.68,38.91,1.882,observed,A,103.0,3
C-S1-MUM,S1,MUM,K04,evening,13,252.6,34.0,0.079,8.6,13.62,1.583,observed,A,103.0,3
C-S1-MUM,S1,MUM,K07,night,1,306.2,47.0,0.424,14.4,72.9,5.061,observed,A,51.0,2
C-S1-MUM,S1,MUM,K07,night,5,287.8,19.3,0.123,5.55,21.1,3.8,observed,A,51.0,2
C-S1-MUM,S1,MUM,K07,night,9,263.3,8.0,0.033,2.11,5.69,2.7,observed,A,51.0,2
C-S1-MUM,S1,MUM,K07,night,13,232.7,3.8,0.012,0.88,1.99,2.272,observed,A,51.0,2
C-S1-MUM,S1,MUM,K07,morning,1,298.0,99.9,0.9,29.78,154.87,5.2,observed,A,51.0,2
C-S1-MUM,S1,MUM,K07,morning,5,280.1,41.0,0.261,11.48,44.82,3.905,observed,A,51.0,2
C-S1-MUM,S1,MUM,K07,morning,9,256.3,17.0,0.07,4.35,12.08,2.774,observed,A,51.0,2
C-S1-MUM,S1,MUM,K07,morning,13,226.5,8.0,0.025,1.81,4.23,2.334,observed,A,51.0,2
C-S1-MUM,S1,MUM,K07,afternoon,1,295.6,126.8,1.142,37.48,196.47,5.242,observed,A,51.0,2
C-S1-MUM,S1,MUM,K07,afternoon,5,277.9,52.0,0.331,14.44,56.86,3.937,observed,A,51.0,2
C-S1-MUM,S1,MUM,K07,afternoon,9,254.2,21.6,0.089,5.48,15.32,2.797,observed,A,51.0,2
C-S1-MUM,S1,MUM,K07,afternoon,13,224.7,10.1,0.031,2.28,5.36,2.353,observed,A,51.0,2
C-S1-MUM,S1,MUM,K07,evening,1,291.1,126.5,1.14,36.81,196.0,5.324,observed,A,51.0,2
C-S1-MUM,S1,MUM,K07,evening,5,273.6,51.9,0.33,14.19,56.72,3.998,observed,A,51.0,2
C-S1-MUM,S1,MUM,K07,evening,9,250.3,21.5,0.089,5.38,15.29,2.841,observed,A,51.0,2
C-S1-MUM,S1,MUM,K07,evening,13,221.2,10.1,0.031,2.24,5.35,2.39,observed,A,51.0,2
C-S1-MUM,S1,MUM,K09,night,1,498.9,215.2,0.415,107.39,71.33,0.664,observed,A,47.0,3
C-S1-MUM,S1,MUM,K09,night,5,469.0,88.2,0.12,41.39,20.64,0.499,observed,A,47.0,3
C-S1-MUM,S1,MUM,K09,night,9,429.1,36.6,0.032,15.7,5.56,0.354,observed,A,47.0,3
C-S1-MUM,S1,MUM,K09,night,13,379.2,17.2,0.011,6.53,1.95,0.298,observed,A,47.0,3
C-S1-MUM,S1,MUM,K09,morning,1,497.6,444.5,0.857,221.22,147.33,0.666,observed,A,47.0,3
C-S1-MUM,S1,MUM,K09,morning,5,467.8,182.3,0.248,85.26,42.64,0.5,observed,A,47.0,3
C-S1-MUM,S1,MUM,K09,morning,9,428.0,75.6,0.067,32.34,11.49,0.355,observed,A,47.0,3
C-S1-MUM,S1,MUM,K09,morning,13,378.2,35.6,0.023,13.45,4.02,0.299,observed,A,47.0,3
C-S1-MUM,S1,MUM,K09,afternoon,1,497.4,544.2,1.049,270.7,180.37,0.666,observed,A,47.0,3
C-S1-MUM,S1,MUM,K09,afternoon,5,467.5,223.1,0.303,104.33,52.2,0.5,observed,A,47.0,3
C-S1-MUM,S1,MUM,K09,afternoon,9,427.8,92.5,0.082,39.58,14.07,0.355,observed,A,47.0,3
C-S1-MUM,S1,MUM,K09,afternoon,13,378.0,43.5,0.029,16.46,4.92,0.299,observed,A,47.0,3
C-S1-MUM,S1,MUM,K09,evening,1,494.3,563.5,1.086,278.56,186.76,0.67,observed,A,47.0,3
C-S1-MUM,S1,MUM,K09,evening,5,464.6,231.0,0.314,107.36,54.05,0.503,observed,A,47.0,3
C-S1-MUM,S1,MUM,K09,evening,9,425.1,95.8,0.085,40.72,14.57,0.358,observed,A,47.0,3
C-S1-MUM,S1,MUM,K09,evening,13,375.7,45.1,0.03,16.94,5.1,0.301,observed,A,47.0,3
C-S1-BLR,S1,BLR,K01,night,1,217.3,76.9,1.434,16.71,246.62,14.761,observed,A,128.0,4
C-S1-BLR,S1,BLR,K01,night,5,204.3,31.5,0.415,6.44,71.38,11.085,observed,A,128.0,4
C-S1-BLR,S1,BLR,K01,night,9,186.9,13.1,0.112,2.44,19.24,7.875,observed,A,128.0,4
C-S1-BLR,S1,BLR,K01,night,13,165.1,6.2,0.039,1.02,6.73,6.627,observed,A,128.0,4
C-S1-BLR,S1,BLR,K01,morning,1,218.2,184.8,3.445,40.31,592.59,14.7,observed,A,128.0,4
C-S1-BLR,S1,BLR,K01,morning,5,205.1,75.7,0.997,15.54,171.5,11.039,observed,A,128.0,4
C-S1-BLR,S1,BLR,K01,morning,9,187.6,31.4,0.269,5.89,46.22,7.843,observed,A,128.0,4
C-S1-BLR,S1,BLR,K01,morning,13,165.8,14.8,0.094,2.45,16.17,6.599,observed,A,128.0,4
C-S1-BLR,S1,BLR,K01,afternoon,1,219.1,244.8,4.565,53.64,785.18,14.638,observed,A,128.0,4
C-S1-BLR,S1,BLR,K01,afternoon,5,206.0,100.4,1.321,20.67,227.24,10.993,observed,A,128.0,4
C-S1-BLR,S1,BLR,K01,afternoon,9,188.4,41.6,0.356,7.84,61.24,7.81,observed,A,128.0,4
C-S1-BLR,S1,BLR,K01,afternoon,13,166.5,19.6,0.125,3.26,21.43,6.571,observed,A,128.0,4
C-S1-BLR,S1,BLR,K01,evening,1,216.6,263.9,4.921,57.15,846.34,14.808,observed,A,128.0,4
C-S1-BLR,S1,BLR,K01,evening,5,203.6,108.2,1.424,22.03,244.94,11.12,observed,A,128.0,4
C-S1-BLR,S1,BLR,K01,evening,9,186.3,44.9,0.384,8.36,66.01,7.901,observed,A,128.0,4
C-S1-BLR,S1,BLR,K01,evening,13,164.6,21.1,0.134,3.47,23.1,6.648,observed,A,128.0,4
C-S1-BLR,S1,BLR,K02,night,1,228.7,30.3,0.741,6.92,127.41,18.405,observed,A,154.0,1
C-S1-BLR,S1,BLR,K02,night,5,215.0,12.4,0.214,2.67,36.87,13.821,observed,A,154.0,1
C-S1-BLR,S1,BLR,K02,night,9,196.7,5.1,0.058,1.01,9.94,9.819,observed,A,154.0,1
C-S1-BLR,S1,BLR,K02,night,13,173.8,2.4,0.02,0.42,3.48,8.262,observed,A,154.0,1
C-S1-BLR,S1,BLR,K02,morning,1,225.4,87.5,2.141,19.73,368.32,18.673,observed,A,154.0,2
C-S1-BLR,S1,BLR,K02,morning,5,211.9,35.9,0.62,7.6,106.6,14.022,observed,A,154.0,2
C-S1-BLR,S1,BLR,K02,morning,9,193.8,14.9,0.167,2.88,28.73,9.962,observed,A,154.0,2
C-S1-BLR,S1,BLR,K02,morning,13,171.3,7.0,0.058,1.2,10.05,8.382,observed,A,154.0,2
C-S1-BLR,S1,BLR,K02,afternoon,1,222.9,115.7,2.83,25.79,486.82,18.88,observed,A,154.0,2
C-S1-BLR,S1,BLR,K02,afternoon,5,209.5,47.4,0.819,9.94,140.89,14.177,observed,A,154.0,2
C-S1-BLR,S1,BLR,K02,afternoon,9,191.7,19.7,0.221,3.77,37.97,10.073,observed,A,154.0,2
C-S1-BLR,S1,BLR,K02,afternoon,13,169.4,9.3,0.077,1.57,13.29,8.475,observed,A,154.0,2
C-S1-BLR,S1,BLR,K02,evening,1,218.9,134.9,3.302,29.54,567.89,19.227,observed,A,154.0,2
C-S1-BLR,S1,BLR,K02,evening,5,205.8,55.3,0.956,11.38,164.36,14.439,observed,A,154.0,2
C-S1-BLR,S1,BLR,K02,evening,9,188.2,22.9,0.258,4.32,44.3,10.258,observed,A,154.0,2
C-S1-BLR,S1,BLR,K02,evening,13,166.4,10.8,0.09,1.8,15.5,8.631,observed,A,154.0,2
C-S1-BLR,S1,BLR,K03,night,1,301.8,516.7,2.722,155.93,468.25,3.003,observed,A,359.0,2
C-S1-BLR,S1,BLR,K03,night,5,283.7,211.9,0.788,60.1,135.52,2.255,observed,A,359.0,2
C-S1-BLR,S1,BLR,K03,night,9,259.5,87.8,0.212,22.8,36.52,1.602,observed,A,359.0,2
C-S1-BLR,S1,BLR,K03,night,13,229.3,41.3,0.074,9.48,12.78,1.348,observed,A,359.0,2
C-S1-BLR,S1,BLR,K03,morning,1,289.8,1288.1,6.786,373.28,1167.2,3.127,observed,A,359.0,2
C-S1-BLR,S1,BLR,K03,morning,5,272.4,528.1,1.964,143.86,337.8,2.348,observed,A,359.0,2
C-S1-BLR,S1,BLR,K03,morning,9,249.2,219.0,0.529,54.57,91.04,1.668,observed,A,359.0,2
C-S1-BLR,S1,BLR,K03,morning,13,220.2,103.0,0.185,22.7,31.86,1.404,observed,A,359.0,2
C-S1-BLR,S1,BLR,K03,afternoon,1,294.3,1576.8,8.307,464.03,1428.84,3.079,observed,A,359.0,2
C-S1-BLR,S1,BLR,K03,afternoon,5,276.6,646.5,2.404,178.84,413.52,2.312,observed,A,359.0,2
C-S1-BLR,S1,BLR,K03,afternoon,9,253.1,268.1,0.648,67.84,111.45,1.643,observed,A,359.0,2
C-S1-BLR,S1,BLR,K03,afternoon,13,223.7,126.1,0.227,28.21,39.0,1.382,observed,A,359.0,2
C-S1-BLR,S1,BLR,K03,evening,1,289.1,1783.3,9.395,515.53,1615.99,3.135,observed,A,359.0,2
C-S1-BLR,S1,BLR,K03,evening,5,271.7,731.2,2.719,198.69,467.69,2.354,observed,A,359.0,2
C-S1-BLR,S1,BLR,K03,evening,9,248.6,303.2,0.733,75.37,126.05,1.672,observed,A,359.0,2
C-S1-BLR,S1,BLR,K03,evening,13,219.7,142.7,0.256,31.34,44.11,1.407,observed,A,359.0,2
C-S1-BLR,S1,BLR,K04,night,1,312.6,84.6,0.617,26.45,106.16,4.014,observed,A,97.0,2
C-S1-BLR,S1,BLR,K04,night,5,293.9,34.7,0.179,10.19,30.72,3.014,observed,A,97.0,2
C-S1-BLR,S1,BLR,K04,night,9,268.9,14.4,0.048,3.87,8.28,2.142,observed,A,97.0,2
C-S1-BLR,S1,BLR,K04,night,13,237.6,6.8,0.017,1.61,2.9,1.802,observed,A,97.0,2
C-S1-BLR,S1,BLR,K04,morning,1,303.7,209.9,1.532,63.75,263.45,4.133,observed,A,97.0,2
C-S1-BLR,S1,BLR,K04,morning,5,285.5,86.1,0.443,24.57,76.24,3.103,observed,A,97.0,2
C-S1-BLR,S1,BLR,K04,morning,9,261.2,35.7,0.119,9.32,20.55,2.205,observed,A,97.0,2
C-S1-BLR,S1,BLR,K04,morning,13,230.8,16.8,0.042,3.88,7.19,1.855,observed,A,97.0,2
C-S1-BLR,S1,BLR,K04,afternoon,1,304.5,248.8,1.815,75.76,312.18,4.121,observed,A,97.0,2
C-S1-BLR,S1,BLR,K04,afternoon,5,286.3,102.0,0.525,29.2,90.35,3.094,observed,A,97.0,2
C-S1-BLR,S1,BLR,K04,afternoon,9,261.9,42.3,0.142,11.08,24.35,2.198,observed,A,97.0,2
C-S1-BLR,S1,BLR,K04,afternoon,13,231.5,19.9,0.05,4.61,8.52,1.85,observed,A,97.0,2
C-S1-BLR,S1,BLR,K04,evening,1,297.7,295.7,2.157,88.02,371.04,4.215,observed,A,97.0,2
C-S1-BLR,S1,BLR,K04,evening,5,279.9,121.2,0.624,33.92,107.38,3.165,observed,A,97.0,2
C-S1-BLR,S1,BLR,K04,evening,9,256.0,50.3,0.168,12.87,28.94,2.249,observed,A,97.0,2
C-S1-BLR,S1,BLR,K04,evening,13,226.3,23.7,0.059,5.35,10.13,1.892,observed,A,97.0,2
C-S1-BLR,S1,BLR,K07,night,1,288.7,53.1,0.383,15.34,65.79,4.29,observed,A,58.0,2
C-S1-BLR,S1,BLR,K07,night,5,271.4,21.8,0.111,5.91,19.04,3.221,observed,A,58.0,2
C-S1-BLR,S1,BLR,K07,night,9,248.3,9.0,0.03,2.24,5.13,2.289,observed,A,58.0,2
C-S1-BLR,S1,BLR,K07,night,13,219.4,4.2,0.01,0.93,1.8,1.926,observed,A,58.0,2
C-S1-BLR,S1,BLR,K07,morning,1,279.4,144.2,1.039,40.3,178.65,4.433,observed,A,58.0,2
C-S1-BLR,S1,BLR,K07,morning,5,262.6,59.1,0.301,15.53,51.7,3.329,observed,A,58.0,2
C-S1-BLR,S1,BLR,K07,morning,9,240.3,24.5,0.081,5.89,13.93,2.365,observed,A,58.0,2
C-S1-BLR,S1,BLR,K07,morning,13,212.3,11.5,0.028,2.45,4.88,1.99,observed,A,58.0,2
C-S1-BLR,S1,BLR,K07,afternoon,1,279.1,185.9,1.339,51.89,230.23,4.437,observed,A,58.0,2
C-S1-BLR,S1,BLR,K07,afternoon,5,262.4,76.2,0.387,20.0,66.63,3.332,observed,A,58.0,2
C-S1-BLR,S1,BLR,K07,afternoon,9,240.1,31.6,0.104,7.59,17.96,2.367,observed,A,58.0,2
C-S1-BLR,S1,BLR,K07,afternoon,13,212.2,14.9,0.037,3.15,6.28,1.992,observed,A,58.0,2
C-S1-BLR,S1,BLR,K07,evening,1,276.2,195.4,1.407,53.97,242.03,4.484,observed,A,58.0,2
C-S1-BLR,S1,BLR,K07,evening,5,259.6,80.1,0.407,20.8,70.05,3.367,observed,A,58.0,2
C-S1-BLR,S1,BLR,K07,evening,9,237.5,33.2,0.11,7.89,18.88,2.392,observed,A,58.0,2
C-S1-BLR,S1,BLR,K07,evening,13,209.9,15.6,0.038,3.28,6.61,2.013,observed,A,58.0,2
C-S1-BLR,S1,BLR,K09,night,1,457.5,152.5,0.267,69.79,46.0,0.659,observed,A,30.0,3
C-S1-BLR,S1,BLR,K09,night,5,430.1,62.5,0.077,26.9,13.31,0.495,observed,A,30.0,3
C-S1-BLR,S1,BLR,K09,night,9,393.5,25.9,0.021,10.2,3.59,0.352,observed,A,30.0,3
C-S1-BLR,S1,BLR,K09,night,13,347.7,12.2,0.007,4.24,1.26,0.296,observed,A,30.0,3
C-S1-BLR,S1,BLR,K09,morning,1,450.4,315.0,0.552,141.91,95.01,0.67,observed,A,30.0,3
C-S1-BLR,S1,BLR,K09,morning,5,423.4,129.2,0.16,54.69,27.5,0.503,observed,A,30.0,3
C-S1-BLR,S1,BLR,K09,morning,9,387.4,53.6,0.043,20.75,7.41,0.357,observed,A,30.0,3
C-S1-BLR,S1,BLR,K09,morning,13,342.3,25.2,0.015,8.63,2.59,0.301,observed,A,30.0,3
C-S1-BLR,S1,BLR,K09,afternoon,1,447.8,420.7,0.738,188.38,126.88,0.674,observed,A,30.0,3
C-S1-BLR,S1,BLR,K09,afternoon,5,420.9,172.5,0.213,72.6,36.72,0.506,observed,A,30.0,3
C-S1-BLR,S1,BLR,K09,afternoon,9,385.1,71.5,0.058,27.54,9.9,0.359,observed,A,30.0,3
C-S1-BLR,S1,BLR,K09,afternoon,13,340.3,33.7,0.02,11.45,3.46,0.302,observed,A,30.0,3
C-S1-BLR,S1,BLR,K09,evening,1,441.7,508.3,0.891,224.56,153.31,0.683,observed,A,30.0,3
C-S1-BLR,S1,BLR,K09,evening,5,415.2,208.4,0.258,86.54,44.37,0.513,observed,A,30.0,3
C-S1-BLR,S1,BLR,K09,evening,9,379.9,86.4,0.07,32.83,11.96,0.364,observed,A,30.0,3
C-S1-BLR,S1,BLR,K09,evening,13,335.7,40.7,0.024,13.65,4.18,0.306,observed,A,30.0,3
C-S1-HYD,S1,HYD,K01,night,1,191.5,54.9,1.153,10.52,198.38,18.866,observed,A,50.0,6
C-S1-HYD,S1,HYD,K01,night,5,180.0,22.5,0.334,4.05,57.41,14.167,observed,A,50.0,6
C-S1-HYD,S1,HYD,K01,night,9,164.7,9.3,0.09,1.54,15.47,10.065,observed,A,50.0,6
C-S1-HYD,S1,HYD,K01,night,13,145.5,4.4,0.031,0.64,5.41,8.469,observed,A,50.0,6
C-S1-HYD,S1,HYD,K01,morning,1,197.2,138.7,2.913,27.36,501.03,18.314,observed,A,50.0,6
C-S1-HYD,S1,HYD,K01,morning,5,185.4,56.9,0.843,10.54,145.0,13.752,observed,A,50.0,6
C-S1-HYD,S1,HYD,K01,morning,9,169.6,23.6,0.227,4.0,39.08,9.771,observed,A,50.0,6
C-S1-HYD,S1,HYD,K01,morning,13,149.9,11.1,0.08,1.66,13.68,8.221,observed,A,50.0,6
C-S1-HYD,S1,HYD,K01,afternoon,1,198.1,163.3,3.43,32.36,589.91,18.23,observed,A,50.0,6
C-S1-HYD,S1,HYD,K01,afternoon,5,186.2,67.0,0.993,12.47,170.73,13.69,observed,A,50.0,6
C-S1-HYD,S1,HYD,K01,afternoon,9,170.4,27.8,0.268,4.73,46.01,9.726,observed,A,50.0,6
C-S1-HYD,S1,HYD,K01,afternoon,13,150.6,13.1,0.094,1.97,16.1,8.184,observed,A,50.0,6
C-S1-HYD,S1,HYD,K01,evening,1,196.5,153.0,3.213,30.06,552.58,18.384,observed,A,50.0,7
C-S1-HYD,S1,HYD,K01,evening,5,184.7,62.7,0.93,11.58,159.92,13.805,observed,A,50.0,7
C-S1-HYD,S1,HYD,K01,evening,9,169.0,26.0,0.251,4.39,43.1,9.808,observed,A,50.0,7
C-S1-HYD,S1,HYD,K01,evening,13,149.3,12.2,0.088,1.83,15.08,8.253,observed,A,50.0,7
C-S1-HYD,S1,HYD,K02,night,1,204.8,14.8,0.432,3.02,74.39,24.613,observed,A,60.0,3
C-S1-HYD,S1,HYD,K02,night,5,192.5,6.1,0.125,1.16,21.53,18.483,observed,A,60.0,3
C-S1-HYD,S1,HYD,K02,night,9,176.1,2.5,0.034,0.44,5.8,13.131,observed,A,60.0,3
C-S1-HYD,S1,HYD,K02,night,13,155.6,1.2,0.012,0.18,2.03,11.049,observed,A,60.0,3
C-S1-HYD,S1,HYD,K02,morning,1,205.5,49.1,1.438,10.08,247.31,24.533,observed,A,60.0,3
C-S1-HYD,S1,HYD,K02,morning,5,193.1,20.1,0.416,3.89,71.57,18.423,observed,A,60.0,3
C-S1-HYD,S1,HYD,K02,morning,9,176.7,8.3,0.112,1.47,19.29,13.089,observed,A,60.0,3
C-S1-HYD,S1,HYD,K02,morning,13,156.1,3.9,0.039,0.61,6.75,11.013,observed,A,60.0,3
C-S1-HYD,S1,HYD,K02,afternoon,1,205.5,61.8,1.812,12.71,311.7,24.53,observed,A,60.0,3
C-S1-HYD,S1,HYD,K02,afternoon,5,193.1,25.4,0.524,4.9,90.21,18.42,observed,A,60.0,3
C-S1-HYD,S1,HYD,K02,afternoon,9,176.7,10.5,0.141,1.86,24.31,13.087,observed,A,60.0,3
C-S1-HYD,S1,HYD,K02,afternoon,13,156.2,4.9,0.049,0.77,8.51,11.012,observed,A,60.0,3
C-S1-HYD,S1,HYD,K02,evening,1,201.6,56.5,1.654,11.38,284.55,25.003,observed,A,60.0,3
C-S1-HYD,S1,HYD,K02,evening,5,189.5,23.1,0.479,4.39,82.35,18.776,observed,A,60.0,3
C-S1-HYD,S1,HYD,K02,evening,9,173.4,9.6,0.129,1.66,22.19,13.34,observed,A,60.0,3
C-S1-HYD,S1,HYD,K02,evening,13,153.2,4.5,0.045,0.69,7.77,11.224,observed,A,60.0,3
C-S1-HYD,S1,HYD,K03,night,1,276.4,304.5,1.463,84.16,251.58,2.989,observed,A,174.0,2
C-S1-HYD,S1,HYD,K03,night,5,259.8,124.9,0.423,32.43,72.81,2.245,observed,A,174.0,2
C-S1-HYD,S1,HYD,K03,night,9,237.7,51.8,0.114,12.3,19.62,1.595,observed,A,174.0,2
C-S1-HYD,S1,HYD,K03,night,13,210.0,24.4,0.04,5.12,6.87,1.342,observed,A,174.0,2
C-S1-HYD,S1,HYD,K03,morning,1,267.9,722.1,3.468,193.47,596.54,3.083,observed,A,174.0,2
C-S1-HYD,S1,HYD,K03,morning,5,251.9,296.1,1.004,74.56,172.65,2.315,observed,A,174.0,2
C-S1-HYD,S1,HYD,K03,morning,9,230.4,122.8,0.271,28.28,46.53,1.645,observed,A,174.0,2
C-S1-HYD,S1,HYD,K03,morning,13,203.6,57.8,0.095,11.76,16.28,1.384,observed,A,174.0,2
C-S1-HYD,S1,HYD,K03,afternoon,1,269.2,834.1,4.006,224.51,689.08,3.069,observed,A,174.0,3
C-S1-HYD,S1,HYD,K03,afternoon,5,253.0,342.0,1.159,86.53,199.43,2.305,observed,A,174.0,3
C-S1-HYD,S1,HYD,K03,afternoon,9,231.5,141.8,0.312,32.82,53.75,1.638,observed,A,174.0,3
C-S1-HYD,S1,HYD,K03,afternoon,13,204.6,66.7,0.109,13.65,18.81,1.378,observed,A,174.0,3
C-S1-HYD,S1,HYD,K03,evening,1,263.2,799.6,3.841,210.43,660.6,3.139,observed,A,174.0,2
C-S1-HYD,S1,HYD,K03,evening,5,247.4,327.8,1.112,81.1,191.19,2.357,observed,A,174.0,2
C-S1-HYD,S1,HYD,K03,evening,9,226.3,135.9,0.3,30.76,51.53,1.675,observed,A,174.0,2
C-S1-HYD,S1,HYD,K03,evening,13,200.0,64.0,0.105,12.79,18.03,1.409,observed,A,174.0,2
C-S1-HYD,S1,HYD,K04,night,1,270.9,68.2,0.432,18.47,74.35,4.025,observed,A,75.0,2
C-S1-HYD,S1,HYD,K04,night,5,254.6,28.0,0.125,7.12,21.52,3.023,observed,A,75.0,2
C-S1-HYD,S1,HYD,K04,night,9,233.0,11.6,0.034,2.7,5.8,2.148,observed,A,75.0,2
C-S1-HYD,S1,HYD,K04,night,13,205.9,5.5,0.012,1.12,2.03,1.807,observed,A,75.0,2
C-S1-HYD,S1,HYD,K04,morning,1,260.6,188.4,1.195,49.1,205.46,4.184,observed,A,75.0,2
C-S1-HYD,S1,HYD,K04,morning,5,245.0,77.3,0.346,18.92,59.46,3.142,observed,A,75.0,2
C-S1-HYD,S1,HYD,K04,morning,9,224.1,32.0,0.093,7.18,16.03,2.232,observed,A,75.0,2
C-S1-HYD,S1,HYD,K04,morning,13,198.1,15.1,0.033,2.99,5.61,1.878,observed,A,75.0,2
C-S1-HYD,S1,HYD,K04,afternoon,1,260.1,228.6,1.449,59.44,249.23,4.193,observed,A,75.0,2
C-S1-HYD,S1,HYD,K04,afternoon,5,244.5,93.7,0.419,22.91,72.13,3.149,observed,A,75.0,2
C-S1-HYD,S1,HYD,K04,afternoon,9,223.7,38.9,0.113,8.69,19.44,2.237,observed,A,75.0,2
C-S1-HYD,S1,HYD,K04,afternoon,13,197.7,18.3,0.04,3.61,6.8,1.882,observed,A,75.0,2
C-S1-HYD,S1,HYD,K04,evening,1,259.7,196.3,1.244,50.99,214.05,4.198,observed,A,75.0,2
C-S1-HYD,S1,HYD,K04,evening,5,244.2,80.5,0.36,19.65,61.95,3.152,observed,A,75.0,2
C-S1-HYD,S1,HYD,K04,evening,9,223.4,33.4,0.097,7.45,16.7,2.24,observed,A,75.0,2
C-S1-HYD,S1,HYD,K04,evening,13,197.4,15.7,0.034,3.1,5.84,1.885,observed,A,75.0,2
C-S1-HYD,S1,HYD,K07,night,1,257.3,22.2,0.162,5.72,27.89,4.871,observed,B,24.0,2
C-S1-HYD,S1,HYD,K07,night,5,241.9,9.1,0.047,2.21,8.07,3.658,observed,B,24.0,2
C-S1-HYD,S1,HYD,K07,night,9,221.3,3.8,0.013,0.84,2.18,2.599,observed,B,24.0,2
C-S1-HYD,S1,HYD,K07,night,13,195.6,1.8,0.004,0.35,0.76,2.187,observed,B,24.0,2
C-S1-HYD,S1,HYD,K07,morning,1,251.3,71.8,0.523,18.05,90.02,4.988,observed,B,24.0,2
C-S1-HYD,S1,HYD,K07,morning,5,236.2,29.4,0.151,6.96,26.05,3.746,observed,B,24.0,2
C-S1-HYD,S1,HYD,K07,morning,9,216.1,12.2,0.041,2.64,7.02,2.661,observed,B,24.0,2
C-S1-HYD,S1,HYD,K07,morning,13,191.0,5.7,0.014,1.1,2.46,2.239,observed,B,24.0,2
C-S1-HYD,S1,HYD,K07,afternoon,1,251.2,86.9,0.634,21.84,108.98,4.99,observed,B,24.0,2
C-S1-HYD,S1,HYD,K07,afternoon,5,236.2,35.6,0.183,8.42,31.54,3.747,observed,B,24.0,2
C-S1-HYD,S1,HYD,K07,afternoon,9,216.1,14.8,0.049,3.19,8.5,2.662,observed,B,24.0,2
C-S1-HYD,S1,HYD,K07,afternoon,13,190.9,7.0,0.017,1.33,2.97,2.24,observed,B,24.0,2
C-S1-HYD,S1,HYD,K07,evening,1,248.0,79.2,0.577,19.64,99.26,5.055,observed,B,24.0,2
C-S1-HYD,S1,HYD,K07,evening,5,233.1,32.5,0.167,7.57,28.73,3.796,observed,B,24.0,2
C-S1-HYD,S1,HYD,K07,evening,9,213.3,13.5,0.045,2.87,7.74,2.697,observed,B,24.0,2
C-S1-HYD,S1,HYD,K07,evening,13,188.5,6.3,0.016,1.19,2.71,2.269,observed,B,24.0,2
C-S1-HYD,S1,HYD,K09,night,1,411.9,105.6,0.212,43.51,36.39,0.836,observed,A,56.0,1
C-S1-HYD,S1,HYD,K09,night,5,387.1,43.3,0.061,16.77,10.53,0.628,observed,A,56.0,1
C-S1-HYD,S1,HYD,K09,night,9,354.2,18.0,0.017,6.36,2.84,0.446,observed,A,56.0,1
C-S1-HYD,S1,HYD,K09,night,13,313.0,8.5,0.006,2.65,0.99,0.375,observed,A,56.0,1
C-S1-HYD,S1,HYD,K09,morning,1,411.0,274.2,0.549,112.72,94.46,0.838,observed,A,56.0,1
C-S1-HYD,S1,HYD,K09,morning,5,386.4,112.4,0.159,43.44,27.34,0.629,observed,A,56.0,1
C-S1-HYD,S1,HYD,K09,morning,9,353.5,46.6,0.043,16.48,7.37,0.447,observed,A,56.0,1
C-S1-HYD,S1,HYD,K09,morning,13,312.4,21.9,0.015,6.85,2.58,0.376,observed,A,56.0,1
C-S1-HYD,S1,HYD,K09,afternoon,1,413.3,339.5,0.68,140.3,116.94,0.833,observed,A,56.0,1
C-S1-HYD,S1,HYD,K09,afternoon,5,388.5,139.2,0.197,54.07,33.84,0.626,observed,A,56.0,1
C-S1-HYD,S1,HYD,K09,afternoon,9,355.4,57.7,0.053,20.51,9.12,0.445,observed,A,56.0,1
C-S1-HYD,S1,HYD,K09,afternoon,13,314.1,27.2,0.019,8.53,3.19,0.374,observed,A,56.0,1
C-S1-HYD,S1,HYD,K09,evening,1,407.9,298.9,0.599,121.91,102.95,0.844,observed,A,56.0,1
C-S1-HYD,S1,HYD,K09,evening,5,383.4,122.5,0.173,46.99,29.79,0.634,observed,A,56.0,1
C-S1-HYD,S1,HYD,K09,evening,9,350.8,50.8,0.047,17.82,8.03,0.451,observed,A,56.0,1
C-S1-HYD,S1,HYD,K09,evening,13,310.0,23.9,0.016,7.41,2.81,0.379,observed,A,56.0,1
C-S1-PUN,S1,PUN,K01,night,1,175.8,40.3,0.737,7.08,126.8,17.904,observed,A,132.0,2
C-S1-PUN,S1,PUN,K01,night,5,165.3,16.5,0.213,2.73,36.7,13.444,observed,A,132.0,2
C-S1-PUN,S1,PUN,K01,night,9,151.2,6.8,0.058,1.04,9.89,9.552,observed,A,132.0,2
C-S1-PUN,S1,PUN,K01,night,13,133.6,3.2,0.02,0.43,3.46,8.037,observed,A,132.0,2
C-S1-PUN,S1,PUN,K01,morning,1,176.0,116.1,2.124,20.43,365.33,17.883,observed,A,132.0,2
C-S1-PUN,S1,PUN,K01,morning,5,165.5,47.6,0.615,7.87,105.73,13.429,observed,A,132.0,2
C-S1-PUN,S1,PUN,K01,morning,9,151.4,19.7,0.166,2.99,28.5,9.541,observed,A,132.0,2
C-S1-PUN,S1,PUN,K01,morning,13,133.8,9.3,0.058,1.24,9.97,8.028,observed,A,132.0,2
C-S1-PUN,S1,PUN,K01,afternoon,1,176.3,145.7,2.667,25.7,458.76,17.851,observed,A,132.0,2
C-S1-PUN,S1,PUN,K01,afternoon,5,165.8,59.8,0.772,9.9,132.77,13.405,observed,A,132.0,2
C-S1-PUN,S1,PUN,K01,afternoon,9,151.6,24.8,0.208,3.76,35.78,9.524,observed,A,132.0,2
C-S1-PUN,S1,PUN,K01,afternoon,13,134.0,11.7,0.073,1.56,12.52,8.014,observed,A,132.0,2
C-S1-PUN,S1,PUN,K01,evening,1,175.4,117.0,2.141,20.52,368.32,17.946,observed,A,132.0,2
C-S1-PUN,S1,PUN,K01,evening,5,164.9,48.0,0.62,7.91,106.59,13.477,observed,A,132.0,2
C-S1-PUN,S1,PUN,K01,evening,9,150.8,19.9,0.167,3.0,28.73,9.575,observed,A,132.0,2
C-S1-PUN,S1,PUN,K01,evening,13,133.3,9.4,0.058,1.25,10.05,8.056,observed,A,132.0,2
C-S1-PUN,S1,PUN,K02,night,1,196.2,13.2,0.362,2.6,62.32,23.992,observed,A,45.0,3
C-S1-PUN,S1,PUN,K02,night,5,184.4,5.4,0.105,1.0,18.03,18.017,observed,A,45.0,3
C-S1-PUN,S1,PUN,K02,night,9,168.7,2.3,0.028,0.38,4.86,12.8,observed,A,45.0,3
C-S1-PUN,S1,PUN,K02,night,13,149.1,1.1,0.01,0.16,1.7,10.771,observed,A,45.0,3
C-S1-PUN,S1,PUN,K02,morning,1,197.8,30.7,0.841,6.08,144.71,23.794,observed,A,45.0,3
C-S1-PUN,S1,PUN,K02,morning,5,186.0,12.6,0.243,2.34,41.88,17.868,observed,A,45.0,3
C-S1-PUN,S1,PUN,K02,morning,9,170.1,5.2,0.066,0.89,11.29,12.695,observed,A,45.0,3
C-S1-PUN,S1,PUN,K02,morning,13,150.4,2.5,0.023,0.37,3.95,10.682,observed,A,45.0,3
C-S1-PUN,S1,PUN,K02,afternoon,1,198.9,44.5,1.218,8.85,209.46,23.67,observed,A,45.0,3
C-S1-PUN,S1,PUN,K02,afternoon,5,186.9,18.2,0.352,3.41,60.62,17.775,observed,A,45.0,3
C-S1-PUN,S1,PUN,K02,afternoon,9,171.0,7.6,0.095,1.29,16.34,12.629,observed,A,45.0,3
C-S1-PUN,S1,PUN,K02,afternoon,13,151.1,3.6,0.033,0.54,5.72,10.626,observed,A,45.0,3
C-S1-PUN,S1,PUN,K02,evening,1,196.1,35.3,0.967,6.93,166.33,24.006,observed,A,45.0,3
C-S1-PUN,S1,PUN,K02,evening,5,184.3,14.5,0.28,2.67,48.14,18.027,observed,A,45.0,3
C-S1-PUN,S1,PUN,K02,evening,9,168.6,6.0,0.075,1.01,12.97,12.807,observed,A,45.0,3
C-S1-PUN,S1,PUN,K02,evening,13,149.0,2.8,0.026,0.42,4.54,10.777,observed,A,45.0,3
C-S1-PUN,S1,PUN,K03,night,1,286.9,199.7,0.942,57.29,162.01,2.828,observed,A,74.0,4
C-S1-PUN,S1,PUN,K03,night,5,269.7,81.9,0.273,22.08,46.89,2.123,observed,A,74.0,4
C-S1-PUN,S1,PUN,K03,night,9,246.7,33.9,0.073,8.38,12.64,1.509,observed,A,74.0,4
C-S1-PUN,S1,PUN,K03,night,13,218.0,16.0,0.026,3.48,4.42,1.269,observed,A,74.0,4
C-S1-PUN,S1,PUN,K03,morning,1,279.0,494.1,2.33,137.85,400.84,2.908,observed,A,74.0,4
C-S1-PUN,S1,PUN,K03,morning,5,262.3,202.6,0.674,53.13,116.01,2.184,observed,A,74.0,4
C-S1-PUN,S1,PUN,K03,morning,9,239.9,84.0,0.182,20.15,31.27,1.551,observed,A,74.0,4
C-S1-PUN,S1,PUN,K03,morning,13,212.0,39.5,0.064,8.38,10.94,1.305,observed,A,74.0,4
C-S1-PUN,S1,PUN,K03,afternoon,1,277.8,599.9,2.83,166.67,486.7,2.92,observed,A,74.0,4
C-S1-PUN,S1,PUN,K03,afternoon,5,261.1,246.0,0.819,64.23,140.86,2.193,observed,A,74.0,4
C-S1-PUN,S1,PUN,K03,afternoon,9,238.9,102.0,0.221,24.37,37.96,1.558,observed,A,74.0,4
C-S1-PUN,S1,PUN,K03,afternoon,13,211.1,48.0,0.077,10.13,13.28,1.311,observed,A,74.0,4
C-S1-PUN,S1,PUN,K03,evening,1,278.6,474.1,2.236,132.09,384.62,2.912,observed,A,74.0,4
C-S1-PUN,S1,PUN,K03,evening,5,261.9,194.4,0.647,50.91,111.31,2.187,observed,A,74.0,4
C-S1-PUN,S1,PUN,K03,evening,9,239.6,80.6,0.174,19.31,30.0,1.554,observed,A,74.0,4
C-S1-PUN,S1,PUN,K03,evening,13,211.7,37.9,0.061,8.03,10.5,1.307,observed,A,74.0,4
C-S1-PUN,S1,PUN,K04,night,1,264.9,50.9,0.282,13.49,48.55,3.598,observed,A,48.0,2
C-S1-PUN,S1,PUN,K04,night,5,249.0,20.9,0.082,5.2,14.05,2.702,observed,A,48.0,2
C-S1-PUN,S1,PUN,K04,night,9,227.8,8.7,0.022,1.97,3.79,1.92,observed,A,48.0,2
C-S1-PUN,S1,PUN,K04,night,13,201.3,4.1,0.008,0.82,1.33,1.615,observed,A,48.0,2
C-S1-PUN,S1,PUN,K04,morning,1,257.6,133.9,0.742,34.5,127.61,3.699,observed,A,48.0,2
C-S1-PUN,S1,PUN,K04,morning,5,242.2,54.9,0.215,13.3,36.93,2.778,observed,A,48.0,2
C-S1-PUN,S1,PUN,K04,morning,9,221.6,22.8,0.058,5.04,9.95,1.974,observed,A,48.0,2
C-S1-PUN,S1,PUN,K04,morning,13,195.8,10.7,0.02,2.1,3.48,1.661,observed,A,48.0,2
C-S1-PUN,S1,PUN,K04,afternoon,1,258.3,162.2,0.899,41.9,154.62,3.69,observed,A,48.0,2
C-S1-PUN,S1,PUN,K04,afternoon,5,242.8,66.5,0.26,16.15,44.75,2.771,observed,A,48.0,2
C-S1-PUN,S1,PUN,K04,afternoon,9,222.1,27.6,0.07,6.13,12.06,1.969,observed,A,48.0,2
C-S1-PUN,S1,PUN,K04,afternoon,13,196.3,13.0,0.025,2.55,4.22,1.657,observed,A,48.0,2
C-S1-PUN,S1,PUN,K04,evening,1,255.2,139.1,0.771,35.5,132.58,3.735,observed,A,48.0,2
C-S1-PUN,S1,PUN,K04,evening,5,239.8,57.0,0.223,13.68,38.37,2.805,observed,A,48.0,2
C-S1-PUN,S1,PUN,K04,evening,9,219.4,23.7,0.06,5.19,10.34,1.993,observed,A,48.0,2
C-S1-PUN,S1,PUN,K04,evening,13,193.9,11.1,0.021,2.16,3.62,1.677,observed,A,48.0,2
C-S1-PUN,S1,PUN,K07,night,1,248.3,16.4,0.16,4.08,27.53,6.743,observed,A,37.0,1
C-S1-PUN,S1,PUN,K07,night,5,233.4,6.7,0.046,1.57,7.97,5.064,observed,A,37.0,1
C-S1-PUN,S1,PUN,K07,night,9,213.5,2.8,0.012,0.6,2.15,3.598,observed,A,37.0,1
C-S1-PUN,S1,PUN,K07,night,13,188.7,1.3,0.004,0.25,0.75,3.027,observed,A,37.0,1
C-S1-PUN,S1,PUN,K07,morning,1,243.6,62.3,0.606,15.17,104.3,6.873,observed,A,37.0,2
C-S1-PUN,S1,PUN,K07,morning,5,229.0,25.5,0.175,5.85,30.18,5.162,observed,A,37.0,2
C-S1-PUN,S1,PUN,K07,morning,9,209.5,10.6,0.047,2.22,8.14,3.667,observed,A,37.0,2
C-S1-PUN,S1,PUN,K07,morning,13,185.1,5.0,0.017,0.92,2.85,3.086,observed,A,37.0,2
C-S1-PUN,S1,PUN,K07,afternoon,1,243.2,74.5,0.725,18.11,124.68,6.886,observed,A,37.0,2
C-S1-PUN,S1,PUN,K07,afternoon,5,228.6,30.5,0.21,6.98,36.08,5.171,observed,A,37.0,2
C-S1-PUN,S1,PUN,K07,afternoon,9,209.1,12.7,0.057,2.65,9.73,3.674,observed,A,37.0,2
C-S1-PUN,S1,PUN,K07,afternoon,13,184.8,6.0,0.02,1.1,3.4,3.091,observed,A,37.0,2
C-S1-PUN,S1,PUN,K07,evening,1,240.7,64.8,0.631,15.6,108.53,6.957,observed,A,37.0,2
C-S1-PUN,S1,PUN,K07,evening,5,226.2,26.6,0.183,6.01,31.41,5.224,observed,A,37.0,2
C-S1-PUN,S1,PUN,K07,evening,9,207.0,11.0,0.049,2.28,8.47,3.712,observed,A,37.0,2
C-S1-PUN,S1,PUN,K07,evening,13,182.9,5.2,0.017,0.95,2.96,3.123,observed,A,37.0,2
C-S1-PUN,S1,PUN,K09,night,1,384.9,59.1,0.121,22.77,20.73,0.911,observed,A,31.0,1
C-S1-PUN,S1,PUN,K09,night,5,361.8,24.2,0.035,8.77,6.0,0.684,observed,A,31.0,1
C-S1-PUN,S1,PUN,K09,night,9,331.1,10.1,0.009,3.33,1.62,0.486,observed,A,31.0,1
C-S1-PUN,S1,PUN,K09,night,13,292.6,4.7,0.003,1.38,0.57,0.409,observed,A,31.0,1
C-S1-PUN,S1,PUN,K09,morning,1,385.7,147.9,0.301,57.05,51.85,0.909,observed,A,31.0,1
C-S1-PUN,S1,PUN,K09,morning,5,362.6,60.6,0.087,21.99,15.01,0.682,observed,A,31.0,1
C-S1-PUN,S1,PUN,K09,morning,9,331.7,25.1,0.024,8.34,4.04,0.485,observed,A,31.0,1
C-S1-PUN,S1,PUN,K09,morning,13,293.2,11.8,0.008,3.47,1.42,0.408,observed,A,31.0,1
C-S1-PUN,S1,PUN,K09,afternoon,1,379.7,194.2,0.396,73.73,68.07,0.923,observed,A,31.0,1
C-S1-PUN,S1,PUN,K09,afternoon,5,356.9,79.6,0.115,28.41,19.7,0.693,observed,A,31.0,1
C-S1-PUN,S1,PUN,K09,afternoon,9,326.5,33.0,0.031,10.78,5.31,0.493,observed,A,31.0,1
C-S1-PUN,S1,PUN,K09,afternoon,13,288.6,15.5,0.011,4.48,1.86,0.414,observed,A,31.0,1
C-S1-PUN,S1,PUN,K09,evening,1,379.1,162.2,0.33,61.47,56.84,0.925,observed,A,31.0,1
C-S1-PUN,S1,PUN,K09,evening,5,356.4,66.5,0.096,23.69,16.45,0.694,observed,A,31.0,1
C-S1-PUN,S1,PUN,K09,evening,9,326.0,27.6,0.026,8.99,4.43,0.493,observed,A,31.0,1
C-S1-PUN,S1,PUN,K09,evening,13,288.1,13.0,0.009,3.74,1.55,0.415,observed,A,31.0,1
C-S2-DEL,S2,DEL,K01,night,1,206.2,175.1,3.064,36.12,854.96,23.671,observed,A,393.0,3
C-S2-DEL,S2,DEL,K01,night,5,193.9,71.8,0.887,13.92,247.44,17.776,observed,A,393.0,3
C-S2-DEL,S2,DEL,K01,night,9,177.4,29.8,0.239,5.28,66.69,12.629,observed,A,393.0,3
C-S2-DEL,S2,DEL,K01,night,13,156.7,14.0,0.084,2.2,23.34,10.626,observed,A,393.0,3
C-S2-DEL,S2,DEL,K01,morning,1,206.9,407.3,7.127,84.28,1988.3,23.591,observed,A,393.0,3
C-S2-DEL,S2,DEL,K01,morning,5,194.5,167.0,2.062,32.48,575.44,17.715,observed,A,393.0,3
C-S2-DEL,S2,DEL,K01,morning,9,178.0,69.2,0.556,12.32,155.09,12.586,observed,A,393.0,3
C-S2-DEL,S2,DEL,K01,morning,13,157.3,32.6,0.195,5.12,54.27,10.59,observed,A,393.0,3
C-S2-DEL,S2,DEL,K01,afternoon,1,205.8,525.8,9.201,108.22,2567.04,23.721,observed,A,393.0,3
C-S2-DEL,S2,DEL,K01,afternoon,5,193.5,215.6,2.663,41.71,742.93,17.813,observed,A,393.0,3
C-S2-DEL,S2,DEL,K01,afternoon,9,177.0,89.4,0.718,15.82,200.23,12.656,observed,A,393.0,3
C-S2-DEL,S2,DEL,K01,afternoon,13,156.4,42.1,0.251,6.58,70.07,10.649,observed,A,393.0,3
C-S2-DEL,S2,DEL,K01,evening,1,192.6,462.7,8.096,89.14,2258.87,25.341,observed,A,393.0,2
C-S2-DEL,S2,DEL,K01,evening,5,181.1,189.7,2.343,34.35,653.74,19.03,observed,A,393.0,2
C-S2-DEL,S2,DEL,K01,evening,9,165.7,78.7,0.632,13.03,176.19,13.52,observed,A,393.0,2
C-S2-DEL,S2,DEL,K01,evening,13,146.4,37.0,0.221,5.42,61.65,11.376,observed,A,393.0,2
C-S2-DEL,S2,DEL,K05,night,1,331.2,265.9,1.923,88.04,536.65,6.095,observed,A,243.0,2
C-S2-DEL,S2,DEL,K05,night,5,311.3,109.0,0.557,33.93,155.31,4.577,observed,A,243.0,2
C-S2-DEL,S2,DEL,K05,night,9,284.8,45.2,0.15,12.87,41.86,3.252,observed,A,243.0,2
C-S2-DEL,S2,DEL,K05,night,13,251.7,21.3,0.052,5.35,14.65,2.736,observed,A,243.0,2
C-S2-DEL,S2,DEL,K05,morning,1,325.8,590.5,4.272,192.39,1191.89,6.195,observed,A,243.0,3
C-S2-DEL,S2,DEL,K05,morning,5,306.3,242.1,1.236,74.15,344.95,4.652,observed,A,243.0,3
C-S2-DEL,S2,DEL,K05,morning,9,280.2,100.4,0.333,28.13,92.97,3.305,observed,A,243.0,3
C-S2-DEL,S2,DEL,K05,morning,13,247.6,47.2,0.117,11.7,32.53,2.781,observed,A,243.0,3
C-S2-DEL,S2,DEL,K05,afternoon,1,317.2,808.0,5.846,256.34,1630.91,6.362,observed,A,243.0,2
C-S2-DEL,S2,DEL,K05,afternoon,5,298.2,331.3,1.692,98.79,472.01,4.778,observed,A,243.0,2
C-S2-DEL,S2,DEL,K05,afternoon,9,272.8,137.4,0.456,37.48,127.21,3.394,observed,A,243.0,2
C-S2-DEL,S2,DEL,K05,afternoon,13,241.1,64.6,0.16,15.59,44.51,2.856,observed,A,243.0,2
C-S2-DEL,S2,DEL,K05,evening,1,319.4,716.4,5.183,228.83,1445.94,6.319,observed,A,243.0,2
C-S2-DEL,S2,DEL,K05,evening,5,300.3,293.7,1.5,88.19,418.47,4.745,observed,A,243.0,2
C-S2-DEL,S2,DEL,K05,evening,9,274.7,121.8,0.404,33.46,112.78,3.371,observed,A,243.0,2
C-S2-DEL,S2,DEL,K05,evening,13,242.8,57.3,0.141,13.91,39.47,2.837,observed,A,243.0,2
C-S2-DEL,S2,DEL,K06,night,1,371.1,109.4,0.556,40.59,155.23,3.824,observed,A,80.0,2
C-S2-DEL,S2,DEL,K06,night,5,348.9,44.8,0.161,15.64,44.93,2.872,observed,A,80.0,2
C-S2-DEL,S2,DEL,K06,night,9,319.2,18.6,0.043,5.93,12.11,2.04,observed,A,80.0,2
C-S2-DEL,S2,DEL,K06,night,13,282.1,8.8,0.015,2.47,4.24,1.717,observed,A,80.0,2
C-S2-DEL,S2,DEL,K06,morning,1,362.1,256.0,1.302,92.69,363.29,3.919,observed,A,80.0,2
C-S2-DEL,S2,DEL,K06,morning,5,340.4,104.9,0.377,35.72,105.14,2.943,observed,A,80.0,2
C-S2-DEL,S2,DEL,K06,morning,9,311.4,43.5,0.102,13.55,28.34,2.091,observed,A,80.0,2
C-S2-DEL,S2,DEL,K06,morning,13,275.2,20.5,0.036,5.64,9.92,1.759,observed,A,80.0,2
C-S2-DEL,S2,DEL,K06,afternoon,1,355.0,329.6,1.677,117.02,467.84,3.998,observed,A,80.0,2
C-S2-DEL,S2,DEL,K06,afternoon,5,333.7,135.2,0.485,45.1,135.4,3.002,observed,A,80.0,2
C-S2-DEL,S2,DEL,K06,afternoon,9,305.3,56.0,0.131,17.11,36.49,2.133,observed,A,80.0,2
C-S2-DEL,S2,DEL,K06,afternoon,13,269.8,26.4,0.046,7.11,12.77,1.795,observed,A,80.0,2
C-S2-DEL,S2,DEL,K06,evening,1,354.3,292.2,1.487,103.53,414.74,4.006,observed,A,80.0,2
C-S2-DEL,S2,DEL,K06,evening,5,333.0,119.8,0.43,39.9,120.03,3.008,observed,A,80.0,2
C-S2-DEL,S2,DEL,K06,evening,9,304.7,49.7,0.116,15.14,32.35,2.137,observed,A,80.0,2
C-S2-DEL,S2,DEL,K06,evening,13,269.3,23.4,0.041,6.29,11.32,1.798,observed,A,80.0,2
C-S2-DEL,S2,DEL,K10,night,1,397.1,119.7,0.307,47.53,85.71,1.803,observed,A,61.0,1
C-S2-DEL,S2,DEL,K10,night,5,373.3,49.1,0.089,18.32,24.8,1.354,observed,A,61.0,1
C-S2-DEL,S2,DEL,K10,night,9,341.5,20.3,0.024,6.95,6.69,0.962,observed,A,61.0,1
C-S2-DEL,S2,DEL,K10,night,13,301.8,9.6,0.008,2.89,2.34,0.809,observed,A,61.0,1
C-S2-DEL,S2,DEL,K10,morning,1,393.4,273.6,0.702,107.64,195.93,1.82,observed,A,61.0,2
C-S2-DEL,S2,DEL,K10,morning,5,369.8,112.2,0.203,41.49,56.7,1.367,observed,A,61.0,2
C-S2-DEL,S2,DEL,K10,morning,9,338.3,46.5,0.055,15.74,15.28,0.971,observed,A,61.0,2
C-S2-DEL,S2,DEL,K10,morning,13,299.0,21.9,0.019,6.54,5.35,0.817,observed,A,61.0,2
C-S2-DEL,S2,DEL,K10,afternoon,1,393.0,353.2,0.906,138.79,252.89,1.822,observed,A,61.0,2
C-S2-DEL,S2,DEL,K10,afternoon,5,369.4,144.8,0.262,53.49,73.19,1.368,observed,A,61.0,2
C-S2-DEL,S2,DEL,K10,afternoon,9,338.0,60.0,0.071,20.29,19.73,0.972,observed,A,61.0,2
C-S2-DEL,S2,DEL,K10,afternoon,13,298.7,28.3,0.025,8.44,6.9,0.818,observed,A,61.0,2
C-S2-DEL,S2,DEL,K10,evening,1,385.2,328.3,0.843,126.48,235.1,1.859,observed,A,61.0,1
C-S2-DEL,S2,DEL,K10,evening,5,362.1,134.6,0.244,48.75,68.04,1.396,observed,A,61.0,1
C-S2-DEL,S2,DEL,K10,evening,9,331.3,55.8,0.066,18.49,18.34,0.992,observed,A,61.0,1
C-S2-DEL,S2,DEL,K10,evening,13,292.8,26.3,0.023,7.69,6.42,0.834,observed,A,61.0,1
C-S2-MUM,S2,MUM,K01,night,1,221.0,131.2,2.282,28.99,636.7,21.964,observed,A,242.0,3
C-S2-MUM,S2,MUM,K01,night,5,207.7,53.8,0.66,11.17,184.27,16.494,observed,A,242.0,3
C-S2-MUM,S2,MUM,K01,night,9,190.1,22.3,0.178,4.24,49.66,11.718,observed,A,242.0,3
C-S2-MUM,S2,MUM,K01,night,13,168.0,10.5,0.062,1.76,17.38,9.86,observed,A,242.0,3
C-S2-MUM,S2,MUM,K01,morning,1,217.5,265.5,4.619,57.74,1288.63,22.318,observed,A,242.0,3
C-S2-MUM,S2,MUM,K01,morning,5,204.4,108.8,1.337,22.25,372.95,16.76,observed,A,242.0,3
C-S2-MUM,S2,MUM,K01,morning,9,187.0,45.1,0.36,8.44,100.51,11.907,observed,A,242.0,3
C-S2-MUM,S2,MUM,K01,morning,13,165.3,21.2,0.126,3.51,35.17,10.019,observed,A,242.0,3
C-S2-MUM,S2,MUM,K01,afternoon,1,218.0,323.6,5.629,70.53,1570.59,22.267,observed,A,242.0,3
C-S2-MUM,S2,MUM,K01,afternoon,5,204.9,132.7,1.629,27.18,454.55,16.721,observed,A,242.0,3
C-S2-MUM,S2,MUM,K01,afternoon,9,187.5,55.0,0.439,10.31,122.51,11.88,observed,A,242.0,3
C-S2-MUM,S2,MUM,K01,afternoon,13,165.7,25.9,0.154,4.29,42.87,9.996,observed,A,242.0,3
C-S2-MUM,S2,MUM,K01,evening,1,215.4,348.2,6.058,75.0,1690.06,22.533,observed,A,242.0,3
C-S2-MUM,S2,MUM,K01,evening,5,202.5,142.8,1.753,28.91,489.12,16.921,observed,A,242.0,3
C-S2-MUM,S2,MUM,K01,evening,9,185.3,59.2,0.472,10.97,131.82,12.022,observed,A,242.0,3
C-S2-MUM,S2,MUM,K01,evening,13,163.7,27.9,0.165,4.56,46.13,10.116,observed,A,242.0,3
C-S2-MUM,S2,MUM,K05,night,1,373.2,187.8,1.442,70.09,402.44,5.741,observed,A,168.0,2
C-S2-MUM,S2,MUM,K05,night,5,350.8,77.0,0.417,27.01,116.47,4.311,observed,A,168.0,2
C-S2-MUM,S2,MUM,K05,night,9,321.0,31.9,0.113,10.25,31.39,3.063,observed,A,168.0,2
C-S2-MUM,S2,MUM,K05,night,13,283.6,15.0,0.039,4.26,10.98,2.577,observed,A,168.0,2
C-S2-MUM,S2,MUM,K05,morning,1,367.8,352.9,2.71,129.81,756.22,5.826,observed,A,168.0,2
C-S2-MUM,S2,MUM,K05,morning,5,345.7,144.7,0.784,50.03,218.86,4.375,observed,A,168.0,2
C-S2-MUM,S2,MUM,K05,morning,9,316.3,60.0,0.211,18.98,58.99,3.108,observed,A,168.0,2
C-S2-MUM,S2,MUM,K05,morning,13,279.5,28.2,0.074,7.89,20.64,2.615,observed,A,168.0,2
C-S2-MUM,S2,MUM,K05,afternoon,1,361.6,467.3,3.589,168.95,1001.21,5.926,observed,A,168.0,2
C-S2-MUM,S2,MUM,K05,afternoon,5,339.9,191.6,1.039,65.11,289.76,4.45,observed,A,168.0,2
C-S2-MUM,S2,MUM,K05,afternoon,9,311.0,79.4,0.28,24.7,78.09,3.162,observed,A,168.0,2
C-S2-MUM,S2,MUM,K05,afternoon,13,274.8,37.4,0.098,10.27,27.33,2.66,observed,A,168.0,2
C-S2-MUM,S2,MUM,K05,evening,1,367.9,427.8,3.286,157.38,916.66,5.824,observed,A,168.0,2
C-S2-MUM,S2,MUM,K05,evening,5,345.8,175.4,0.951,60.66,265.29,4.374,observed,A,168.0,2
C-S2-MUM,S2,MUM,K05,evening,9,316.4,72.7,0.256,23.01,71.5,3.107,observed,A,168.0,2
C-S2-MUM,S2,MUM,K05,evening,13,279.6,34.2,0.09,9.57,25.02,2.615,observed,A,168.0,2
C-S2-MUM,S2,MUM,K06,night,1,436.9,46.6,0.208,20.36,58.06,2.852,observed,B,16.0,3
C-S2-MUM,S2,MUM,K06,night,5,410.7,19.1,0.06,7.85,16.8,2.142,observed,B,16.0,3
C-S2-MUM,S2,MUM,K06,night,9,375.7,7.9,0.016,2.98,4.53,1.522,observed,B,16.0,3
C-S2-MUM,S2,MUM,K06,night,13,332.1,3.7,0.006,1.24,1.58,1.28,observed,B,16.0,3
C-S2-MUM,S2,MUM,K06,morning,1,423.5,110.4,0.493,46.78,137.61,2.942,observed,B,16.0,3
C-S2-MUM,S2,MUM,K06,morning,5,398.1,45.3,0.143,18.03,39.83,2.209,observed,B,16.0,3
C-S2-MUM,S2,MUM,K06,morning,9,364.3,18.8,0.038,6.84,10.73,1.57,observed,B,16.0,3
C-S2-MUM,S2,MUM,K06,morning,13,321.9,8.8,0.013,2.84,3.76,1.321,observed,B,16.0,3
C-S2-MUM,S2,MUM,K06,afternoon,1,420.9,132.7,0.593,55.85,165.32,2.96,observed,B,16.0,3
C-S2-MUM,S2,MUM,K06,afternoon,5,395.7,54.4,0.171,21.52,47.85,2.223,observed,B,16.0,3
C-S2-MUM,S2,MUM,K06,afternoon,9,362.0,22.6,0.046,8.16,12.9,1.579,observed,B,16.0,3
C-S2-MUM,S2,MUM,K06,afternoon,13,319.9,10.6,0.016,3.4,4.51,1.329,observed,B,16.0,3
C-S2-MUM,S2,MUM,K06,evening,1,416.9,136.2,0.608,56.79,169.74,2.989,observed,B,16.0,3
C-S2-MUM,S2,MUM,K06,evening,5,391.9,55.9,0.176,21.89,49.12,2.244,observed,B,16.0,3
C-S2-MUM,S2,MUM,K06,evening,9,358.6,23.2,0.047,8.3,13.24,1.594,observed,B,16.0,3
C-S2-MUM,S2,MUM,K06,evening,13,316.9,10.9,0.017,3.45,4.63,1.342,observed,B,16.0,3
C-S2-MUM,S2,MUM,K10,night,1,444.9,89.1,0.183,39.63,51.08,1.289,observed,A,29.0,2
C-S2-MUM,S2,MUM,K10,night,5,418.2,36.5,0.053,15.27,14.78,0.968,observed,A,29.0,2
C-S2-MUM,S2,MUM,K10,night,9,382.6,15.1,0.014,5.79,3.98,0.688,observed,A,29.0,2
C-S2-MUM,S2,MUM,K10,night,13,338.1,7.1,0.005,2.41,1.39,0.579,observed,A,29.0,2
C-S2-MUM,S2,MUM,K10,morning,1,436.6,186.5,0.383,81.42,106.95,1.313,observed,A,29.0,2
C-S2-MUM,S2,MUM,K10,morning,5,410.4,76.5,0.111,31.38,30.95,0.986,observed,A,29.0,2
C-S2-MUM,S2,MUM,K10,morning,9,375.5,31.7,0.03,11.9,8.34,0.701,observed,A,29.0,2
C-S2-MUM,S2,MUM,K10,morning,13,331.8,14.9,0.01,4.95,2.92,0.59,observed,A,29.0,2
C-S2-MUM,S2,MUM,K10,afternoon,1,433.2,235.3,0.484,101.95,134.94,1.324,observed,A,29.0,2
C-S2-MUM,S2,MUM,K10,afternoon,5,407.2,96.5,0.14,39.29,39.05,0.994,observed,A,29.0,2
C-S2-MUM,S2,MUM,K10,afternoon,9,372.6,40.0,0.038,14.91,10.53,0.706,observed,A,29.0,2
C-S2-MUM,S2,MUM,K10,afternoon,13,329.3,18.8,0.013,6.2,3.68,0.594,observed,A,29.0,2
C-S2-MUM,S2,MUM,K10,evening,1,433.5,240.4,0.494,104.21,137.85,1.323,observed,A,29.0,2
C-S2-MUM,S2,MUM,K10,evening,5,407.5,98.6,0.143,40.16,39.89,0.993,observed,A,29.0,2
C-S2-MUM,S2,MUM,K10,evening,9,372.8,40.9,0.039,15.24,10.75,0.706,observed,A,29.0,2
C-S2-MUM,S2,MUM,K10,evening,13,329.5,19.2,0.013,6.34,3.76,0.594,observed,A,29.0,2
C-S2-BLR,S2,BLR,K01,night,1,213.5,93.9,1.395,20.05,389.11,19.412,observed,A,166.0,3
C-S2-BLR,S2,BLR,K01,night,5,200.7,38.5,0.404,7.73,112.61,14.577,observed,A,166.0,3
C-S2-BLR,S2,BLR,K01,night,9,183.6,16.0,0.109,2.93,30.35,10.357,observed,A,166.0,3
C-S2-BLR,S2,BLR,K01,night,13,162.3,7.5,0.038,1.22,10.62,8.714,observed,A,166.0,3
C-S2-BLR,S2,BLR,K01,morning,1,213.5,225.9,3.357,48.23,936.51,19.417,observed,A,166.0,3
C-S2-BLR,S2,BLR,K01,morning,5,200.7,92.6,0.971,18.59,271.04,14.581,observed,A,166.0,3
C-S2-BLR,S2,BLR,K01,morning,9,183.6,38.4,0.262,7.05,73.05,10.359,observed,A,166.0,3
C-S2-BLR,S2,BLR,K01,morning,13,162.2,18.1,0.092,2.93,25.56,8.717,observed,A,166.0,3
C-S2-BLR,S2,BLR,K01,afternoon,1,214.1,297.5,4.42,63.71,1233.19,19.357,observed,A,166.0,3
C-S2-BLR,S2,BLR,K01,afternoon,5,201.3,122.0,1.279,24.55,356.9,14.536,observed,A,166.0,3
C-S2-BLR,S2,BLR,K01,afternoon,9,184.2,50.6,0.345,9.31,96.19,10.327,observed,A,166.0,3
C-S2-BLR,S2,BLR,K01,afternoon,13,162.7,23.8,0.121,3.87,33.66,8.69,observed,A,166.0,3
C-S2-BLR,S2,BLR,K01,evening,1,211.0,342.1,5.082,72.16,1417.88,19.648,observed,A,166.0,3
C-S2-BLR,S2,BLR,K01,evening,5,198.3,140.3,1.471,27.81,410.35,14.755,observed,A,166.0,3
C-S2-BLR,S2,BLR,K01,evening,9,181.4,58.2,0.396,10.55,110.59,10.483,observed,A,166.0,3
C-S2-BLR,S2,BLR,K01,evening,13,160.3,27.4,0.139,4.39,38.7,8.82,observed,A,166.0,3
C-S2-BLR,S2,BLR,K05,night,1,354.4,169.1,1.235,59.94,344.65,5.749,observed,A,205.0,2
C-S2-BLR,S2,BLR,K05,night,5,333.2,69.3,0.358,23.1,99.75,4.318,observed,A,205.0,2
C-S2-BLR,S2,BLR,K05,night,9,304.8,28.8,0.096,8.76,26.88,3.067,observed,A,205.0,2
C-S2-BLR,S2,BLR,K05,night,13,269.4,13.5,0.034,3.64,9.41,2.581,observed,A,205.0,2
C-S2-BLR,S2,BLR,K05,morning,1,343.4,399.1,2.915,137.04,813.28,5.935,observed,A,205.0,2
C-S2-BLR,S2,BLR,K05,morning,5,322.8,163.6,0.844,52.81,235.37,4.457,observed,A,205.0,2
C-S2-BLR,S2,BLR,K05,morning,9,295.3,67.8,0.227,20.03,63.44,3.166,observed,A,205.0,2
C-S2-BLR,S2,BLR,K05,morning,13,261.0,31.9,0.08,8.33,22.2,2.664,observed,A,205.0,2
C-S2-BLR,S2,BLR,K05,afternoon,1,342.1,515.5,3.766,176.35,1050.58,5.957,observed,A,205.0,2
C-S2-BLR,S2,BLR,K05,afternoon,5,321.5,211.4,1.09,67.96,304.05,4.474,observed,A,205.0,2
C-S2-BLR,S2,BLR,K05,afternoon,9,294.2,87.6,0.294,25.78,81.94,3.178,observed,A,205.0,2
C-S2-BLR,S2,BLR,K05,afternoon,13,260.0,41.2,0.103,10.72,28.67,2.674,observed,A,205.0,2
C-S2-BLR,S2,BLR,K05,evening,1,330.0,625.1,4.566,206.29,1273.91,6.175,observed,A,205.0,2
C-S2-BLR,S2,BLR,K05,evening,5,310.2,256.3,1.321,79.5,368.68,4.637,observed,A,205.0,2
C-S2-BLR,S2,BLR,K05,evening,9,283.8,106.3,0.356,30.16,99.36,3.295,observed,A,205.0,2
C-S2-BLR,S2,BLR,K05,evening,13,250.8,50.0,0.125,12.54,34.77,2.772,observed,A,205.0,2
C-S2-BLR,S2,BLR,K06,night,1,409.1,54.7,0.293,22.38,81.73,3.652,observed,A,31.0,3
C-S2-BLR,S2,BLR,K06,night,5,384.6,22.4,0.085,8.62,23.65,2.743,observed,A,31.0,3
C-S2-BLR,S2,BLR,K06,night,9,351.9,9.3,0.023,3.27,6.38,1.949,observed,A,31.0,3
C-S2-BLR,S2,BLR,K06,night,13,310.9,4.4,0.008,1.36,2.23,1.64,observed,A,31.0,3
C-S2-BLR,S2,BLR,K06,morning,1,393.6,132.8,0.711,52.29,198.5,3.796,observed,A,31.0,3
C-S2-BLR,S2,BLR,K06,morning,5,370.0,54.5,0.206,20.15,57.45,2.851,observed,A,31.0,3
C-S2-BLR,S2,BLR,K06,morning,9,338.5,22.6,0.055,7.64,15.48,2.025,observed,A,31.0,3
C-S2-BLR,S2,BLR,K06,morning,13,299.2,10.6,0.019,3.18,5.42,1.704,observed,A,31.0,3
C-S2-BLR,S2,BLR,K06,afternoon,1,391.2,162.6,0.871,63.6,242.96,3.82,observed,A,31.0,3
C-S2-BLR,S2,BLR,K06,afternoon,5,367.7,66.7,0.252,24.51,70.32,2.869,observed,A,31.0,3
C-S2-BLR,S2,BLR,K06,afternoon,9,336.4,27.6,0.068,9.3,18.95,2.038,observed,A,31.0,3
C-S2-BLR,S2,BLR,K06,afternoon,13,297.3,13.0,0.024,3.87,6.63,1.715,observed,A,31.0,3
C-S2-BLR,S2,BLR,K06,evening,1,381.0,193.9,1.038,73.86,289.71,3.923,observed,A,31.0,3
C-S2-BLR,S2,BLR,K06,evening,5,358.1,79.5,0.301,28.47,83.85,2.946,observed,A,31.0,3
C-S2-BLR,S2,BLR,K06,evening,9,327.6,33.0,0.081,10.8,22.6,2.093,observed,A,31.0,3
C-S2-BLR,S2,BLR,K06,evening,13,289.5,15.5,0.028,4.49,7.91,1.761,observed,A,31.0,3
C-S2-BLR,S2,BLR,K10,night,1,426.6,60.3,0.142,25.73,39.51,1.536,observed,A,30.0,2
C-S2-BLR,S2,BLR,K10,night,5,401.0,24.7,0.041,9.91,11.44,1.153,observed,A,30.0,2
C-S2-BLR,S2,BLR,K10,night,9,366.9,10.3,0.011,3.76,3.08,0.819,observed,A,30.0,2
C-S2-BLR,S2,BLR,K10,night,13,324.2,4.8,0.004,1.56,1.08,0.689,observed,A,30.0,2
C-S2-BLR,S2,BLR,K10,morning,1,412.6,173.5,0.407,71.56,113.66,1.588,observed,A,30.0,2
C-S2-BLR,S2,BLR,K10,morning,5,387.8,71.1,0.118,27.58,32.89,1.193,observed,A,30.0,2
C-S2-BLR,S2,BLR,K10,morning,9,354.8,29.5,0.032,10.46,8.87,0.847,observed,A,30.0,2
C-S2-BLR,S2,BLR,K10,morning,13,313.5,13.9,0.011,4.35,3.1,0.713,observed,A,30.0,2
C-S2-BLR,S2,BLR,K10,afternoon,1,415.0,202.9,0.477,84.2,132.95,1.579,observed,A,30.0,2
C-S2-BLR,S2,BLR,K10,afternoon,5,390.1,83.2,0.138,32.45,38.48,1.186,observed,A,30.0,2
C-S2-BLR,S2,BLR,K10,afternoon,9,356.9,34.5,0.037,12.31,10.37,0.842,observed,A,30.0,2
C-S2-BLR,S2,BLR,K10,afternoon,13,315.4,16.2,0.013,5.12,3.63,0.709,observed,A,30.0,2
C-S2-BLR,S2,BLR,K10,evening,1,407.6,240.9,0.566,98.18,157.82,1.607,observed,A,30.0,2
C-S2-BLR,S2,BLR,K10,evening,5,383.2,98.8,0.164,37.84,45.67,1.207,observed,A,30.0,2
C-S2-BLR,S2,BLR,K10,evening,9,350.5,40.9,0.044,14.35,12.31,0.858,observed,A,30.0,2
C-S2-BLR,S2,BLR,K10,evening,13,309.8,19.3,0.015,5.97,4.31,0.722,observed,A,30.0,2
C-S2-HYD,S2,HYD,K01,night,1,191.1,58.0,1.149,11.08,320.47,28.914,observed,A,117.0,4
C-S2-HYD,S2,HYD,K01,night,5,179.6,23.8,0.332,4.27,92.75,21.713,observed,A,117.0,4
C-S2-HYD,S2,HYD,K01,night,9,164.4,9.9,0.09,1.62,25.0,15.426,observed,A,117.0,4
C-S2-HYD,S2,HYD,K01,night,13,145.2,4.6,0.031,0.67,8.75,12.98,observed,A,117.0,4
C-S2-HYD,S2,HYD,K01,morning,1,195.6,150.9,2.988,29.51,833.77,28.255,observed,A,117.0,4
C-S2-HYD,S2,HYD,K01,morning,5,183.8,61.9,0.865,11.37,241.3,21.218,observed,A,117.0,4
C-S2-HYD,S2,HYD,K01,morning,9,168.2,25.7,0.233,4.31,65.03,15.075,observed,A,117.0,4
C-S2-HYD,S2,HYD,K01,morning,13,148.6,12.1,0.082,1.79,22.76,12.684,observed,A,117.0,4
C-S2-HYD,S2,HYD,K01,afternoon,1,196.5,182.4,3.612,35.84,1007.7,28.118,observed,A,117.0,4
C-S2-HYD,S2,HYD,K01,afternoon,5,184.7,74.8,1.045,13.81,291.64,21.115,observed,A,117.0,4
C-S2-HYD,S2,HYD,K01,afternoon,9,169.0,31.0,0.282,5.24,78.6,15.002,observed,A,117.0,4
C-S2-HYD,S2,HYD,K01,afternoon,13,149.4,14.6,0.099,2.18,27.5,12.623,observed,A,117.0,4
C-S2-HYD,S2,HYD,K01,evening,1,195.0,167.8,3.324,32.73,927.44,28.34,observed,A,117.0,4
C-S2-HYD,S2,HYD,K01,evening,5,183.3,68.8,0.962,12.61,268.41,21.281,observed,A,117.0,4
C-S2-HYD,S2,HYD,K01,evening,9,167.7,28.5,0.259,4.78,72.34,15.12,observed,A,117.0,4
C-S2-HYD,S2,HYD,K01,evening,13,148.2,13.4,0.091,1.99,25.31,12.722,observed,A,117.0,4
C-S2-HYD,S2,HYD,K05,night,1,320.7,102.8,0.865,32.96,241.23,7.318,observed,A,130.0,2
C-S2-HYD,S2,HYD,K05,night,5,301.4,42.1,0.25,12.7,69.82,5.496,observed,A,130.0,2
C-S2-HYD,S2,HYD,K05,night,9,275.8,17.5,0.067,4.82,18.82,3.905,observed,A,130.0,2
C-S2-HYD,S2,HYD,K05,night,13,243.7,8.2,0.024,2.0,6.58,3.285,observed,A,130.0,2
C-S2-HYD,S2,HYD,K05,morning,1,311.5,252.8,2.126,78.74,593.27,7.535,observed,A,130.0,2
C-S2-HYD,S2,HYD,K05,morning,5,292.8,103.6,0.615,30.35,171.7,5.658,observed,A,130.0,2
C-S2-HYD,S2,HYD,K05,morning,9,267.9,43.0,0.166,11.51,46.27,4.02,observed,A,130.0,2
C-S2-HYD,S2,HYD,K05,morning,13,236.7,20.2,0.058,4.79,16.19,3.383,observed,A,130.0,2
C-S2-HYD,S2,HYD,K05,afternoon,1,308.0,313.5,2.637,96.55,735.65,7.619,observed,A,130.0,2
C-S2-HYD,S2,HYD,K05,afternoon,5,289.5,128.5,0.763,37.21,212.9,5.722,observed,A,130.0,2
C-S2-HYD,S2,HYD,K05,afternoon,9,264.9,53.3,0.206,14.12,57.38,4.065,observed,A,130.0,2
C-S2-HYD,S2,HYD,K05,afternoon,13,234.1,25.1,0.072,5.87,20.08,3.42,observed,A,130.0,2
C-S2-HYD,S2,HYD,K05,evening,1,306.6,278.7,2.344,85.45,653.96,7.653,observed,A,130.0,2
C-S2-HYD,S2,HYD,K05,evening,5,288.2,114.2,0.678,32.93,189.26,5.747,observed,A,130.0,2
C-S2-HYD,S2,HYD,K05,evening,9,263.7,47.4,0.183,12.49,51.01,4.083,observed,A,130.0,2
C-S2-HYD,S2,HYD,K05,evening,13,233.0,22.3,0.064,5.2,17.85,3.436,observed,A,130.0,2
C-S2-HYD,S2,HYD,K06,night,1,352.3,46.0,0.212,16.19,59.26,3.66,observed,A,37.0,2
C-S2-HYD,S2,HYD,K06,night,5,331.1,18.8,0.061,6.24,17.15,2.748,observed,A,37.0,2
C-S2-HYD,S2,HYD,K06,night,9,303.0,7.8,0.017,2.37,4.62,1.953,observed,A,37.0,2
C-S2-HYD,S2,HYD,K06,night,13,267.7,3.7,0.006,0.98,1.62,1.643,observed,A,37.0,2
C-S2-HYD,S2,HYD,K06,morning,1,344.8,124.1,0.574,42.8,160.03,3.739,observed,A,37.0,2
C-S2-HYD,S2,HYD,K06,morning,5,324.2,50.9,0.166,16.49,46.31,2.808,observed,A,37.0,2
C-S2-HYD,S2,HYD,K06,morning,9,296.6,21.1,0.045,6.26,12.48,1.995,observed,A,37.0,2
C-S2-HYD,S2,HYD,K06,morning,13,262.1,9.9,0.016,2.6,4.37,1.679,observed,A,37.0,2
C-S2-HYD,S2,HYD,K06,afternoon,1,339.3,162.3,0.75,55.07,209.26,3.8,observed,A,37.0,2
C-S2-HYD,S2,HYD,K06,afternoon,5,319.0,66.5,0.217,21.22,60.56,2.853,observed,A,37.0,2
C-S2-HYD,S2,HYD,K06,afternoon,9,291.8,27.6,0.059,8.05,16.32,2.027,observed,A,37.0,2
C-S2-HYD,S2,HYD,K06,afternoon,13,257.9,13.0,0.02,3.35,5.71,1.706,observed,A,37.0,2
C-S2-HYD,S2,HYD,K06,evening,1,341.0,135.5,0.626,46.2,174.71,3.782,observed,A,37.0,2
C-S2-HYD,S2,HYD,K06,evening,5,320.5,55.6,0.181,17.81,50.56,2.84,observed,A,37.0,2
C-S2-HYD,S2,HYD,K06,evening,9,293.2,23.0,0.049,6.75,13.63,2.018,observed,A,37.0,2
C-S2-HYD,S2,HYD,K06,evening,13,259.1,10.8,0.017,2.81,4.77,1.698,observed,A,37.0,2
C-S2-HYD,S2,HYD,K10,night,1,377.5,34.1,0.07,12.88,19.59,1.521,observed,B,16.0,1
C-S2-HYD,S2,HYD,K10,night,5,354.8,14.0,0.02,4.96,5.67,1.142,observed,B,16.0,1
C-S2-HYD,S2,HYD,K10,night,9,324.6,5.8,0.005,1.88,1.53,0.811,observed,B,16.0,1
C-S2-HYD,S2,HYD,K10,night,13,286.9,2.7,0.002,0.78,0.53,0.683,observed,B,16.0,1
C-S2-HYD,S2,HYD,K10,morning,1,367.9,100.0,0.206,36.79,57.4,1.56,observed,B,16.0,2
C-S2-HYD,S2,HYD,K10,morning,5,345.9,41.0,0.06,14.18,16.61,1.172,observed,B,16.0,2
C-S2-HYD,S2,HYD,K10,morning,9,316.4,17.0,0.016,5.38,4.48,0.832,observed,B,16.0,2
C-S2-HYD,S2,HYD,K10,morning,13,279.6,8.0,0.006,2.24,1.57,0.7,observed,B,16.0,2
C-S2-HYD,S2,HYD,K10,afternoon,1,363.4,128.2,0.264,46.58,73.57,1.58,observed,B,16.0,2
C-S2-HYD,S2,HYD,K10,afternoon,5,341.6,52.5,0.076,17.95,21.29,1.186,observed,B,16.0,2
C-S2-HYD,S2,HYD,K10,afternoon,9,312.5,21.8,0.021,6.81,5.74,0.843,observed,B,16.0,2
C-S2-HYD,S2,HYD,K10,afternoon,13,276.2,10.3,0.007,2.83,2.01,0.709,observed,B,16.0,2
C-S2-HYD,S2,HYD,K10,evening,1,365.6,106.3,0.219,38.87,61.03,1.57,observed,B,16.0,2
C-S2-HYD,S2,HYD,K10,evening,5,343.7,43.6,0.063,14.98,17.66,1.179,observed,B,16.0,2
C-S2-HYD,S2,HYD,K10,evening,9,314.4,18.1,0.017,5.68,4.76,0.838,observed,B,16.0,2
C-S2-HYD,S2,HYD,K10,evening,13,277.9,8.5,0.006,2.36,1.67,0.705,observed,B,16.0,2
C-S2-PUN,S2,PUN,K01,night,1,181.5,40.3,0.648,7.31,180.82,24.722,observed,A,66.0,4
C-S2-PUN,S2,PUN,K01,night,5,170.6,16.5,0.188,2.82,52.33,18.565,observed,A,66.0,4
C-S2-PUN,S2,PUN,K01,night,9,156.1,6.8,0.051,1.07,14.1,13.19,observed,A,66.0,4
C-S2-PUN,S2,PUN,K01,night,13,138.0,3.2,0.018,0.44,4.94,11.098,observed,A,66.0,4
C-S2-PUN,S2,PUN,K01,morning,1,185.8,111.9,1.799,20.78,501.93,24.15,observed,A,66.0,4
C-S2-PUN,S2,PUN,K01,morning,5,174.7,45.9,0.521,8.01,145.26,18.135,observed,A,66.0,4
C-S2-PUN,S2,PUN,K01,morning,9,159.8,19.0,0.14,3.04,39.15,12.884,observed,A,66.0,4
C-S2-PUN,S2,PUN,K01,morning,13,141.2,8.9,0.049,1.26,13.7,10.841,observed,A,66.0,4
C-S2-PUN,S2,PUN,K01,afternoon,1,186.2,143.2,2.304,26.67,642.75,24.099,observed,A,66.0,4
C-S2-PUN,S2,PUN,K01,afternoon,5,175.0,58.7,0.667,10.28,186.02,18.097,observed,A,66.0,4
C-S2-PUN,S2,PUN,K01,afternoon,9,160.1,24.3,0.18,3.9,50.13,12.857,observed,A,66.0,4
C-S2-PUN,S2,PUN,K01,afternoon,13,141.5,11.5,0.063,1.62,17.54,10.819,observed,A,66.0,4
C-S2-PUN,S2,PUN,K01,evening,1,184.5,116.4,1.873,21.49,522.49,24.317,observed,A,66.0,4
C-S2-PUN,S2,PUN,K01,evening,5,173.5,47.7,0.542,8.28,151.21,18.261,observed,A,66.0,4
C-S2-PUN,S2,PUN,K01,evening,9,158.7,19.8,0.146,3.14,40.75,12.973,observed,A,66.0,4
C-S2-PUN,S2,PUN,K01,evening,13,140.3,9.3,0.051,1.31,14.26,10.916,observed,A,66.0,4
C-S2-PUN,S2,PUN,K05,night,1,309.6,64.5,0.519,19.98,144.67,7.239,observed,A,75.0,2
C-S2-PUN,S2,PUN,K05,night,5,291.0,26.5,0.15,7.7,41.87,5.436,observed,A,75.0,2
C-S2-PUN,S2,PUN,K05,night,9,266.3,11.0,0.04,2.92,11.28,3.862,observed,A,75.0,2
C-S2-PUN,S2,PUN,K05,night,13,235.3,5.2,0.014,1.22,3.95,3.25,observed,A,75.0,2
C-S2-PUN,S2,PUN,K05,morning,1,297.8,159.1,1.278,47.38,356.59,7.527,observed,A,75.0,2
C-S2-PUN,S2,PUN,K05,morning,5,279.9,65.2,0.37,18.26,103.2,5.652,observed,A,75.0,2
C-S2-PUN,S2,PUN,K05,morning,9,256.1,27.0,0.1,6.93,27.81,4.016,observed,A,75.0,2
C-S2-PUN,S2,PUN,K05,morning,13,226.3,12.7,0.035,2.88,9.73,3.379,observed,A,75.0,2
C-S2-PUN,S2,PUN,K05,afternoon,1,296.1,198.7,1.596,58.84,445.33,7.569,observed,A,75.0,2
C-S2-PUN,S2,PUN,K05,afternoon,5,278.4,81.5,0.462,22.68,128.88,5.684,observed,A,75.0,2
C-S2-PUN,S2,PUN,K05,afternoon,9,254.7,33.8,0.125,8.6,34.74,4.038,observed,A,75.0,2
C-S2-PUN,S2,PUN,K05,afternoon,13,225.1,15.9,0.044,3.58,12.15,3.398,observed,A,75.0,2
C-S2-PUN,S2,PUN,K05,evening,1,293.9,170.6,1.371,50.15,382.47,7.627,observed,A,75.0,2
C-S2-PUN,S2,PUN,K05,evening,5,276.3,70.0,0.397,19.33,110.69,5.727,observed,A,75.0,2
C-S2-PUN,S2,PUN,K05,evening,9,252.7,29.0,0.107,7.33,29.83,4.069,observed,A,75.0,2
C-S2-PUN,S2,PUN,K05,evening,13,223.4,13.7,0.037,3.05,10.44,3.424,observed,A,75.0,2
C-S2-PUN,S2,PUN,K06,night,1,351.6,22.1,0.116,7.79,32.22,4.138,observed,B,16.0,3
C-S2-PUN,S2,PUN,K06,night,5,330.5,9.1,0.033,3.0,9.33,3.108,observed,B,16.0,3
C-S2-PUN,S2,PUN,K06,night,9,302.4,3.8,0.009,1.14,2.51,2.208,observed,B,16.0,3
C-S2-PUN,S2,PUN,K06,night,13,267.2,1.8,0.003,0.47,0.88,1.858,observed,B,16.0,3
C-S2-PUN,S2,PUN,K06,morning,1,348.1,68.5,0.357,23.86,99.7,4.179,observed,B,16.0,3
C-S2-PUN,S2,PUN,K06,morning,5,327.3,28.1,0.103,9.19,28.85,3.138,observed,B,16.0,3
C-S2-PUN,S2,PUN,K06,morning,9,299.4,11.6,0.028,3.49,7.78,2.23,observed,B,16.0,3
C-S2-PUN,S2,PUN,K06,morning,13,264.6,5.5,0.01,1.45,2.72,1.876,observed,B,16.0,3
C-S2-PUN,S2,PUN,K06,afternoon,1,345.3,91.6,0.478,31.64,133.32,4.213,observed,B,16.0,3
C-S2-PUN,S2,PUN,K06,afternoon,5,324.6,37.6,0.138,12.19,38.58,3.164,observed,B,16.0,3
C-S2-PUN,S2,PUN,K06,afternoon,9,297.0,15.6,0.037,4.63,10.4,2.248,observed,B,16.0,3
C-S2-PUN,S2,PUN,K06,afternoon,13,262.5,7.3,0.013,1.92,3.64,1.891,observed,B,16.0,3
C-S2-PUN,S2,PUN,K06,evening,1,344.4,73.3,0.382,25.24,106.63,4.224,observed,B,16.0,3
C-S2-PUN,S2,PUN,K06,evening,5,323.8,30.0,0.111,9.73,30.86,3.172,observed,B,16.0,3
C-S2-PUN,S2,PUN,K06,evening,9,296.2,12.5,0.03,3.69,8.32,2.254,observed,B,16.0,3
C-S2-PUN,S2,PUN,K06,evening,13,261.8,5.9,0.01,1.53,2.91,1.896,observed,B,16.0,3
C-S2-PUN,S2,PUN,K10,night,1,365.9,21.6,0.037,7.91,10.2,1.29,observed,C,6.0,1
C-S2-PUN,S2,PUN,K10,night,5,344.0,8.9,0.011,3.05,2.95,0.968,observed,C,6.0,1
C-S2-PUN,S2,PUN,K10,night,9,314.7,3.7,0.003,1.16,0.8,0.688,observed,C,6.0,1
C-S2-PUN,S2,PUN,K10,night,13,278.1,1.7,0.001,0.48,0.28,0.579,observed,C,6.0,1
C-S2-PUN,S2,PUN,K10,morning,1,362.1,70.2,0.119,25.41,33.12,1.303,observed,C,6.0,2
C-S2-PUN,S2,PUN,K10,morning,5,340.4,28.8,0.034,9.79,9.58,0.979,observed,C,6.0,2
C-S2-PUN,S2,PUN,K10,morning,9,311.4,11.9,0.009,3.71,2.58,0.695,observed,C,6.0,2
C-S2-PUN,S2,PUN,K10,morning,13,275.2,5.6,0.003,1.54,0.9,0.585,observed,C,6.0,2
C-S2-PUN,S2,PUN,K10,afternoon,1,362.1,92.3,0.156,33.43,43.56,1.303,observed,C,6.0,2
C-S2-PUN,S2,PUN,K10,afternoon,5,340.4,37.9,0.045,12.88,12.61,0.979,observed,C,6.0,2
C-S2-PUN,S2,PUN,K10,afternoon,9,311.4,15.7,0.012,4.89,3.4,0.695,observed,C,6.0,2
C-S2-PUN,S2,PUN,K10,afternoon,13,275.2,7.4,0.004,2.03,1.19,0.585,observed,C,6.0,2
C-S2-PUN,S2,PUN,K10,evening,1,356.8,72.4,0.123,25.84,34.18,1.323,observed,C,6.0,2
C-S2-PUN,S2,PUN,K10,evening,5,335.4,29.7,0.035,9.96,9.89,0.993,observed,C,6.0,2
C-S2-PUN,S2,PUN,K10,evening,9,306.8,12.3,0.01,3.78,2.67,0.706,observed,C,6.0,2
C-S2-PUN,S2,PUN,K10,evening,13,271.2,5.8,0.003,1.57,0.93,0.594,observed,C,6.0,2
C-S3-DEL,S3,DEL,K01,night,1,208.8,68.6,1.321,14.31,196.81,13.751,observed,A,56.0,8
C-S3-DEL,S3,DEL,K01,night,5,196.2,28.1,0.382,5.52,56.96,10.326,observed,A,56.0,8
C-S3-DEL,S3,DEL,K01,night,9,179.5,11.7,0.103,2.09,15.35,7.337,observed,A,56.0,8
C-S3-DEL,S3,DEL,K01,night,13,158.7,5.5,0.036,0.87,5.37,6.173,observed,A,56.0,8
C-S3-DEL,S3,DEL,K01,morning,1,213.5,174.5,3.362,37.26,500.94,13.444,observed,A,56.0,8
C-S3-DEL,S3,DEL,K01,morning,5,200.7,71.5,0.973,14.36,144.98,10.096,observed,A,56.0,8
C-S3-DEL,S3,DEL,K01,morning,9,183.6,29.7,0.262,5.45,39.07,7.173,observed,A,56.0,8
C-S3-DEL,S3,DEL,K01,morning,13,162.3,14.0,0.092,2.27,13.67,6.035,observed,A,56.0,8
C-S3-DEL,S3,DEL,K01,afternoon,1,215.2,217.2,4.184,46.74,623.46,13.34,observed,A,56.0,8
C-S3-DEL,S3,DEL,K01,afternoon,5,202.3,89.0,1.211,18.01,180.44,10.018,observed,A,56.0,8
C-S3-DEL,S3,DEL,K01,afternoon,9,185.1,36.9,0.326,6.83,48.63,7.117,observed,A,56.0,8
C-S3-DEL,S3,DEL,K01,afternoon,13,163.6,17.4,0.114,2.84,17.02,5.989,observed,A,56.0,8
C-S3-DEL,S3,DEL,K01,evening,1,210.1,318.9,6.145,67.02,915.6,13.661,observed,A,56.0,6
C-S3-DEL,S3,DEL,K01,evening,5,197.5,130.8,1.778,25.83,264.98,10.259,observed,A,56.0,6
C-S3-DEL,S3,DEL,K01,evening,9,180.7,54.2,0.479,9.8,71.42,7.288,observed,A,56.0,6
C-S3-DEL,S3,DEL,K01,evening,13,159.7,25.5,0.168,4.07,24.99,6.133,observed,A,56.0,6
C-S3-DEL,S3,DEL,K02,night,1,208.4,65.0,1.626,13.55,242.29,17.886,observed,A,227.0,2
C-S3-DEL,S3,DEL,K02,night,5,195.9,26.6,0.471,5.22,70.12,13.431,observed,A,227.0,2
C-S3-DEL,S3,DEL,K02,night,9,179.3,11.0,0.127,1.98,18.9,9.542,observed,A,227.0,2
C-S3-DEL,S3,DEL,K02,night,13,158.4,5.2,0.044,0.82,6.61,8.029,observed,A,227.0,2
C-S3-DEL,S3,DEL,K02,morning,1,202.4,147.0,3.679,29.75,548.12,18.423,observed,A,227.0,2
C-S3-DEL,S3,DEL,K02,morning,5,190.2,60.3,1.065,11.47,158.63,13.834,observed,A,227.0,2
C-S3-DEL,S3,DEL,K02,morning,9,174.0,25.0,0.287,4.35,42.75,9.829,observed,A,227.0,2
C-S3-DEL,S3,DEL,K02,morning,13,153.8,11.8,0.1,1.81,14.96,8.27,observed,A,227.0,2
C-S3-DEL,S3,DEL,K02,afternoon,1,202.1,189.5,4.742,38.3,706.6,18.45,observed,A,227.0,2
C-S3-DEL,S3,DEL,K02,afternoon,5,189.9,77.7,1.372,14.76,204.5,13.855,observed,A,227.0,2
C-S3-DEL,S3,DEL,K02,afternoon,9,173.8,32.2,0.37,5.6,55.11,9.844,observed,A,227.0,2
C-S3-DEL,S3,DEL,K02,afternoon,13,153.6,15.2,0.129,2.33,19.29,8.283,observed,A,227.0,2
C-S3-DEL,S3,DEL,K02,evening,1,199.5,175.2,4.384,34.96,653.25,18.686,observed,A,227.0,2
C-S3-DEL,S3,DEL,K02,evening,5,187.5,71.8,1.269,13.47,189.06,14.032,observed,A,227.0,2
C-S3-DEL,S3,DEL,K02,evening,9,171.6,29.8,0.342,5.11,50.95,9.969,observed,A,227.0,2
C-S3-DEL,S3,DEL,K02,evening,13,151.6,14.0,0.12,2.13,17.83,8.389,observed,A,227.0,2
C-S3-DEL,S3,DEL,K03,night,1,283.8,789.0,4.548,223.93,677.69,3.026,observed,A,448.0,3
C-S3-DEL,S3,DEL,K03,night,5,266.8,323.5,1.316,86.3,196.13,2.273,observed,A,448.0,3
C-S3-DEL,S3,DEL,K03,night,9,244.1,134.1,0.355,32.74,52.86,1.615,observed,A,448.0,3
C-S3-DEL,S3,DEL,K03,night,13,215.7,63.1,0.124,13.62,18.5,1.359,observed,A,448.0,3
C-S3-DEL,S3,DEL,K03,morning,1,277.6,1832.2,10.562,508.56,1573.72,3.094,observed,A,448.0,3
C-S3-DEL,S3,DEL,K03,morning,5,260.9,751.2,3.057,196.0,455.45,2.324,observed,A,448.0,3
C-S3-DEL,S3,DEL,K03,morning,9,238.7,311.5,0.824,74.35,122.75,1.651,observed,A,448.0,3
C-S3-DEL,S3,DEL,K03,morning,13,211.0,146.6,0.288,30.92,42.95,1.389,observed,A,448.0,3
C-S3-DEL,S3,DEL,K03,afternoon,1,276.6,2265.7,13.061,626.75,1946.1,3.105,observed,A,448.0,3
C-S3-DEL,S3,DEL,K03,afternoon,5,260.0,928.9,3.78,241.55,563.23,2.332,observed,A,448.0,3
C-S3-DEL,S3,DEL,K03,afternoon,9,237.9,385.2,1.019,91.63,151.8,1.657,observed,A,448.0,3
C-S3-DEL,S3,DEL,K03,afternoon,13,210.2,181.3,0.356,38.11,53.12,1.394,observed,A,448.0,3
C-S3-DEL,S3,DEL,K03,evening,1,275.1,2106.5,12.144,579.51,1809.41,3.122,observed,A,448.0,3
C-S3-DEL,S3,DEL,K03,evening,5,258.6,863.7,3.515,223.34,523.66,2.345,observed,A,448.0,3
C-S3-DEL,S3,DEL,K03,evening,9,236.6,358.1,0.947,84.72,141.13,1.666,observed,A,448.0,3
C-S3-DEL,S3,DEL,K03,evening,13,209.1,168.5,0.331,35.23,49.39,1.402,observed,A,448.0,3
C-S3-DEL,S3,DEL,K04,night,1,286.6,213.2,1.395,61.12,207.79,3.4,observed,A,149.0,3
C-S3-DEL,S3,DEL,K04,night,5,269.4,87.4,0.404,23.56,60.14,2.553,observed,A,149.0,3
C-S3-DEL,S3,DEL,K04,night,9,246.5,36.3,0.109,8.94,16.21,1.814,observed,A,149.0,3
C-S3-DEL,S3,DEL,K04,night,13,217.8,17.1,0.038,3.72,5.67,1.526,observed,A,149.0,3
C-S3-DEL,S3,DEL,K04,morning,1,277.4,495.5,3.241,137.47,482.85,3.512,observed,A,149.0,3
C-S3-DEL,S3,DEL,K04,morning,5,260.8,203.2,0.938,52.98,139.74,2.638,observed,A,149.0,3
C-S3-DEL,S3,DEL,K04,morning,9,238.6,84.2,0.253,20.1,37.66,1.874,observed,A,149.0,3
C-S3-DEL,S3,DEL,K04,morning,13,210.8,39.6,0.088,8.36,13.18,1.577,observed,A,149.0,3
C-S3-DEL,S3,DEL,K04,afternoon,1,276.6,588.4,3.848,162.73,573.38,3.523,observed,A,149.0,3
C-S3-DEL,S3,DEL,K04,afternoon,5,260.0,241.3,1.114,62.72,165.94,2.646,observed,A,149.0,3
C-S3-DEL,S3,DEL,K04,afternoon,9,237.8,100.0,0.3,23.79,44.72,1.88,observed,A,149.0,3
C-S3-DEL,S3,DEL,K04,afternoon,13,210.2,47.1,0.105,9.89,15.65,1.582,observed,A,149.0,3
C-S3-DEL,S3,DEL,K04,evening,1,272.2,556.6,3.64,151.52,542.39,3.58,observed,A,149.0,3
C-S3-DEL,S3,DEL,K04,evening,5,255.9,228.2,1.054,58.4,156.97,2.688,observed,A,149.0,3
C-S3-DEL,S3,DEL,K04,evening,9,234.1,94.6,0.284,22.15,42.31,1.91,observed,A,149.0,3
C-S3-DEL,S3,DEL,K04,evening,13,206.9,44.5,0.099,9.21,14.8,1.607,observed,A,149.0,3
C-S3-DEL,S3,DEL,K09,night,1,413.0,184.0,0.339,76.0,50.45,0.664,observed,A,56.0,2
C-S3-DEL,S3,DEL,K09,night,5,388.2,75.4,0.098,29.29,14.6,0.499,observed,A,56.0,2
C-S3-DEL,S3,DEL,K09,night,9,355.2,31.3,0.026,11.11,3.94,0.354,observed,A,56.0,2
C-S3-DEL,S3,DEL,K09,night,13,313.9,14.7,0.009,4.62,1.38,0.298,observed,A,56.0,2
C-S3-DEL,S3,DEL,K09,morning,1,401.8,422.4,0.777,169.73,115.83,0.682,observed,A,56.0,2
C-S3-DEL,S3,DEL,K09,morning,5,377.7,173.2,0.225,65.41,33.52,0.512,observed,A,56.0,2
C-S3-DEL,S3,DEL,K09,morning,9,345.5,71.8,0.061,24.81,9.03,0.364,observed,A,56.0,2
C-S3-DEL,S3,DEL,K09,morning,13,305.4,33.8,0.021,10.32,3.16,0.306,observed,A,56.0,2
C-S3-DEL,S3,DEL,K09,afternoon,1,400.2,537.8,0.99,215.25,147.46,0.685,observed,A,56.0,2
C-S3-DEL,S3,DEL,K09,afternoon,5,376.2,220.5,0.286,82.96,42.68,0.514,observed,A,56.0,2
C-S3-DEL,S3,DEL,K09,afternoon,9,344.2,91.4,0.077,31.47,11.5,0.365,observed,A,56.0,2
C-S3-DEL,S3,DEL,K09,afternoon,13,304.2,43.0,0.027,13.09,4.02,0.308,observed,A,56.0,2
C-S3-DEL,S3,DEL,K09,evening,1,402.9,480.5,0.884,193.56,131.73,0.681,observed,A,56.0,2
C-S3-DEL,S3,DEL,K09,evening,5,378.7,197.0,0.256,74.6,38.13,0.511,observed,A,56.0,2
C-S3-DEL,S3,DEL,K09,evening,9,346.5,81.7,0.069,28.3,10.28,0.363,observed,A,56.0,2
C-S3-DEL,S3,DEL,K09,evening,13,306.2,38.4,0.024,11.77,3.6,0.306,observed,A,56.0,2
C-S3-MUM,S3,MUM,K01,night,1,228.0,106.9,1.784,24.38,265.81,10.904,observed,A,94.0,5
C-S3-MUM,S3,MUM,K01,night,5,214.4,43.8,0.516,9.39,76.93,8.188,observed,A,94.0,5
C-S3-MUM,S3,MUM,K01,night,9,196.1,18.2,0.139,3.56,20.73,5.818,observed,A,94.0,5
C-S3-MUM,S3,MUM,K01,night,13,173.3,8.6,0.049,1.48,7.26,4.895,observed,A,94.0,5
C-S3-MUM,S3,MUM,K01,morning,1,228.7,214.7,3.583,49.1,533.89,10.873,observed,A,94.0,5
C-S3-MUM,S3,MUM,K01,morning,5,215.0,88.0,1.037,18.92,154.51,8.165,observed,A,94.0,5
C-S3-MUM,S3,MUM,K01,morning,9,196.7,36.5,0.279,7.18,41.64,5.801,observed,A,94.0,5
C-S3-MUM,S3,MUM,K01,morning,13,173.8,17.2,0.098,2.99,14.57,4.881,observed,A,94.0,5
C-S3-MUM,S3,MUM,K01,afternoon,1,228.5,262.5,4.381,59.98,652.74,10.883,observed,A,94.0,5
C-S3-MUM,S3,MUM,K01,afternoon,5,214.8,107.6,1.268,23.12,188.91,8.172,observed,A,94.0,5
C-S3-MUM,S3,MUM,K01,afternoon,9,196.5,44.6,0.342,8.77,50.91,5.806,observed,A,94.0,5
C-S3-MUM,S3,MUM,K01,afternoon,13,173.6,21.0,0.12,3.65,17.82,4.885,observed,A,94.0,5
C-S3-MUM,S3,MUM,K01,evening,1,226.9,278.6,4.65,63.21,692.82,10.961,observed,A,94.0,5
C-S3-MUM,S3,MUM,K01,evening,5,213.3,114.2,1.346,24.36,200.51,8.231,observed,A,94.0,5
C-S3-MUM,S3,MUM,K01,evening,9,195.1,47.4,0.363,9.24,54.04,5.848,observed,A,94.0,5
C-S3-MUM,S3,MUM,K01,evening,13,172.4,22.3,0.127,3.84,18.91,4.92,observed,A,94.0,5
C-S3-MUM,S3,MUM,K02,night,1,243.1,36.8,0.927,8.95,138.12,15.437,observed,A,128.0,2
C-S3-MUM,S3,MUM,K02,night,5,228.5,15.1,0.268,3.45,39.97,11.592,observed,A,128.0,2
C-S3-MUM,S3,MUM,K02,night,9,209.0,6.3,0.072,1.31,10.77,8.236,observed,A,128.0,2
C-S3-MUM,S3,MUM,K02,night,13,184.7,2.9,0.025,0.54,3.77,6.93,observed,A,128.0,2
C-S3-MUM,S3,MUM,K02,morning,1,241.7,89.4,2.251,21.6,335.41,15.525,observed,A,128.0,2
C-S3-MUM,S3,MUM,K02,morning,5,227.2,36.6,0.651,8.33,97.07,11.659,observed,A,128.0,2
C-S3-MUM,S3,MUM,K02,morning,9,207.8,15.2,0.176,3.16,26.16,8.283,observed,A,128.0,2
C-S3-MUM,S3,MUM,K02,morning,13,183.7,7.2,0.061,1.31,9.15,6.97,observed,A,128.0,2
C-S3-MUM,S3,MUM,K02,afternoon,1,240.6,109.9,2.768,26.44,412.4,15.595,observed,A,128.0,2
C-S3-MUM,S3,MUM,K02,afternoon,5,226.2,45.1,0.801,10.19,119.35,11.711,observed,A,128.0,2
C-S3-MUM,S3,MUM,K02,afternoon,9,206.9,18.7,0.216,3.87,32.17,8.32,observed,A,128.0,2
C-S3-MUM,S3,MUM,K02,afternoon,13,182.9,8.8,0.076,1.61,11.26,7.001,observed,A,128.0,2
C-S3-MUM,S3,MUM,K02,evening,1,235.9,119.8,3.017,28.26,449.58,15.909,observed,A,128.0,2
C-S3-MUM,S3,MUM,K02,evening,5,221.7,49.1,0.873,10.89,130.11,11.947,observed,A,128.0,2
C-S3-MUM,S3,MUM,K02,evening,9,202.8,20.4,0.235,4.13,35.07,8.488,observed,A,128.0,2
C-S3-MUM,S3,MUM,K02,evening,13,179.3,9.6,0.082,1.72,12.27,7.142,observed,A,128.0,2
C-S3-MUM,S3,MUM,K03,night,1,335.6,530.6,2.838,178.07,422.84,2.375,observed,A,232.0,3
C-S3-MUM,S3,MUM,K03,night,5,315.5,217.5,0.821,68.63,122.37,1.783,observed,A,232.0,3
C-S3-MUM,S3,MUM,K03,night,9,288.6,90.2,0.221,26.03,32.98,1.267,observed,A,232.0,3
C-S3-MUM,S3,MUM,K03,night,13,255.1,42.4,0.077,10.83,11.54,1.066,observed,A,232.0,3
C-S3-MUM,S3,MUM,K03,morning,1,332.3,955.9,5.113,317.7,761.76,2.398,observed,A,232.0,3
C-S3-MUM,S3,MUM,K03,morning,5,312.4,391.9,1.48,122.44,220.46,1.801,observed,A,232.0,3
C-S3-MUM,S3,MUM,K03,morning,9,285.8,162.5,0.399,46.45,59.42,1.279,observed,A,232.0,3
C-S3-MUM,S3,MUM,K03,morning,13,252.6,76.5,0.14,19.32,20.79,1.076,observed,A,232.0,3
C-S3-MUM,S3,MUM,K03,afternoon,1,328.6,1309.0,7.001,430.11,1043.17,2.425,observed,A,232.0,3
C-S3-MUM,S3,MUM,K03,afternoon,5,308.9,536.7,2.026,165.77,301.91,1.821,observed,A,232.0,3
C-S3-MUM,S3,MUM,K03,afternoon,9,282.6,222.5,0.546,62.88,81.37,1.294,observed,A,232.0,3
C-S3-MUM,S3,MUM,K03,afternoon,13,249.7,104.7,0.191,26.15,28.47,1.089,observed,A,232.0,3
C-S3-MUM,S3,MUM,K03,evening,1,327.2,1333.2,7.13,436.25,1062.4,2.435,observed,A,232.0,3
C-S3-MUM,S3,MUM,K03,evening,5,307.6,546.6,2.064,168.13,307.47,1.829,observed,A,232.0,3
C-S3-MUM,S3,MUM,K03,evening,9,281.4,226.6,0.556,63.78,82.87,1.299,observed,A,232.0,3
C-S3-MUM,S3,MUM,K03,evening,13,248.7,106.7,0.195,26.52,29.0,1.093,observed,A,232.0,3
C-S3-MUM,S3,MUM,K04,night,1,325.1,176.5,1.344,57.39,200.25,3.49,observed,A,215.0,2
C-S3-MUM,S3,MUM,K04,night,5,305.6,72.4,0.389,22.12,57.96,2.62,observed,A,215.0,2
C-S3-MUM,S3,MUM,K04,night,9,279.6,30.0,0.105,8.39,15.62,1.862,observed,A,215.0,2
C-S3-MUM,S3,MUM,K04,night,13,247.1,14.1,0.037,3.49,5.47,1.567,observed,A,215.0,2
C-S3-MUM,S3,MUM,K04,morning,1,321.4,350.3,2.667,112.57,397.4,3.53,observed,A,215.0,2
C-S3-MUM,S3,MUM,K04,morning,5,302.1,143.6,0.772,43.39,115.01,2.651,observed,A,215.0,2
C-S3-MUM,S3,MUM,K04,morning,9,276.4,59.6,0.208,16.46,31.0,1.883,observed,A,215.0,2
C-S3-MUM,S3,MUM,K04,morning,13,244.2,28.0,0.073,6.84,10.85,1.585,observed,A,215.0,2
C-S3-MUM,S3,MUM,K04,afternoon,1,321.4,431.4,3.284,138.62,489.36,3.53,observed,A,215.0,2
C-S3-MUM,S3,MUM,K04,afternoon,5,302.1,176.9,0.951,53.43,141.63,2.651,observed,A,215.0,2
C-S3-MUM,S3,MUM,K04,afternoon,9,276.4,73.3,0.256,20.27,38.17,1.883,observed,A,215.0,2
C-S3-MUM,S3,MUM,K04,afternoon,13,244.2,34.5,0.09,8.43,13.36,1.585,observed,A,215.0,2
C-S3-MUM,S3,MUM,K04,evening,1,317.1,474.0,3.609,150.33,537.78,3.577,observed,A,215.0,2
C-S3-MUM,S3,MUM,K04,evening,5,298.1,194.4,1.045,57.94,155.64,2.686,observed,A,215.0,2
C-S3-MUM,S3,MUM,K04,evening,9,272.7,80.6,0.282,21.98,41.95,1.909,observed,A,215.0,2
C-S3-MUM,S3,MUM,K04,evening,13,241.0,37.9,0.099,9.14,14.68,1.606,observed,A,215.0,2
C-S3-MUM,S3,MUM,K09,night,1,464.2,238.4,0.488,110.66,72.65,0.656,observed,A,89.0,1
C-S3-MUM,S3,MUM,K09,night,5,436.3,97.7,0.141,42.65,21.03,0.493,observed,A,89.0,1
C-S3-MUM,S3,MUM,K09,night,9,399.2,40.5,0.038,16.18,5.67,0.35,observed,A,89.0,1
C-S3-MUM,S3,MUM,K09,night,13,352.8,19.1,0.013,6.73,1.98,0.295,observed,A,89.0,1
C-S3-MUM,S3,MUM,K09,morning,1,459.6,494.2,1.011,227.15,150.6,0.663,observed,A,89.0,2
C-S3-MUM,S3,MUM,K09,morning,5,432.0,202.6,0.293,87.55,43.58,0.498,observed,A,89.0,2
C-S3-MUM,S3,MUM,K09,morning,9,395.3,84.0,0.079,33.21,11.75,0.354,observed,A,89.0,2
C-S3-MUM,S3,MUM,K09,morning,13,349.3,39.5,0.028,13.81,4.11,0.298,observed,A,89.0,2
C-S3-MUM,S3,MUM,K09,afternoon,1,460.2,605.6,1.239,278.69,184.54,0.662,observed,A,89.0,2
C-S3-MUM,S3,MUM,K09,afternoon,5,432.6,248.3,0.358,107.41,53.41,0.497,observed,A,89.0,2
C-S3-MUM,S3,MUM,K09,afternoon,9,395.8,103.0,0.097,40.74,14.39,0.353,observed,A,89.0,2
C-S3-MUM,S3,MUM,K09,afternoon,13,349.7,48.4,0.034,16.94,5.04,0.297,observed,A,89.0,2
C-S3-MUM,S3,MUM,K09,evening,1,458.2,639.5,1.308,292.97,194.85,0.665,observed,A,89.0,2
C-S3-MUM,S3,MUM,K09,evening,5,430.7,262.2,0.378,112.91,56.39,0.499,observed,A,89.0,2
C-S3-MUM,S3,MUM,K09,evening,9,394.0,108.7,0.102,42.83,15.2,0.355,observed,A,89.0,2
C-S3-MUM,S3,MUM,K09,evening,13,348.2,51.2,0.036,17.81,5.32,0.299,observed,A,89.0,2
C-S3-BLR,S3,BLR,K01,night,1,211.0,92.5,1.5,19.51,223.55,11.459,observed,A,182.0,2
C-S3-BLR,S3,BLR,K01,night,5,198.3,37.9,0.434,7.52,64.7,8.605,observed,A,182.0,2
C-S3-BLR,S3,BLR,K01,night,9,181.4,15.7,0.117,2.85,17.44,6.114,observed,A,182.0,2
C-S3-BLR,S3,BLR,K01,night,13,160.3,7.4,0.041,1.19,6.1,5.144,observed,A,182.0,2
C-S3-BLR,S3,BLR,K01,morning,1,208.1,227.0,3.684,47.25,548.84,11.616,observed,A,182.0,2
C-S3-BLR,S3,BLR,K01,morning,5,195.6,93.1,1.066,18.21,158.84,8.723,observed,A,182.0,2
C-S3-BLR,S3,BLR,K01,morning,9,179.0,38.6,0.287,6.91,42.81,6.198,observed,A,182.0,2
C-S3-BLR,S3,BLR,K01,morning,13,158.2,18.2,0.101,2.87,14.98,5.215,observed,A,182.0,2
C-S3-BLR,S3,BLR,K01,afternoon,1,208.1,294.9,4.785,61.38,712.96,11.615,observed,A,182.0,2
C-S3-BLR,S3,BLR,K01,afternoon,5,195.7,120.9,1.385,23.66,206.34,8.722,observed,A,182.0,2
C-S3-BLR,S3,BLR,K01,afternoon,9,179.0,50.1,0.373,8.97,55.61,6.197,observed,A,182.0,2
C-S3-BLR,S3,BLR,K01,afternoon,13,158.2,23.6,0.131,3.73,19.46,5.214,observed,A,182.0,2
C-S3-BLR,S3,BLR,K01,evening,1,210.5,215.5,3.497,45.37,521.02,11.485,truncated,A,182.0,2
C-S3-BLR,S3,BLR,K01,evening,5,197.9,88.4,1.012,17.48,150.79,8.624,truncated,A,182.0,2
C-S3-BLR,S3,BLR,K01,evening,9,181.0,36.6,0.273,6.63,40.64,6.127,truncated,A,182.0,2
C-S3-BLR,S3,BLR,K01,evening,13,160.0,17.2,0.095,2.76,14.22,5.156,truncated,A,182.0,2
C-S3-BLR,S3,BLR,K02,night,1,234.2,23.2,0.561,5.42,83.66,15.429,observed,A,78.0,2
C-S3-BLR,S3,BLR,K02,night,5,220.1,9.5,0.162,2.09,24.21,11.586,observed,A,78.0,2
C-S3-BLR,S3,BLR,K02,night,9,201.4,3.9,0.044,0.79,6.53,8.231,observed,A,78.0,2
C-S3-BLR,S3,BLR,K02,night,13,178.0,1.9,0.015,0.33,2.28,6.926,observed,A,78.0,2
C-S3-BLR,S3,BLR,K02,morning,1,233.2,73.3,1.778,17.1,264.93,15.495,observed,A,78.0,3
C-S3-BLR,S3,BLR,K02,morning,5,219.2,30.1,0.515,6.59,76.67,11.635,observed,A,78.0,3
C-S3-BLR,S3,BLR,K02,morning,9,200.5,12.5,0.139,2.5,20.66,8.267,observed,A,78.0,3
C-S3-BLR,S3,BLR,K02,morning,13,177.2,5.9,0.049,1.04,7.23,6.956,observed,A,78.0,3
C-S3-BLR,S3,BLR,K02,afternoon,1,233.4,94.2,2.284,21.98,340.32,15.484,observed,A,78.0,3
C-S3-BLR,S3,BLR,K02,afternoon,5,219.4,38.6,0.661,8.47,98.49,11.628,observed,A,78.0,3
C-S3-BLR,S3,BLR,K02,afternoon,9,200.7,16.0,0.178,3.21,26.54,8.261,observed,A,78.0,3
C-S3-BLR,S3,BLR,K02,afternoon,13,177.3,7.5,0.062,1.34,9.29,6.951,observed,A,78.0,3
C-S3-BLR,S3,BLR,K02,evening,1,234.0,74.2,1.8,17.37,268.23,15.44,truncated,A,78.0,3
C-S3-BLR,S3,BLR,K02,evening,5,220.0,30.4,0.521,6.7,77.63,11.594,truncated,A,78.0,3
C-S3-BLR,S3,BLR,K02,evening,9,201.3,12.6,0.14,2.54,20.92,8.237,truncated,A,78.0,3
C-S3-BLR,S3,BLR,K02,evening,13,177.9,5.9,0.049,1.06,7.32,6.931,truncated,A,78.0,3
C-S3-BLR,S3,BLR,K03,night,1,308.8,442.2,2.942,136.55,438.29,3.21,observed,A,238.0,3
C-S3-BLR,S3,BLR,K03,night,5,290.3,181.3,0.851,52.63,126.85,2.41,observed,A,238.0,3
C-S3-BLR,S3,BLR,K03,night,9,265.6,75.2,0.229,19.96,34.19,1.712,observed,A,238.0,3
C-S3-BLR,S3,BLR,K03,night,13,234.7,35.4,0.08,8.3,11.96,1.441,observed,A,238.0,3
C-S3-BLR,S3,BLR,K03,morning,1,296.6,1118.5,7.44,331.69,1108.52,3.342,observed,A,238.0,3
C-S3-BLR,S3,BLR,K03,morning,5,278.8,458.6,2.153,127.84,320.82,2.51,observed,A,238.0,3
C-S3-BLR,S3,BLR,K03,morning,9,255.0,190.1,0.58,48.49,86.46,1.783,observed,A,238.0,3
C-S3-BLR,S3,BLR,K03,morning,13,225.4,89.5,0.203,20.17,30.26,1.5,observed,A,238.0,3
C-S3-BLR,S3,BLR,K03,afternoon,1,296.1,1314.0,8.74,389.02,1302.28,3.348,observed,A,238.0,3
C-S3-BLR,S3,BLR,K03,afternoon,5,278.3,538.7,2.53,149.93,376.9,2.514,observed,A,238.0,3
C-S3-BLR,S3,BLR,K03,afternoon,9,254.6,223.4,0.682,56.87,101.58,1.786,observed,A,238.0,3
C-S3-BLR,S3,BLR,K03,afternoon,13,225.0,105.1,0.239,23.65,35.54,1.503,observed,A,238.0,3
C-S3-BLR,S3,BLR,K03,evening,1,303.2,1101.6,7.327,334.04,1091.76,3.268,truncated,A,238.0,3
C-S3-BLR,S3,BLR,K03,evening,5,285.0,451.6,2.121,128.74,315.97,2.454,truncated,A,238.0,3
C-S3-BLR,S3,BLR,K03,evening,9,260.8,187.3,0.572,48.84,85.16,1.744,truncated,A,238.0,3
C-S3-BLR,S3,BLR,K03,evening,13,230.5,88.1,0.2,20.31,29.8,1.467,truncated,A,238.0,3
C-S3-BLR,S3,BLR,K04,night,1,318.4,85.4,0.539,27.18,80.27,2.953,observed,A,60.0,2
C-S3-BLR,S3,BLR,K04,night,5,299.3,35.0,0.156,10.48,23.23,2.218,observed,A,60.0,2
C-S3-BLR,S3,BLR,K04,night,9,273.9,14.5,0.042,3.97,6.26,1.576,observed,A,60.0,2
C-S3-BLR,S3,BLR,K04,night,13,242.0,6.8,0.015,1.65,2.19,1.326,observed,A,60.0,2
C-S3-BLR,S3,BLR,K04,morning,1,308.9,206.2,1.301,63.69,193.87,3.044,observed,A,60.0,3
C-S3-BLR,S3,BLR,K04,morning,5,290.4,84.5,0.377,24.55,56.11,2.286,observed,A,60.0,3
C-S3-BLR,S3,BLR,K04,morning,9,265.7,35.0,0.101,9.31,15.12,1.624,observed,A,60.0,3
C-S3-BLR,S3,BLR,K04,morning,13,234.8,16.5,0.036,3.87,5.29,1.366,observed,A,60.0,3
C-S3-BLR,S3,BLR,K04,afternoon,1,309.3,245.7,1.551,76.01,231.1,3.04,observed,A,60.0,3
C-S3-BLR,S3,BLR,K04,afternoon,5,290.7,100.8,0.449,29.29,66.88,2.283,observed,A,60.0,3
C-S3-BLR,S3,BLR,K04,afternoon,9,266.0,41.8,0.121,11.11,18.03,1.622,observed,A,60.0,3
C-S3-BLR,S3,BLR,K04,afternoon,13,235.1,19.7,0.042,4.62,6.31,1.365,observed,A,60.0,3
C-S3-BLR,S3,BLR,K04,evening,1,312.2,287.4,1.814,89.72,270.23,3.012,truncated,A,60.0,2
C-S3-BLR,S3,BLR,K04,evening,5,293.5,117.8,0.525,34.58,78.21,2.262,truncated,A,60.0,2
C-S3-BLR,S3,BLR,K04,evening,9,268.5,48.9,0.141,13.12,21.08,1.607,truncated,A,60.0,2
C-S3-BLR,S3,BLR,K04,evening,13,237.3,23.0,0.05,5.45,7.38,1.352,truncated,A,60.0,2
C-S3-BLR,S3,BLR,K09,night,1,438.3,187.5,0.378,82.2,56.28,0.685,observed,A,64.0,1
C-S3-BLR,S3,BLR,K09,night,5,412.0,76.9,0.109,31.68,16.29,0.514,observed,A,64.0,1
C-S3-BLR,S3,BLR,K09,night,9,376.9,31.9,0.029,12.02,4.39,0.365,observed,A,64.0,1
C-S3-BLR,S3,BLR,K09,night,13,333.1,15.0,0.01,5.0,1.54,0.307,observed,A,64.0,1
C-S3-BLR,S3,BLR,K09,morning,1,441.7,409.0,0.824,180.65,122.73,0.679,observed,A,64.0,2
C-S3-BLR,S3,BLR,K09,morning,5,415.2,167.7,0.238,69.62,35.52,0.51,observed,A,64.0,2
C-S3-BLR,S3,BLR,K09,morning,9,379.8,69.5,0.064,26.41,9.57,0.362,observed,A,64.0,2
C-S3-BLR,S3,BLR,K09,morning,13,335.7,32.7,0.022,10.98,3.35,0.305,observed,A,64.0,2
C-S3-BLR,S3,BLR,K09,afternoon,1,438.3,545.3,1.098,239.03,163.64,0.685,observed,A,64.0,2
C-S3-BLR,S3,BLR,K09,afternoon,5,412.0,223.6,0.318,92.12,47.36,0.514,observed,A,64.0,2
C-S3-BLR,S3,BLR,K09,afternoon,9,376.9,92.7,0.086,34.95,12.76,0.365,observed,A,64.0,2
C-S3-BLR,S3,BLR,K09,afternoon,13,333.1,43.6,0.03,14.53,4.47,0.307,observed,A,64.0,2
C-S3-BLR,S3,BLR,K09,evening,1,437.0,312.6,0.629,136.59,93.79,0.687,truncated,A,64.0,2
C-S3-BLR,S3,BLR,K09,evening,5,410.8,128.1,0.182,52.64,27.14,0.516,truncated,A,64.0,2
C-S3-BLR,S3,BLR,K09,evening,9,375.8,53.1,0.049,19.97,7.32,0.366,truncated,A,64.0,2
C-S3-BLR,S3,BLR,K09,evening,13,332.1,25.0,0.017,8.3,2.56,0.308,truncated,A,64.0,2
C-S3-HYD,S3,HYD,K01,night,1,191.7,35.5,0.681,6.81,101.45,14.908,observed,B,23.0,7
C-S3-HYD,S3,HYD,K01,night,5,180.2,14.6,0.197,2.62,29.36,11.195,observed,B,23.0,7
C-S3-HYD,S3,HYD,K01,night,9,164.8,6.0,0.053,0.99,7.91,7.954,observed,B,23.0,7
C-S3-HYD,S3,HYD,K01,night,13,145.7,2.8,0.019,0.41,2.77,6.693,observed,B,23.0,7
C-S3-HYD,S3,HYD,K01,morning,1,196.5,91.1,1.748,17.9,260.38,14.546,observed,B,23.0,7
C-S3-HYD,S3,HYD,K01,morning,5,184.7,37.4,0.506,6.9,75.36,10.923,observed,B,23.0,7
C-S3-HYD,S3,HYD,K01,morning,9,168.9,15.5,0.136,2.62,20.31,7.76,observed,B,23.0,7
C-S3-HYD,S3,HYD,K01,morning,13,149.3,7.3,0.048,1.09,7.11,6.53,observed,B,23.0,7
C-S3-HYD,S3,HYD,K01,afternoon,1,198.1,102.3,1.962,20.26,292.28,14.423,observed,B,23.0,7
C-S3-HYD,S3,HYD,K01,afternoon,5,186.2,41.9,0.568,7.81,84.59,10.831,observed,B,23.0,7
C-S3-HYD,S3,HYD,K01,afternoon,9,170.4,17.4,0.153,2.96,22.8,7.695,observed,B,23.0,7
C-S3-HYD,S3,HYD,K01,afternoon,13,150.6,8.2,0.054,1.23,7.98,6.475,observed,B,23.0,7
C-S3-HYD,S3,HYD,K01,evening,1,193.9,81.6,1.565,15.82,233.14,14.74,observed,B,23.0,8
C-S3-HYD,S3,HYD,K01,evening,5,182.2,33.5,0.453,6.1,67.47,11.069,observed,B,23.0,8
C-S3-HYD,S3,HYD,K01,evening,9,166.7,13.9,0.122,2.31,18.19,7.864,observed,B,23.0,8
C-S3-HYD,S3,HYD,K01,evening,13,147.3,6.5,0.043,0.96,6.36,6.617,observed,B,23.0,8
C-S3-HYD,S3,HYD,K02,night,1,201.0,21.5,0.575,4.32,85.69,19.82,observed,A,129.0,1
C-S3-HYD,S3,HYD,K02,night,5,188.9,8.8,0.166,1.67,24.8,14.883,observed,A,129.0,1
C-S3-HYD,S3,HYD,K02,night,9,172.8,3.7,0.045,0.63,6.68,10.574,observed,A,129.0,1
C-S3-HYD,S3,HYD,K02,night,13,152.7,1.7,0.016,0.26,2.34,8.897,observed,A,129.0,1
C-S3-HYD,S3,HYD,K02,morning,1,200.0,65.5,1.75,13.09,260.79,19.919,observed,A,129.0,1
C-S3-HYD,S3,HYD,K02,morning,5,188.0,26.8,0.507,5.05,75.47,14.958,observed,A,129.0,1
C-S3-HYD,S3,HYD,K02,morning,9,172.0,11.1,0.137,1.91,20.34,10.627,observed,A,129.0,1
C-S3-HYD,S3,HYD,K02,morning,13,152.0,5.2,0.048,0.8,7.12,8.942,observed,A,129.0,1
C-S3-HYD,S3,HYD,K02,afternoon,1,201.1,81.5,2.18,16.4,324.79,19.804,observed,A,129.0,2
C-S3-HYD,S3,HYD,K02,afternoon,5,189.1,33.4,0.631,6.32,94.0,14.871,observed,A,129.0,2
C-S3-HYD,S3,HYD,K02,afternoon,9,173.0,13.9,0.17,2.4,25.33,10.566,observed,A,129.0,2
C-S3-HYD,S3,HYD,K02,afternoon,13,152.9,6.5,0.059,1.0,8.86,8.89,observed,A,129.0,2
C-S3-HYD,S3,HYD,K02,evening,1,200.2,72.5,1.939,14.52,288.87,19.89,observed,A,129.0,1
C-S3-HYD,S3,HYD,K02,evening,5,188.2,29.7,0.561,5.6,83.6,14.936,observed,A,129.0,1
C-S3-HYD,S3,HYD,K02,evening,9,172.2,12.3,0.151,2.12,22.53,10.612,observed,A,129.0,1
C-S3-HYD,S3,HYD,K02,evening,13,152.2,5.8,0.053,0.88,7.88,8.929,observed,A,129.0,1
C-S3-HYD,S3,HYD,K03,night,1,281.1,232.4,1.224,65.33,182.31,2.791,observed,A,91.0,3
C-S3-HYD,S3,HYD,K03,night,5,264.3,95.3,0.354,25.18,52.76,2.096,observed,A,91.0,3
C-S3-HYD,S3,HYD,K03,night,9,241.8,39.5,0.095,9.55,14.22,1.489,observed,A,91.0,3
C-S3-HYD,S3,HYD,K03,night,13,213.7,18.6,0.033,3.97,4.98,1.253,observed,A,91.0,3
C-S3-HYD,S3,HYD,K03,morning,1,269.7,549.5,2.893,148.22,431.08,2.908,observed,A,91.0,3
C-S3-HYD,S3,HYD,K03,morning,5,253.6,225.3,0.837,57.12,124.76,2.184,observed,A,91.0,3
C-S3-HYD,S3,HYD,K03,morning,9,232.0,93.4,0.226,21.67,33.62,1.552,observed,A,91.0,3
C-S3-HYD,S3,HYD,K03,morning,13,205.0,44.0,0.079,9.01,11.77,1.306,observed,A,91.0,3
C-S3-HYD,S3,HYD,K03,afternoon,1,270.3,581.4,3.061,157.17,456.13,2.902,observed,A,91.0,3
C-S3-HYD,S3,HYD,K03,afternoon,5,254.1,238.4,0.886,60.57,132.01,2.179,observed,A,91.0,3
C-S3-HYD,S3,HYD,K03,afternoon,9,232.5,98.8,0.239,22.98,35.58,1.548,observed,A,91.0,3
C-S3-HYD,S3,HYD,K03,afternoon,13,205.4,46.5,0.084,9.56,12.45,1.303,observed,A,91.0,3
C-S3-HYD,S3,HYD,K03,evening,1,270.5,540.8,2.847,146.28,424.23,2.9,observed,A,91.0,4
C-S3-HYD,S3,HYD,K03,evening,5,254.3,221.7,0.824,56.38,122.78,2.178,observed,A,91.0,4
C-S3-HYD,S3,HYD,K03,evening,9,232.6,91.9,0.222,21.39,33.09,1.547,observed,A,91.0,4
C-S3-HYD,S3,HYD,K03,evening,13,205.6,43.3,0.078,8.89,11.58,1.302,observed,A,91.0,4
C-S3-HYD,S3,HYD,K04,night,1,279.5,40.2,0.245,11.25,36.5,3.246,observed,B,23.0,3
C-S3-HYD,S3,HYD,K04,night,5,262.7,16.5,0.071,4.33,10.56,2.437,observed,B,23.0,3
C-S3-HYD,S3,HYD,K04,night,9,240.4,6.8,0.019,1.64,2.85,1.732,observed,B,23.0,3
C-S3-HYD,S3,HYD,K04,night,13,212.4,3.2,0.007,0.68,1.0,1.457,observed,B,23.0,3
C-S3-HYD,S3,HYD,K04,morning,1,268.2,118.3,0.72,31.73,107.32,3.383,observed,B,23.0,4
C-S3-HYD,S3,HYD,K04,morning,5,252.1,48.5,0.208,12.23,31.06,2.54,observed,B,23.0,4
C-S3-HYD,S3,HYD,K04,morning,9,230.6,20.1,0.056,4.64,8.37,1.805,observed,B,23.0,4
C-S3-HYD,S3,HYD,K04,morning,13,203.8,9.5,0.02,1.93,2.93,1.519,observed,B,23.0,4
C-S3-HYD,S3,HYD,K04,afternoon,1,266.5,144.3,0.879,38.47,130.94,3.403,observed,B,23.0,4
C-S3-HYD,S3,HYD,K04,afternoon,5,250.5,59.2,0.254,14.83,37.9,2.556,observed,B,23.0,4
C-S3-HYD,S3,HYD,K04,afternoon,9,229.2,24.5,0.069,5.62,10.21,1.816,observed,B,23.0,4
C-S3-HYD,S3,HYD,K04,afternoon,13,202.6,11.5,0.024,2.34,3.57,1.528,observed,B,23.0,4
C-S3-HYD,S3,HYD,K04,evening,1,271.9,117.9,0.718,32.06,106.98,3.337,observed,B,23.0,4
C-S3-HYD,S3,HYD,K04,evening,5,255.5,48.4,0.208,12.36,30.96,2.506,observed,B,23.0,4
C-S3-HYD,S3,HYD,K04,evening,9,233.8,20.0,0.056,4.69,8.34,1.78,observed,B,23.0,4
C-S3-HYD,S3,HYD,K04,evening,13,206.6,9.4,0.02,1.95,2.92,1.498,observed,B,23.0,4
C-S3-HYD,S3,HYD,K09,night,1,421.1,84.5,0.188,35.6,28.01,0.787,observed,B,21.0,4
C-S3-HYD,S3,HYD,K09,night,5,395.9,34.7,0.054,13.72,8.11,0.591,observed,B,21.0,4
C-S3-HYD,S3,HYD,K09,night,9,362.2,14.4,0.015,5.21,2.18,0.42,observed,B,21.0,4
C-S3-HYD,S3,HYD,K09,night,13,320.1,6.8,0.005,2.16,0.76,0.353,observed,B,21.0,4
C-S3-HYD,S3,HYD,K09,morning,1,424.2,217.5,0.484,92.26,72.07,0.781,observed,B,21.0,4
C-S3-HYD,S3,HYD,K09,morning,5,398.7,89.2,0.14,35.56,20.86,0.587,observed,B,21.0,4
C-S3-HYD,S3,HYD,K09,morning,9,364.8,37.0,0.038,13.49,5.62,0.417,observed,B,21.0,4
C-S3-HYD,S3,HYD,K09,morning,13,322.4,17.4,0.013,5.61,1.97,0.351,observed,B,21.0,4
C-S3-HYD,S3,HYD,K09,afternoon,1,425.3,265.2,0.59,112.82,87.88,0.779,observed,B,21.0,4
C-S3-HYD,S3,HYD,K09,afternoon,5,399.8,108.8,0.171,43.48,25.43,0.585,observed,B,21.0,4
C-S3-HYD,S3,HYD,K09,afternoon,9,365.8,45.1,0.046,16.49,6.85,0.416,observed,B,21.0,4
C-S3-HYD,S3,HYD,K09,afternoon,13,323.2,21.2,0.016,6.86,2.4,0.35,observed,B,21.0,4
C-S3-HYD,S3,HYD,K09,evening,1,422.5,230.6,0.513,97.42,76.4,0.784,observed,B,21.0,4
C-S3-HYD,S3,HYD,K09,evening,5,397.2,94.5,0.148,37.55,22.11,0.589,observed,B,21.0,4
C-S3-HYD,S3,HYD,K09,evening,9,363.4,39.2,0.04,14.24,5.96,0.418,observed,B,21.0,4
C-S3-HYD,S3,HYD,K09,evening,13,321.1,18.4,0.014,5.92,2.09,0.352,observed,B,21.0,4
C-S3-PUN,S3,PUN,K01,night,1,183.3,38.0,0.684,6.96,101.92,14.636,observed,A,43.0,5
C-S3-PUN,S3,PUN,K01,night,5,172.3,15.6,0.198,2.68,29.5,10.991,observed,A,43.0,5
C-S3-PUN,S3,PUN,K01,night,9,157.6,6.5,0.053,1.02,7.95,7.809,observed,A,43.0,5
C-S3-PUN,S3,PUN,K01,night,13,139.3,3.0,0.019,0.42,2.78,6.571,observed,A,43.0,5
C-S3-PUN,S3,PUN,K01,morning,1,189.0,104.4,1.88,19.74,280.08,14.191,observed,A,43.0,5
C-S3-PUN,S3,PUN,K01,morning,5,177.7,42.8,0.544,7.61,81.06,10.656,observed,A,43.0,5
C-S3-PUN,S3,PUN,K01,morning,9,162.6,17.8,0.147,2.89,21.85,7.571,observed,A,43.0,5
C-S3-PUN,S3,PUN,K01,morning,13,143.7,8.4,0.051,1.2,7.64,6.37,observed,A,43.0,5
C-S3-PUN,S3,PUN,K01,afternoon,1,190.2,131.3,2.363,24.97,352.1,14.103,observed,A,43.0,5
C-S3-PUN,S3,PUN,K01,afternoon,5,178.8,53.8,0.684,9.62,101.9,10.591,observed,A,43.0,5
C-S3-PUN,S3,PUN,K01,afternoon,9,163.6,22.3,0.184,3.65,27.46,7.524,observed,A,43.0,5
C-S3-PUN,S3,PUN,K01,afternoon,13,144.5,10.5,0.064,1.52,9.61,6.331,observed,A,43.0,5
C-S3-PUN,S3,PUN,K01,evening,1,187.6,107.9,1.943,20.24,289.43,14.301,observed,A,43.0,5
C-S3-PUN,S3,PUN,K01,evening,5,176.3,44.2,0.562,7.8,83.77,10.739,observed,A,43.0,5
C-S3-PUN,S3,PUN,K01,evening,9,161.3,18.3,0.152,2.96,22.58,7.63,observed,A,43.0,5
C-S3-PUN,S3,PUN,K01,evening,13,142.6,8.6,0.053,1.23,7.9,6.42,observed,A,43.0,5
C-S3-PUN,S3,PUN,K02,night,1,192.5,16.0,0.365,3.09,54.33,17.601,observed,A,87.0,1
C-S3-PUN,S3,PUN,K02,night,5,180.9,6.6,0.106,1.19,15.72,13.217,observed,A,87.0,1
C-S3-PUN,S3,PUN,K02,night,9,165.5,2.7,0.028,0.45,4.24,9.39,observed,A,87.0,1
C-S3-PUN,S3,PUN,K02,night,13,146.3,1.3,0.01,0.19,1.48,7.901,observed,A,87.0,1
C-S3-PUN,S3,PUN,K02,morning,1,193.1,44.2,1.004,8.53,149.64,17.543,observed,A,87.0,1
C-S3-PUN,S3,PUN,K02,morning,5,181.5,18.1,0.291,3.29,43.31,13.174,observed,A,87.0,1
C-S3-PUN,S3,PUN,K02,morning,9,166.1,7.5,0.078,1.25,11.67,9.36,observed,A,87.0,1
C-S3-PUN,S3,PUN,K02,morning,13,146.8,3.5,0.027,0.52,4.08,7.876,observed,A,87.0,1
C-S3-PUN,S3,PUN,K02,afternoon,1,191.7,60.3,1.371,11.56,204.24,17.67,observed,A,87.0,1
C-S3-PUN,S3,PUN,K02,afternoon,5,180.2,24.7,0.397,4.45,59.11,13.269,observed,A,87.0,1
C-S3-PUN,S3,PUN,K02,afternoon,9,164.9,10.2,0.107,1.69,15.93,9.427,observed,A,87.0,1
C-S3-PUN,S3,PUN,K02,afternoon,13,145.7,4.8,0.037,0.7,5.57,7.933,observed,A,87.0,1
C-S3-PUN,S3,PUN,K02,evening,1,189.1,48.5,1.103,9.17,164.28,17.918,observed,A,87.0,1
C-S3-PUN,S3,PUN,K02,evening,5,177.7,19.9,0.319,3.53,47.54,13.455,observed,A,87.0,1
C-S3-PUN,S3,PUN,K02,evening,9,162.6,8.2,0.086,1.34,12.81,9.559,observed,A,87.0,1
C-S3-PUN,S3,PUN,K02,evening,13,143.7,3.9,0.03,0.56,4.48,8.044,observed,A,87.0,1
C-S3-PUN,S3,PUN,K03,night,1,284.2,241.3,1.358,68.58,202.31,2.95,observed,A,242.0,2
C-S3-PUN,S3,PUN,K03,night,5,267.1,98.9,0.393,26.43,58.55,2.215,observed,A,242.0,2
C-S3-PUN,S3,PUN,K03,night,9,244.4,41.0,0.106,10.03,15.78,1.574,observed,A,242.0,2
C-S3-PUN,S3,PUN,K03,night,13,216.0,19.3,0.037,4.17,5.52,1.324,observed,A,242.0,2
C-S3-PUN,S3,PUN,K03,morning,1,278.5,596.3,3.355,166.04,499.82,3.01,observed,A,242.0,2
C-S3-PUN,S3,PUN,K03,morning,5,261.8,244.5,0.971,63.99,144.65,2.261,observed,A,242.0,2
C-S3-PUN,S3,PUN,K03,morning,9,239.5,101.4,0.262,24.27,38.99,1.606,observed,A,242.0,2
C-S3-PUN,S3,PUN,K03,morning,13,211.6,47.7,0.092,10.09,13.64,1.351,observed,A,242.0,2
C-S3-PUN,S3,PUN,K03,afternoon,1,281.1,744.0,4.186,209.18,623.7,2.982,observed,A,242.0,2
C-S3-PUN,S3,PUN,K03,afternoon,5,264.3,305.1,1.211,80.62,180.51,2.239,observed,A,242.0,2
C-S3-PUN,S3,PUN,K03,afternoon,9,241.8,126.5,0.327,30.58,48.65,1.591,observed,A,242.0,2
C-S3-PUN,S3,PUN,K03,afternoon,13,213.7,59.5,0.114,12.72,17.02,1.338,observed,A,242.0,2
C-S3-PUN,S3,PUN,K03,evening,1,279.9,606.3,3.411,169.69,508.2,2.995,observed,A,242.0,2
C-S3-PUN,S3,PUN,K03,evening,5,263.1,248.6,0.987,65.4,147.08,2.249,observed,A,242.0,2
C-S3-PUN,S3,PUN,K03,evening,9,240.7,103.1,0.266,24.81,39.64,1.598,observed,A,242.0,2
C-S3-PUN,S3,PUN,K03,evening,13,212.7,48.5,0.093,10.32,13.87,1.344,observed,A,242.0,2
C-S3-PUN,S3,PUN,K04,night,1,270.8,37.4,0.236,10.13,35.2,3.474,observed,A,27.0,3
C-S3-PUN,S3,PUN,K04,night,5,254.6,15.3,0.068,3.91,10.19,2.609,observed,A,27.0,3
C-S3-PUN,S3,PUN,K04,night,9,232.9,6.4,0.018,1.48,2.75,1.853,observed,A,27.0,3
C-S3-PUN,S3,PUN,K04,night,13,205.8,3.0,0.006,0.62,0.96,1.56,observed,A,27.0,3
C-S3-PUN,S3,PUN,K04,morning,1,264.4,107.6,0.679,28.44,101.24,3.559,observed,A,27.0,3
C-S3-PUN,S3,PUN,K04,morning,5,248.5,44.1,0.197,10.96,29.3,2.673,observed,A,27.0,3
C-S3-PUN,S3,PUN,K04,morning,9,227.3,18.3,0.053,4.16,7.9,1.899,observed,A,27.0,3
C-S3-PUN,S3,PUN,K04,morning,13,200.9,8.6,0.019,1.73,2.76,1.598,observed,A,27.0,3
C-S3-PUN,S3,PUN,K04,afternoon,1,263.8,124.7,0.788,32.89,117.34,3.567,observed,A,27.0,3
C-S3-PUN,S3,PUN,K04,afternoon,5,247.9,51.1,0.228,12.68,33.96,2.679,observed,A,27.0,3
C-S3-PUN,S3,PUN,K04,afternoon,9,226.8,21.2,0.061,4.81,9.15,1.903,observed,A,27.0,3
C-S3-PUN,S3,PUN,K04,afternoon,13,200.5,10.0,0.021,2.0,3.2,1.601,observed,A,27.0,3
C-S3-PUN,S3,PUN,K04,evening,1,261.0,117.9,0.745,30.78,110.95,3.604,observed,A,27.0,3
C-S3-PUN,S3,PUN,K04,evening,5,245.4,48.3,0.216,11.86,32.11,2.707,observed,A,27.0,3
C-S3-PUN,S3,PUN,K04,evening,9,224.5,20.0,0.058,4.5,8.65,1.923,observed,A,27.0,3
C-S3-PUN,S3,PUN,K04,evening,13,198.4,9.4,0.02,1.87,3.03,1.618,observed,A,27.0,3
C-S3-PUN,S3,PUN,K09,night,1,397.4,45.7,0.101,18.18,15.1,0.831,observed,B,17.0,3
C-S3-PUN,S3,PUN,K09,night,5,373.6,18.8,0.029,7.01,4.37,0.624,observed,B,17.0,3
C-S3-PUN,S3,PUN,K09,night,9,341.8,7.8,0.008,2.66,1.18,0.443,observed,B,17.0,3
C-S3-PUN,S3,PUN,K09,night,13,302.0,3.7,0.003,1.11,0.41,0.373,observed,B,17.0,3
C-S3-PUN,S3,PUN,K09,morning,1,397.2,121.0,0.268,48.05,39.94,0.831,observed,B,17.0,3
C-S3-PUN,S3,PUN,K09,morning,5,373.3,49.6,0.078,18.52,11.56,0.624,observed,B,17.0,3
C-S3-PUN,S3,PUN,K09,morning,9,341.6,20.6,0.021,7.03,3.12,0.443,observed,B,17.0,3
C-S3-PUN,S3,PUN,K09,morning,13,301.8,9.7,0.007,2.92,1.09,0.373,observed,B,17.0,3
C-S3-PUN,S3,PUN,K09,afternoon,1,396.5,163.1,0.361,64.66,53.84,0.833,observed,B,17.0,3
C-S3-PUN,S3,PUN,K09,afternoon,5,372.7,66.9,0.105,24.92,15.58,0.625,observed,B,17.0,3
C-S3-PUN,S3,PUN,K09,afternoon,9,341.0,27.7,0.028,9.45,4.2,0.444,observed,B,17.0,3
C-S3-PUN,S3,PUN,K09,afternoon,13,301.3,13.0,0.01,3.93,1.47,0.374,observed,B,17.0,3
C-S3-PUN,S3,PUN,K09,evening,1,393.9,138.5,0.307,54.57,45.73,0.838,observed,B,17.0,3
C-S3-PUN,S3,PUN,K09,evening,5,370.3,56.8,0.089,21.03,13.23,0.629,observed,B,17.0,3
C-S3-PUN,S3,PUN,K09,evening,9,338.8,23.5,0.024,7.98,3.57,0.447,observed,B,17.0,3
C-S3-PUN,S3,PUN,K09,evening,13,299.4,11.1,0.008,3.32,1.25,0.376,observed,B,17.0,3
C-S4-DEL,S4,DEL,K01,night,1,213.8,183.7,2.806,39.27,1189.79,30.295,observed,A,269.0,4
C-S4-DEL,S4,DEL,K01,night,5,200.9,75.3,0.812,15.14,344.34,22.75,observed,A,269.0,4
C-S4-DEL,S4,DEL,K01,night,9,183.8,31.2,0.219,5.74,92.8,16.163,observed,A,269.0,4
C-S4-DEL,S4,DEL,K01,night,13,162.5,14.7,0.077,2.39,32.47,13.6,observed,A,269.0,4
C-S4-DEL,S4,DEL,K01,morning,1,217.0,422.6,6.454,91.71,2736.62,29.839,observed,A,269.0,4
C-S4-DEL,S4,DEL,K01,morning,5,204.0,173.3,1.868,35.35,792.01,22.407,observed,A,269.0,4
C-S4-DEL,S4,DEL,K01,morning,9,186.6,71.8,0.503,13.41,213.46,15.919,observed,A,269.0,4
C-S4-DEL,S4,DEL,K01,morning,13,164.9,33.8,0.176,5.58,74.69,13.395,observed,A,269.0,4
C-S4-DEL,S4,DEL,K01,afternoon,1,218.3,546.7,8.35,119.34,3540.55,29.668,observed,A,269.0,4
C-S4-DEL,S4,DEL,K01,afternoon,5,205.2,224.2,2.417,45.99,1024.68,22.279,observed,A,269.0,4
C-S4-DEL,S4,DEL,K01,afternoon,9,187.7,92.9,0.651,17.45,276.16,15.829,observed,A,269.0,4
C-S4-DEL,S4,DEL,K01,afternoon,13,165.9,43.7,0.228,7.26,96.64,13.319,observed,A,269.0,4
C-S4-DEL,S4,DEL,K01,evening,1,203.1,487.0,7.438,98.89,3153.9,31.892,observed,A,269.0,3
C-S4-DEL,S4,DEL,K01,evening,5,190.9,199.7,2.153,38.11,912.77,23.949,observed,A,269.0,3
C-S4-DEL,S4,DEL,K01,evening,9,174.6,82.8,0.58,14.46,246.0,17.015,observed,A,269.0,3
C-S4-DEL,S4,DEL,K01,evening,13,154.3,39.0,0.203,6.01,86.08,14.317,observed,A,269.0,3
C-S4-DEL,S4,DEL,K05,night,1,332.5,285.1,1.622,94.78,687.81,7.257,observed,A,208.0,2
C-S4-DEL,S4,DEL,K05,night,5,312.6,116.9,0.469,36.53,199.06,5.449,observed,A,208.0,2
C-S4-DEL,S4,DEL,K05,night,9,286.0,48.5,0.127,13.86,53.65,3.872,observed,A,208.0,2
C-S4-DEL,S4,DEL,K05,night,13,252.7,22.8,0.044,5.76,18.77,3.258,observed,A,208.0,2
C-S4-DEL,S4,DEL,K05,morning,1,324.4,628.2,3.575,203.76,1515.67,7.438,observed,A,208.0,2
C-S4-DEL,S4,DEL,K05,morning,5,304.9,257.5,1.035,78.53,438.65,5.586,observed,A,208.0,2
C-S4-DEL,S4,DEL,K05,morning,9,279.0,106.8,0.279,29.79,118.22,3.969,observed,A,208.0,2
C-S4-DEL,S4,DEL,K05,morning,13,246.5,50.3,0.098,12.39,41.37,3.339,observed,A,208.0,2
C-S4-DEL,S4,DEL,K05,afternoon,1,321.8,859.7,4.892,276.64,2074.41,7.499,observed,A,208.0,2
C-S4-DEL,S4,DEL,K05,afternoon,5,302.5,352.5,1.416,106.62,600.36,5.631,observed,A,208.0,2
C-S4-DEL,S4,DEL,K05,afternoon,9,276.7,146.2,0.382,40.44,161.8,4.001,observed,A,208.0,2
C-S4-DEL,S4,DEL,K05,afternoon,13,244.6,68.8,0.134,16.82,56.62,3.366,observed,A,208.0,2
C-S4-DEL,S4,DEL,K05,evening,1,320.0,757.2,4.309,242.35,1827.13,7.539,observed,A,208.0,2
C-S4-DEL,S4,DEL,K05,evening,5,300.8,310.5,1.247,93.4,528.79,5.661,observed,A,208.0,2
C-S4-DEL,S4,DEL,K05,evening,9,275.2,128.7,0.336,35.43,142.52,4.022,observed,A,208.0,2
C-S4-DEL,S4,DEL,K05,evening,13,243.2,60.6,0.118,14.73,49.87,3.384,observed,A,208.0,2
C-S4-DEL,S4,DEL,K06,night,1,377.3,109.0,0.806,41.13,341.64,8.307,observed,A,97.0,3
C-S4-DEL,S4,DEL,K06,night,5,354.7,44.7,0.233,15.85,98.87,6.238,observed,A,97.0,3
C-S4-DEL,S4,DEL,K06,night,9,324.5,18.5,0.063,6.01,26.65,4.432,observed,A,97.0,3
C-S4-DEL,S4,DEL,K06,night,13,286.8,8.7,0.022,2.5,9.32,3.729,observed,A,97.0,3
C-S4-DEL,S4,DEL,K06,morning,1,367.8,252.0,1.863,92.69,789.87,8.522,observed,A,97.0,3
C-S4-DEL,S4,DEL,K06,morning,5,345.7,103.3,0.539,35.72,228.6,6.399,observed,A,97.0,3
C-S4-DEL,S4,DEL,K06,morning,9,316.3,42.8,0.145,13.55,61.61,4.546,observed,A,97.0,3
C-S4-DEL,S4,DEL,K06,morning,13,279.5,20.2,0.051,5.64,21.56,3.825,observed,A,97.0,3
C-S4-DEL,S4,DEL,K06,afternoon,1,363.4,328.3,2.427,119.31,1029.13,8.626,observed,A,97.0,3
C-S4-DEL,S4,DEL,K06,afternoon,5,341.6,134.6,0.702,45.98,297.84,6.477,observed,A,97.0,3
C-S4-DEL,S4,DEL,K06,afternoon,9,312.5,55.8,0.189,17.44,80.27,4.602,observed,A,97.0,3
C-S4-DEL,S4,DEL,K06,afternoon,13,276.2,26.3,0.066,7.25,28.09,3.872,observed,A,97.0,3
C-S4-DEL,S4,DEL,K06,evening,1,361.6,291.9,2.158,105.54,914.79,8.668,observed,A,97.0,3
C-S4-DEL,S4,DEL,K06,evening,5,339.9,119.7,0.624,40.67,264.75,6.509,observed,A,97.0,3
C-S4-DEL,S4,DEL,K06,evening,9,311.0,49.6,0.168,15.43,71.35,4.625,observed,A,97.0,3
C-S4-DEL,S4,DEL,K06,evening,13,274.8,23.3,0.059,6.42,24.97,3.891,observed,A,97.0,3
C-S4-DEL,S4,DEL,K10,night,1,417.5,123.9,0.245,51.73,104.06,2.012,observed,A,26.0,4
C-S4-DEL,S4,DEL,K10,night,5,392.4,50.8,0.071,19.94,30.12,1.511,observed,A,26.0,4
C-S4-DEL,S4,DEL,K10,night,9,359.0,21.1,0.019,7.56,8.12,1.073,observed,A,26.0,4
C-S4-DEL,S4,DEL,K10,night,13,317.3,9.9,0.007,3.15,2.84,0.903,observed,A,26.0,4
C-S4-DEL,S4,DEL,K10,morning,1,414.6,267.0,0.529,110.7,224.26,2.026,observed,A,26.0,3
C-S4-DEL,S4,DEL,K10,morning,5,389.7,109.5,0.153,42.67,64.9,1.521,observed,A,26.0,3
C-S4-DEL,S4,DEL,K10,morning,9,356.5,45.4,0.041,16.19,17.49,1.081,observed,A,26.0,3
C-S4-DEL,S4,DEL,K10,morning,13,315.1,21.4,0.014,6.73,6.12,0.909,observed,A,26.0,3
C-S4-DEL,S4,DEL,K10,afternoon,1,413.5,343.2,0.68,141.92,288.25,2.031,observed,A,26.0,3
C-S4-DEL,S4,DEL,K10,afternoon,5,388.7,140.7,0.197,54.7,83.42,1.525,observed,A,26.0,3
C-S4-DEL,S4,DEL,K10,afternoon,9,355.6,58.3,0.053,20.75,22.48,1.084,observed,A,26.0,3
C-S4-DEL,S4,DEL,K10,afternoon,13,314.3,27.5,0.019,8.63,7.87,0.912,observed,A,26.0,3
C-S4-DEL,S4,DEL,K10,evening,1,412.7,328.5,0.651,135.57,275.86,2.035,observed,A,26.0,4
C-S4-DEL,S4,DEL,K10,evening,5,388.0,134.7,0.188,52.25,79.84,1.528,observed,A,26.0,4
C-S4-DEL,S4,DEL,K10,evening,9,354.9,55.8,0.051,19.82,21.52,1.086,observed,A,26.0,4
C-S4-DEL,S4,DEL,K10,evening,13,313.7,26.3,0.018,8.24,7.53,0.913,observed,A,26.0,4
C-S4-MUM,S4,MUM,K01,night,1,222.1,117.1,1.512,26.0,641.01,24.652,observed,A,130.0,3
C-S4-MUM,S4,MUM,K01,night,5,208.8,48.0,0.438,10.02,185.52,18.512,observed,A,130.0,3
C-S4-MUM,S4,MUM,K01,night,9,191.0,19.9,0.118,3.8,50.0,13.152,observed,A,130.0,3
C-S4-MUM,S4,MUM,K01,night,13,168.8,9.4,0.041,1.58,17.5,11.067,observed,A,130.0,3
C-S4-MUM,S4,MUM,K01,morning,1,221.8,232.0,2.995,51.45,1270.09,24.686,observed,A,130.0,3
C-S4-MUM,S4,MUM,K01,morning,5,208.5,95.1,0.867,19.83,367.58,18.537,observed,A,130.0,3
C-S4-MUM,S4,MUM,K01,morning,9,190.7,39.4,0.234,7.52,99.07,13.17,observed,A,130.0,3
C-S4-MUM,S4,MUM,K01,morning,13,168.6,18.6,0.082,3.13,34.67,11.082,observed,A,130.0,3
C-S4-MUM,S4,MUM,K01,afternoon,1,219.7,284.5,3.673,62.48,1557.47,24.926,observed,A,130.0,3
C-S4-MUM,S4,MUM,K01,afternoon,5,206.5,116.6,1.063,24.08,450.75,18.718,observed,A,130.0,3
C-S4-MUM,S4,MUM,K01,afternoon,9,188.9,48.4,0.287,9.14,121.48,13.298,observed,A,130.0,3
C-S4-MUM,S4,MUM,K01,afternoon,13,166.9,22.8,0.1,3.8,42.51,11.19,observed,A,130.0,3
C-S4-MUM,S4,MUM,K01,evening,1,215.1,299.0,3.861,64.32,1637.23,25.453,observed,A,130.0,3
C-S4-MUM,S4,MUM,K01,evening,5,202.2,122.6,1.118,24.79,473.83,19.114,observed,A,130.0,3
C-S4-MUM,S4,MUM,K01,evening,9,185.0,50.8,0.301,9.4,127.7,13.58,observed,A,130.0,3
C-S4-MUM,S4,MUM,K01,evening,13,163.5,23.9,0.105,3.91,44.69,11.426,observed,A,130.0,3
C-S4-MUM,S4,MUM,K05,night,1,387.2,177.2,1.107,68.61,469.28,6.84,observed,A,100.0,3
C-S4-MUM,S4,MUM,K05,night,5,363.9,72.7,0.32,26.44,135.82,5.136,observed,A,100.0,3
C-S4-MUM,S4,MUM,K05,night,9,333.0,30.1,0.086,10.03,36.6,3.649,observed,A,100.0,3
C-S4-MUM,S4,MUM,K05,night,13,294.2,14.2,0.03,4.17,12.81,3.07,observed,A,100.0,3
C-S4-MUM,S4,MUM,K05,morning,1,381.2,324.1,2.024,123.55,858.26,6.947,observed,A,100.0,3
C-S4-MUM,S4,MUM,K05,morning,5,358.3,132.9,0.586,47.62,248.39,5.216,observed,A,100.0,3
C-S4-MUM,S4,MUM,K05,morning,9,327.8,55.1,0.158,18.06,66.94,3.706,observed,A,100.0,3
C-S4-MUM,S4,MUM,K05,morning,13,289.7,25.9,0.055,7.51,23.43,3.118,observed,A,100.0,3
C-S4-MUM,S4,MUM,K05,afternoon,1,376.9,441.6,2.758,166.46,1169.4,7.025,observed,A,100.0,3
C-S4-MUM,S4,MUM,K05,afternoon,5,354.3,181.1,0.798,64.16,338.44,5.275,observed,A,100.0,3
C-S4-MUM,S4,MUM,K05,afternoon,9,324.2,75.1,0.215,24.34,91.21,3.748,observed,A,100.0,3
C-S4-MUM,S4,MUM,K05,afternoon,13,286.5,35.3,0.075,10.12,31.92,3.154,observed,A,100.0,3
C-S4-MUM,S4,MUM,K05,evening,1,376.5,417.4,2.607,157.15,1105.33,7.034,observed,A,100.0,3
C-S4-MUM,S4,MUM,K05,evening,5,353.9,171.1,0.754,60.56,319.9,5.282,observed,A,100.0,3
C-S4-MUM,S4,MUM,K05,evening,9,323.8,71.0,0.203,22.98,86.22,3.753,observed,A,100.0,3
C-S4-MUM,S4,MUM,K05,evening,13,286.1,33.4,0.071,9.55,30.17,3.158,observed,A,100.0,3
C-S4-MUM,S4,MUM,K06,night,1,427.8,64.5,0.55,27.59,233.07,8.448,observed,A,79.0,2
C-S4-MUM,S4,MUM,K06,night,5,402.1,26.4,0.159,10.63,67.45,6.344,observed,A,79.0,2
C-S4-MUM,S4,MUM,K06,night,9,367.9,11.0,0.043,4.03,18.18,4.507,observed,A,79.0,2
C-S4-MUM,S4,MUM,K06,night,13,325.1,5.2,0.015,1.68,6.36,3.793,observed,A,79.0,2
C-S4-MUM,S4,MUM,K06,morning,1,413.3,147.4,1.256,60.9,532.53,8.745,observed,A,79.0,2
C-S4-MUM,S4,MUM,K06,morning,5,388.5,60.4,0.363,23.47,154.12,6.567,observed,A,79.0,2
C-S4-MUM,S4,MUM,K06,morning,9,355.4,25.1,0.098,8.9,41.54,4.665,observed,A,79.0,2
C-S4-MUM,S4,MUM,K06,morning,13,314.1,11.8,0.034,3.7,14.54,3.926,observed,A,79.0,2
C-S4-MUM,S4,MUM,K06,afternoon,1,413.4,175.2,1.493,72.41,633.0,8.742,observed,A,79.0,2
C-S4-MUM,S4,MUM,K06,afternoon,5,388.6,71.8,0.432,27.91,183.2,6.565,observed,A,79.0,2
C-S4-MUM,S4,MUM,K06,afternoon,9,355.5,29.8,0.116,10.59,49.37,4.664,observed,A,79.0,2
C-S4-MUM,S4,MUM,K06,afternoon,13,314.2,14.0,0.041,4.4,17.28,3.924,observed,A,79.0,2
C-S4-MUM,S4,MUM,K06,evening,1,400.6,192.1,1.637,76.96,694.21,9.02,observed,A,79.0,2
C-S4-MUM,S4,MUM,K06,evening,5,376.6,78.8,0.474,29.66,200.91,6.774,observed,A,79.0,2
C-S4-MUM,S4,MUM,K06,evening,9,344.5,32.7,0.128,11.25,54.15,4.813,observed,A,79.0,2
C-S4-MUM,S4,MUM,K06,evening,13,304.5,15.4,0.045,4.68,18.95,4.049,observed,A,79.0,2
C-S4-MUM,S4,MUM,K10,night,1,465.1,83.2,0.131,38.69,55.43,1.433,observed,B,12.0,3
C-S4-MUM,S4,MUM,K10,night,5,437.2,34.1,0.038,14.91,16.04,1.076,observed,B,12.0,3
C-S4-MUM,S4,MUM,K10,night,9,400.0,14.1,0.01,5.66,4.32,0.764,observed,B,12.0,3
C-S4-MUM,S4,MUM,K10,night,13,353.5,6.7,0.004,2.35,1.51,0.643,observed,B,12.0,3
C-S4-MUM,S4,MUM,K10,morning,1,459.6,170.3,0.268,78.26,113.48,1.45,observed,B,12.0,3
C-S4-MUM,S4,MUM,K10,morning,5,432.0,69.8,0.077,30.16,32.84,1.089,observed,B,12.0,3
C-S4-MUM,S4,MUM,K10,morning,9,395.2,29.0,0.021,11.44,8.85,0.774,observed,B,12.0,3
C-S4-MUM,S4,MUM,K10,morning,13,349.3,13.6,0.007,4.76,3.1,0.651,observed,B,12.0,3
C-S4-MUM,S4,MUM,K10,afternoon,1,458.5,213.4,0.335,97.84,142.19,1.453,observed,B,12.0,3
C-S4-MUM,S4,MUM,K10,afternoon,5,431.0,87.5,0.097,37.71,41.15,1.091,observed,B,12.0,3
C-S4-MUM,S4,MUM,K10,afternoon,9,394.3,36.3,0.026,14.3,11.09,0.775,observed,B,12.0,3
C-S4-MUM,S4,MUM,K10,afternoon,13,348.5,17.1,0.009,5.95,3.88,0.652,observed,B,12.0,3
C-S4-MUM,S4,MUM,K10,evening,1,453.1,215.2,0.338,97.48,143.37,1.471,observed,B,12.0,3
C-S4-MUM,S4,MUM,K10,evening,5,425.9,88.2,0.098,37.57,41.49,1.104,observed,B,12.0,3
C-S4-MUM,S4,MUM,K10,evening,9,389.6,36.6,0.026,14.25,11.18,0.785,observed,B,12.0,3
C-S4-MUM,S4,MUM,K10,evening,13,344.3,17.2,0.009,5.93,3.91,0.66,observed,B,12.0,3
C-S4-BLR,S4,BLR,K01,night,1,213.0,80.9,1.078,17.24,457.23,26.526,observed,A,117.0,3
C-S4-BLR,S4,BLR,K01,night,5,200.2,33.2,0.312,6.64,132.33,19.92,observed,A,117.0,3
C-S4-BLR,S4,BLR,K01,night,9,183.2,13.8,0.084,2.52,35.66,14.152,observed,A,117.0,3
C-S4-BLR,S4,BLR,K01,night,13,161.9,6.5,0.029,1.05,12.48,11.908,observed,A,117.0,3
C-S4-BLR,S4,BLR,K01,morning,1,216.0,187.7,2.5,40.54,1060.17,26.149,observed,A,117.0,3
C-S4-BLR,S4,BLR,K01,morning,5,203.1,76.9,0.724,15.63,306.83,19.636,observed,A,117.0,3
C-S4-BLR,S4,BLR,K01,morning,9,185.8,31.9,0.195,5.93,82.69,13.951,observed,A,117.0,3
C-S4-BLR,S4,BLR,K01,morning,13,164.2,15.0,0.068,2.47,28.94,11.739,observed,A,117.0,3
C-S4-BLR,S4,BLR,K01,afternoon,1,212.2,244.6,3.259,51.89,1381.66,26.627,observed,A,117.0,3
C-S4-BLR,S4,BLR,K01,afternoon,5,199.4,100.3,0.943,20.0,399.87,19.995,observed,A,117.0,3
C-S4-BLR,S4,BLR,K01,afternoon,9,182.5,41.6,0.254,7.59,107.77,14.206,observed,A,117.0,3
C-S4-BLR,S4,BLR,K01,afternoon,13,161.3,19.6,0.089,3.15,37.71,11.953,observed,A,117.0,3
C-S4-BLR,S4,BLR,K01,evening,1,212.0,287.9,3.836,61.02,1626.32,26.651,observed,A,117.0,3
C-S4-BLR,S4,BLR,K01,evening,5,199.3,118.0,1.11,23.52,470.68,20.013,observed,A,117.0,3
C-S4-BLR,S4,BLR,K01,evening,9,182.3,48.9,0.299,8.92,126.85,14.219,observed,A,117.0,3
C-S4-BLR,S4,BLR,K01,evening,13,161.1,23.0,0.105,3.71,44.39,11.964,observed,A,117.0,3
C-S4-BLR,S4,BLR,K05,night,1,369.9,155.1,0.837,57.38,354.76,6.182,observed,A,101.0,3
C-S4-BLR,S4,BLR,K05,night,5,347.7,63.6,0.242,22.12,102.67,4.643,observed,A,101.0,3
C-S4-BLR,S4,BLR,K05,night,9,318.1,26.4,0.065,8.39,27.67,3.298,observed,A,101.0,3
C-S4-BLR,S4,BLR,K05,night,13,281.1,12.4,0.023,3.49,9.68,2.775,observed,A,101.0,3
C-S4-BLR,S4,BLR,K05,morning,1,359.4,361.4,1.949,129.89,826.39,6.362,observed,A,101.0,3
C-S4-BLR,S4,BLR,K05,morning,5,337.9,148.2,0.564,50.06,239.17,4.778,observed,A,101.0,3
C-S4-BLR,S4,BLR,K05,morning,9,309.1,61.4,0.152,18.99,64.46,3.394,observed,A,101.0,3
C-S4-BLR,S4,BLR,K05,morning,13,273.2,28.9,0.053,7.9,22.56,2.856,observed,A,101.0,3
C-S4-BLR,S4,BLR,K05,afternoon,1,357.3,468.0,2.524,167.2,1070.22,6.401,observed,A,101.0,3
C-S4-BLR,S4,BLR,K05,afternoon,5,335.8,191.9,0.731,64.44,309.73,4.807,observed,A,101.0,3
C-S4-BLR,S4,BLR,K05,afternoon,9,307.2,79.6,0.197,24.44,83.48,3.415,observed,A,101.0,3
C-S4-BLR,S4,BLR,K05,afternoon,13,271.5,37.4,0.069,10.17,29.21,2.873,observed,A,101.0,3
C-S4-BLR,S4,BLR,K05,evening,1,351.3,574.4,3.098,201.77,1313.59,6.51,observed,A,101.0,3
C-S4-BLR,S4,BLR,K05,evening,5,330.2,235.5,0.897,77.76,380.17,4.889,observed,A,101.0,3
C-S4-BLR,S4,BLR,K05,evening,9,302.1,97.7,0.242,29.5,102.46,3.473,observed,A,101.0,3
C-S4-BLR,S4,BLR,K05,evening,13,267.0,46.0,0.085,12.27,35.85,2.923,observed,A,101.0,3
C-S4-BLR,S4,BLR,K06,night,1,398.5,72.7,0.658,28.96,278.96,9.631,observed,A,114.0,2
C-S4-BLR,S4,BLR,K06,night,5,374.6,29.8,0.19,11.16,80.74,7.233,observed,A,114.0,2
C-S4-BLR,S4,BLR,K06,night,9,342.7,12.4,0.051,4.23,21.76,5.138,observed,A,114.0,2
C-S4-BLR,S4,BLR,K06,night,13,302.9,5.8,0.018,1.76,7.61,4.324,observed,A,114.0,2
C-S4-BLR,S4,BLR,K06,morning,1,385.3,181.0,1.639,69.74,694.74,9.962,observed,A,114.0,2
C-S4-BLR,S4,BLR,K06,morning,5,362.2,74.2,0.474,26.88,201.07,7.481,observed,A,114.0,2
C-S4-BLR,S4,BLR,K06,morning,9,331.4,30.8,0.128,10.2,54.19,5.315,observed,A,114.0,2
C-S4-BLR,S4,BLR,K06,morning,13,292.8,14.5,0.045,4.24,18.96,4.472,observed,A,114.0,2
C-S4-BLR,S4,BLR,K06,afternoon,1,383.1,224.1,2.028,85.84,860.02,10.019,observed,A,114.0,2
C-S4-BLR,S4,BLR,K06,afternoon,5,360.1,91.9,0.587,33.08,248.9,7.524,observed,A,114.0,2
C-S4-BLR,S4,BLR,K06,afternoon,9,329.5,38.1,0.158,12.55,67.08,5.345,observed,A,114.0,2
C-S4-BLR,S4,BLR,K06,afternoon,13,291.2,17.9,0.055,5.22,23.47,4.498,observed,A,114.0,2
C-S4-BLR,S4,BLR,K06,evening,1,375.6,261.5,2.367,98.22,1003.66,10.219,observed,A,114.0,2
C-S4-BLR,S4,BLR,K06,evening,5,353.1,107.2,0.685,37.85,290.47,7.674,observed,A,114.0,2
C-S4-BLR,S4,BLR,K06,evening,9,323.0,44.5,0.185,14.36,78.29,5.452,observed,A,114.0,2
C-S4-BLR,S4,BLR,K06,evening,13,285.5,20.9,0.065,5.97,27.39,4.587,observed,A,114.0,2
C-S4-BLR,S4,BLR,K10,night,1,438.4,57.6,0.092,25.26,39.12,1.548,observed,B,14.0,3
C-S4-BLR,S4,BLR,K10,night,5,412.1,23.6,0.027,9.74,11.32,1.163,observed,B,14.0,3
C-S4-BLR,S4,BLR,K10,night,9,377.0,9.8,0.007,3.69,3.05,0.826,observed,B,14.0,3
C-S4-BLR,S4,BLR,K10,night,13,333.2,4.6,0.003,1.54,1.07,0.695,observed,B,14.0,3
C-S4-BLR,S4,BLR,K10,morning,1,426.8,166.5,0.267,71.07,113.03,1.59,observed,B,14.0,3
C-S4-BLR,S4,BLR,K10,morning,5,401.2,68.3,0.077,27.39,32.71,1.194,observed,B,14.0,3
C-S4-BLR,S4,BLR,K10,morning,9,367.1,28.3,0.021,10.39,8.82,0.848,observed,B,14.0,3
C-S4-BLR,S4,BLR,K10,morning,13,324.4,13.3,0.007,4.32,3.08,0.714,observed,B,14.0,3
C-S4-BLR,S4,BLR,K10,afternoon,1,429.5,194.5,0.311,83.53,132.02,1.581,observed,B,14.0,3
C-S4-BLR,S4,BLR,K10,afternoon,5,403.7,79.7,0.09,32.19,38.21,1.187,observed,B,14.0,3
C-S4-BLR,S4,BLR,K10,afternoon,9,369.3,33.1,0.024,12.21,10.3,0.843,observed,B,14.0,3
C-S4-BLR,S4,BLR,K10,afternoon,13,326.4,15.6,0.008,5.08,3.6,0.71,observed,B,14.0,3
C-S4-BLR,S4,BLR,K10,evening,1,422.7,231.6,0.371,97.89,157.18,1.606,observed,B,14.0,3
C-S4-BLR,S4,BLR,K10,evening,5,397.4,94.9,0.107,37.73,45.49,1.206,observed,B,14.0,3
C-S4-BLR,S4,BLR,K10,evening,9,363.5,39.4,0.029,14.31,12.26,0.857,observed,B,14.0,3
C-S4-BLR,S4,BLR,K10,evening,13,321.3,18.5,0.01,5.95,4.29,0.721,observed,B,14.0,3
C-S4-HYD,S4,HYD,K01,night,1,192.5,52.7,0.83,10.15,352.05,34.701,observed,A,61.0,5
C-S4-HYD,S4,HYD,K01,night,5,180.9,21.6,0.24,3.91,101.89,26.059,observed,A,61.0,5
C-S4-HYD,S4,HYD,K01,night,9,165.5,9.0,0.065,1.48,27.46,18.514,observed,A,61.0,5
C-S4-HYD,S4,HYD,K01,night,13,146.3,4.2,0.023,0.62,9.61,15.578,observed,A,61.0,5
C-S4-HYD,S4,HYD,K01,morning,1,197.9,141.1,2.223,27.93,942.51,33.749,observed,A,61.0,5
C-S4-HYD,S4,HYD,K01,morning,5,186.0,57.9,0.643,10.76,272.77,25.344,observed,A,61.0,5
C-S4-HYD,S4,HYD,K01,morning,9,170.2,24.0,0.173,4.08,73.52,18.006,observed,A,61.0,5
C-S4-HYD,S4,HYD,K01,morning,13,150.4,11.3,0.061,1.7,25.73,15.151,observed,A,61.0,5
C-S4-HYD,S4,HYD,K01,afternoon,1,198.9,173.4,2.732,34.5,1158.26,33.576,observed,A,61.0,5
C-S4-HYD,S4,HYD,K01,afternoon,5,187.0,71.1,0.791,13.3,335.22,25.214,observed,A,61.0,5
C-S4-HYD,S4,HYD,K01,afternoon,9,171.1,29.5,0.213,5.04,90.34,17.913,observed,A,61.0,5
C-S4-HYD,S4,HYD,K01,afternoon,13,151.2,13.9,0.075,2.1,31.61,15.073,observed,A,61.0,5
C-S4-HYD,S4,HYD,K01,evening,1,197.7,162.3,2.557,32.09,1084.15,33.78,observed,A,61.0,5
C-S4-HYD,S4,HYD,K01,evening,5,185.8,66.6,0.74,12.37,313.77,25.366,observed,A,61.0,5
C-S4-HYD,S4,HYD,K01,evening,9,170.0,27.6,0.199,4.69,84.56,18.022,observed,A,61.0,5
C-S4-HYD,S4,HYD,K01,evening,13,150.3,13.0,0.07,1.95,29.59,15.164,observed,A,61.0,5
C-S4-HYD,S4,HYD,K05,night,1,323.2,107.1,0.649,34.61,275.0,7.945,observed,A,77.0,3
C-S4-HYD,S4,HYD,K05,night,5,303.8,43.9,0.188,13.34,79.59,5.966,observed,A,77.0,3
C-S4-HYD,S4,HYD,K05,night,9,278.0,18.2,0.051,5.06,21.45,4.239,observed,A,77.0,3
C-S4-HYD,S4,HYD,K05,night,13,245.7,8.6,0.018,2.1,7.51,3.567,observed,A,77.0,3
C-S4-HYD,S4,HYD,K05,morning,1,312.4,257.1,1.557,80.31,660.32,8.222,observed,A,77.0,3
C-S4-HYD,S4,HYD,K05,morning,5,293.6,105.4,0.451,30.95,191.11,6.174,observed,A,77.0,3
C-S4-HYD,S4,HYD,K05,morning,9,268.6,43.7,0.121,11.74,51.51,4.386,observed,A,77.0,3
C-S4-HYD,S4,HYD,K05,morning,13,237.4,20.6,0.043,4.88,18.02,3.691,observed,A,77.0,3
C-S4-HYD,S4,HYD,K05,afternoon,1,310.5,320.3,1.94,99.43,822.52,8.272,observed,A,77.0,3
C-S4-HYD,S4,HYD,K05,afternoon,5,291.8,131.3,0.561,38.32,238.05,6.212,observed,A,77.0,3
C-S4-HYD,S4,HYD,K05,afternoon,9,267.0,54.4,0.151,14.54,64.16,4.413,observed,A,77.0,3
C-S4-HYD,S4,HYD,K05,afternoon,13,235.9,25.6,0.053,6.05,22.45,3.714,observed,A,77.0,3
C-S4-HYD,S4,HYD,K05,evening,1,309.3,288.9,1.75,89.36,741.91,8.302,observed,A,77.0,3
C-S4-HYD,S4,HYD,K05,evening,5,290.8,118.4,0.506,34.44,214.72,6.235,observed,A,77.0,3
C-S4-HYD,S4,HYD,K05,evening,9,266.0,49.1,0.136,13.06,57.87,4.429,observed,A,77.0,3
C-S4-HYD,S4,HYD,K05,evening,13,235.1,23.1,0.048,5.43,20.25,3.727,observed,A,77.0,3
C-S4-HYD,S4,HYD,K06,night,1,361.2,46.7,0.345,16.86,146.3,8.676,observed,A,44.0,3
C-S4-HYD,S4,HYD,K06,night,5,339.5,19.1,0.1,6.5,42.34,6.515,observed,A,44.0,3
C-S4-HYD,S4,HYD,K06,night,9,310.6,7.9,0.027,2.47,11.41,4.629,observed,A,44.0,3
C-S4-HYD,S4,HYD,K06,night,13,274.5,3.7,0.009,1.03,3.99,3.895,observed,A,44.0,3
C-S4-HYD,S4,HYD,K06,morning,1,356.5,128.7,0.951,45.86,403.16,8.791,observed,A,44.0,3
C-S4-HYD,S4,HYD,K06,morning,5,335.1,52.7,0.275,17.68,116.68,6.601,observed,A,44.0,3
C-S4-HYD,S4,HYD,K06,morning,9,306.6,21.9,0.074,6.71,31.45,4.69,observed,A,44.0,3
C-S4-HYD,S4,HYD,K06,morning,13,270.9,10.3,0.026,2.79,11.0,3.946,observed,A,44.0,3
C-S4-HYD,S4,HYD,K06,afternoon,1,354.3,161.2,1.191,57.12,505.19,8.845,observed,A,44.0,3
C-S4-HYD,S4,HYD,K06,afternoon,5,333.0,66.1,0.345,22.01,146.21,6.642,observed,A,44.0,3
C-S4-HYD,S4,HYD,K06,afternoon,9,304.7,27.4,0.093,8.35,39.4,4.719,observed,A,44.0,3
C-S4-HYD,S4,HYD,K06,afternoon,13,269.3,12.9,0.033,3.47,13.79,3.971,observed,A,44.0,3
C-S4-HYD,S4,HYD,K06,evening,1,352.9,138.3,1.022,48.8,433.37,8.88,observed,A,44.0,3
C-S4-HYD,S4,HYD,K06,evening,5,331.7,56.7,0.296,18.81,125.42,6.668,observed,A,44.0,3
C-S4-HYD,S4,HYD,K06,evening,9,303.5,23.5,0.08,7.14,33.8,4.738,observed,A,44.0,3
C-S4-HYD,S4,HYD,K06,evening,13,268.2,11.1,0.028,2.97,11.83,3.986,observed,A,44.0,3
C-S4-HYD,S4,HYD,K10,night,1,382.8,26.9,0.043,10.29,18.17,1.766,observed,C,6.0,3
C-S4-HYD,S4,HYD,K10,night,5,359.8,11.0,0.012,3.97,5.26,1.326,observed,C,6.0,3
C-S4-HYD,S4,HYD,K10,night,9,329.2,4.6,0.003,1.5,1.42,0.942,observed,C,6.0,3
C-S4-HYD,S4,HYD,K10,night,13,290.9,2.2,0.001,0.63,0.5,0.793,observed,C,6.0,3
C-S4-HYD,S4,HYD,K10,morning,1,376.0,93.3,0.149,35.08,63.07,1.798,observed,C,6.0,3
C-S4-HYD,S4,HYD,K10,morning,5,353.4,38.3,0.043,13.52,18.25,1.35,observed,C,6.0,3
C-S4-HYD,S4,HYD,K10,morning,9,323.3,15.9,0.012,5.13,4.92,0.959,observed,C,6.0,3
C-S4-HYD,S4,HYD,K10,morning,13,285.7,7.5,0.004,2.13,1.72,0.807,observed,C,6.0,3
C-S4-HYD,S4,HYD,K10,afternoon,1,373.1,122.6,0.195,45.74,82.87,1.812,observed,C,6.0,3
C-S4-HYD,S4,HYD,K10,afternoon,5,350.7,50.3,0.057,17.63,23.98,1.361,observed,C,6.0,3
C-S4-HYD,S4,HYD,K10,afternoon,9,320.9,20.8,0.015,6.69,6.46,0.967,observed,C,6.0,3
C-S4-HYD,S4,HYD,K10,afternoon,13,283.6,9.8,0.005,2.78,2.26,0.813,observed,C,6.0,3
C-S4-HYD,S4,HYD,K10,evening,1,373.1,97.7,0.156,36.43,66.01,1.812,observed,C,6.0,3
C-S4-HYD,S4,HYD,K10,evening,5,350.7,40.0,0.045,14.04,19.1,1.361,observed,C,6.0,3
C-S4-HYD,S4,HYD,K10,evening,9,320.9,16.6,0.012,5.33,5.15,0.967,observed,C,6.0,3
C-S4-HYD,S4,HYD,K10,evening,13,283.5,7.8,0.004,2.22,1.8,0.813,observed,C,6.0,3
C-S4-PUN,S4,PUN,K01,night,1,178.4,29.3,0.396,5.23,167.79,32.111,observed,A,66.0,2
C-S4-PUN,S4,PUN,K01,night,5,167.7,12.0,0.115,2.01,48.56,24.114,observed,A,66.0,2
C-S4-PUN,S4,PUN,K01,night,9,153.4,5.0,0.031,0.76,13.09,17.132,observed,A,66.0,2
C-S4-PUN,S4,PUN,K01,night,13,135.6,2.3,0.011,0.32,4.58,14.415,observed,A,66.0,2
C-S4-PUN,S4,PUN,K01,morning,1,177.5,89.3,1.207,15.85,511.63,32.277,observed,A,66.0,2
C-S4-PUN,S4,PUN,K01,morning,5,166.9,36.6,0.349,6.11,148.07,24.238,observed,A,66.0,2
C-S4-PUN,S4,PUN,K01,morning,9,152.7,15.2,0.094,2.32,39.91,17.22,observed,A,66.0,2
C-S4-PUN,S4,PUN,K01,morning,13,134.9,7.1,0.033,0.96,13.96,14.49,observed,A,66.0,2
C-S4-PUN,S4,PUN,K01,afternoon,1,178.8,110.8,1.497,19.81,634.65,32.035,observed,A,66.0,2
C-S4-PUN,S4,PUN,K01,afternoon,5,168.1,45.4,0.433,7.64,183.68,24.056,observed,A,66.0,2
C-S4-PUN,S4,PUN,K01,afternoon,9,153.8,18.8,0.117,2.9,49.5,17.091,observed,A,66.0,2
C-S4-PUN,S4,PUN,K01,afternoon,13,135.9,8.9,0.041,1.2,17.32,14.381,observed,A,66.0,2
C-S4-PUN,S4,PUN,K01,evening,1,175.1,92.2,1.246,16.14,528.21,32.722,observed,A,66.0,2
C-S4-PUN,S4,PUN,K01,evening,5,164.6,37.8,0.361,6.22,152.87,24.572,observed,A,66.0,2
C-S4-PUN,S4,PUN,K01,evening,9,150.6,15.7,0.097,2.36,41.2,17.458,observed,A,66.0,2
C-S4-PUN,S4,PUN,K01,evening,13,133.1,7.4,0.034,0.98,14.42,14.689,observed,A,66.0,2
C-S4-PUN,S4,PUN,K05,night,1,319.7,29.3,0.186,9.37,78.69,8.398,observed,B,21.0,3
C-S4-PUN,S4,PUN,K05,night,5,300.5,12.0,0.054,3.61,22.77,6.306,observed,B,21.0,3
C-S4-PUN,S4,PUN,K05,night,9,274.9,5.0,0.014,1.37,6.14,4.48,observed,B,21.0,3
C-S4-PUN,S4,PUN,K05,night,13,243.0,2.3,0.005,0.57,2.15,3.77,observed,B,21.0,3
C-S4-PUN,S4,PUN,K05,morning,1,309.4,87.1,0.551,26.95,233.8,8.676,observed,B,21.0,4
C-S4-PUN,S4,PUN,K05,morning,5,290.9,35.7,0.16,10.39,67.66,6.515,observed,B,21.0,4
C-S4-PUN,S4,PUN,K05,morning,9,266.1,14.8,0.043,3.94,18.24,4.629,observed,B,21.0,4
C-S4-PUN,S4,PUN,K05,morning,13,235.2,7.0,0.015,1.64,6.38,3.895,observed,B,21.0,4
C-S4-PUN,S4,PUN,K05,afternoon,1,308.5,104.4,0.661,32.2,280.2,8.702,observed,B,21.0,4
C-S4-PUN,S4,PUN,K05,afternoon,5,290.0,42.8,0.191,12.41,81.09,6.535,observed,B,21.0,4
C-S4-PUN,S4,PUN,K05,afternoon,9,265.3,17.7,0.052,4.71,21.86,4.643,observed,B,21.0,4
C-S4-PUN,S4,PUN,K05,afternoon,13,234.5,8.3,0.018,1.96,7.65,3.906,observed,B,21.0,4
C-S4-PUN,S4,PUN,K05,evening,1,304.7,94.3,0.597,28.75,253.28,8.809,observed,B,21.0,4
C-S4-PUN,S4,PUN,K05,evening,5,286.5,38.7,0.173,11.08,73.3,6.615,observed,B,21.0,4
C-S4-PUN,S4,PUN,K05,evening,9,262.1,16.0,0.047,4.2,19.76,4.7,observed,B,21.0,4
C-S4-PUN,S4,PUN,K05,evening,13,231.6,7.5,0.016,1.75,6.91,3.955,observed,B,21.0,4
C-S4-PUN,S4,PUN,K06,night,1,345.6,23.2,0.183,8.03,77.67,9.669,observed,A,43.0,1
C-S4-PUN,S4,PUN,K06,night,5,324.9,9.5,0.053,3.1,22.48,7.261,observed,A,43.0,1
C-S4-PUN,S4,PUN,K06,night,9,297.2,4.0,0.014,1.17,6.06,5.158,observed,A,43.0,1
C-S4-PUN,S4,PUN,K06,night,13,262.7,1.9,0.005,0.49,2.12,4.34,observed,A,43.0,1
C-S4-PUN,S4,PUN,K06,morning,1,341.2,71.8,0.566,24.49,239.88,9.794,observed,A,43.0,2
C-S4-PUN,S4,PUN,K06,morning,5,320.7,29.4,0.164,9.44,69.42,7.354,observed,A,43.0,2
C-S4-PUN,S4,PUN,K06,morning,9,293.4,12.2,0.044,3.58,18.71,5.225,observed,A,43.0,2
C-S4-PUN,S4,PUN,K06,morning,13,259.3,5.7,0.015,1.49,6.55,4.397,observed,A,43.0,2
C-S4-PUN,S4,PUN,K06,afternoon,1,339.0,92.2,0.727,31.27,308.21,9.857,observed,A,43.0,2
C-S4-PUN,S4,PUN,K06,afternoon,5,318.7,37.8,0.21,12.05,89.2,7.402,observed,A,43.0,2
C-S4-PUN,S4,PUN,K06,afternoon,9,291.5,15.7,0.057,4.57,24.04,5.259,observed,A,43.0,2
C-S4-PUN,S4,PUN,K06,afternoon,13,257.6,7.4,0.02,1.9,8.41,4.425,observed,A,43.0,2
C-S4-PUN,S4,PUN,K06,evening,1,338.2,75.5,0.595,25.52,252.15,9.881,observed,A,43.0,2
C-S4-PUN,S4,PUN,K06,evening,5,317.9,30.9,0.172,9.83,72.97,7.42,observed,A,43.0,2
C-S4-PUN,S4,PUN,K06,evening,9,290.8,12.8,0.046,3.73,19.67,5.272,observed,A,43.0,2
C-S4-PUN,S4,PUN,K06,evening,13,257.0,6.0,0.016,1.55,6.88,4.436,observed,A,43.0,2
C-S4-PUN,S4,PUN,K10,night,1,372.5,13.4,0.021,4.97,8.94,1.796,observed,C,0.0,3
C-S4-PUN,S4,PUN,K10,night,5,350.2,5.5,0.006,1.92,2.59,1.349,observed,C,0.0,3
C-S4-PUN,S4,PUN,K10,night,9,320.4,2.3,0.002,0.73,0.7,0.958,observed,C,0.0,3
C-S4-PUN,S4,PUN,K10,night,13,283.1,1.1,0.001,0.3,0.24,0.806,observed,C,0.0,3
C-S4-PUN,S4,PUN,K10,morning,1,373.1,42.8,0.068,15.97,28.64,1.794,observed,C,0.0,3
C-S4-PUN,S4,PUN,K10,morning,5,350.7,17.5,0.02,6.15,8.29,1.347,observed,C,0.0,3
C-S4-PUN,S4,PUN,K10,morning,9,320.8,7.3,0.005,2.33,2.23,0.957,observed,C,0.0,3
C-S4-PUN,S4,PUN,K10,morning,13,283.5,3.4,0.002,0.97,0.78,0.805,observed,C,0.0,3
C-S4-PUN,S4,PUN,K10,afternoon,1,371.8,61.9,0.098,23.01,41.41,1.8,observed,C,0.0,3
C-S4-PUN,S4,PUN,K10,afternoon,5,349.5,25.4,0.028,8.87,11.99,1.352,observed,C,0.0,3
C-S4-PUN,S4,PUN,K10,afternoon,9,319.7,10.5,0.008,3.36,3.23,0.96,observed,C,0.0,3
C-S4-PUN,S4,PUN,K10,afternoon,13,282.5,5.0,0.003,1.4,1.13,0.808,observed,C,0.0,3
C-S4-PUN,S4,PUN,K10,evening,1,369.2,49.1,0.078,18.14,32.88,1.812,observed,C,0.0,3
C-S4-PUN,S4,PUN,K10,evening,5,347.1,20.1,0.022,6.99,9.52,1.361,observed,C,0.0,3
C-S4-PUN,S4,PUN,K10,evening,9,317.5,8.4,0.006,2.65,2.56,0.967,observed,C,0.0,3
C-S4-PUN,S4,PUN,K10,evening,13,280.6,3.9,0.002,1.1,0.9,0.814,observed,C,0.0,3
C-S5-DEL,S5,DEL,K01,night,1,193.5,165.8,2.142,32.08,269.94,8.416,observed,A,219.0,2
C-S5-DEL,S5,DEL,K01,night,5,181.9,68.0,0.62,12.36,78.12,6.32,observed,A,219.0,2
C-S5-DEL,S5,DEL,K01,night,9,166.4,28.2,0.167,4.69,21.06,4.49,observed,A,219.0,2
C-S5-DEL,S5,DEL,K01,night,13,147.1,13.3,0.058,1.95,7.37,3.778,observed,A,219.0,2
C-S5-DEL,S5,DEL,K01,morning,1,194.6,388.0,5.015,75.52,631.84,8.366,observed,A,219.0,2
C-S5-DEL,S5,DEL,K01,morning,5,183.0,159.1,1.451,29.11,182.86,6.282,observed,A,219.0,2
C-S5-DEL,S5,DEL,K01,morning,9,167.4,66.0,0.391,11.04,49.28,4.463,observed,A,219.0,2
C-S5-DEL,S5,DEL,K01,morning,13,147.9,31.0,0.137,4.59,17.25,3.756,observed,A,219.0,2
C-S5-DEL,S5,DEL,K01,afternoon,1,197.1,393.3,5.082,77.51,640.36,8.262,observed,A,219.0,2
C-S5-DEL,S5,DEL,K01,afternoon,5,185.3,161.2,1.471,29.87,185.33,6.204,observed,A,219.0,2
C-S5-DEL,S5,DEL,K01,afternoon,9,169.5,66.9,0.396,11.33,49.95,4.408,observed,A,219.0,2
C-S5-DEL,S5,DEL,K01,afternoon,13,149.8,31.5,0.139,4.71,17.48,3.709,observed,A,219.0,2
C-S5-DEL,S5,DEL,K01,evening,1,211.6,302.7,3.912,64.06,492.93,7.695,observed,A,219.0,6
C-S5-DEL,S5,DEL,K01,evening,5,198.9,124.1,1.132,24.69,142.66,5.778,observed,A,219.0,6
C-S5-DEL,S5,DEL,K01,evening,9,182.0,51.5,0.305,9.37,38.45,4.105,observed,A,219.0,6
C-S5-DEL,S5,DEL,K01,evening,13,160.8,24.2,0.107,3.89,13.45,3.454,observed,A,219.0,6
C-S5-DEL,S5,DEL,K03,night,1,284.4,524.1,1.799,149.03,226.71,1.521,observed,A,81.0,4
C-S5-DEL,S5,DEL,K03,night,5,267.3,214.9,0.521,57.44,65.61,1.142,observed,A,81.0,4
C-S5-DEL,S5,DEL,K03,night,9,244.5,89.1,0.14,21.79,17.68,0.812,observed,A,81.0,4
C-S5-DEL,S5,DEL,K03,night,13,216.1,41.9,0.049,9.06,6.19,0.683,observed,A,81.0,4
C-S5-DEL,S5,DEL,K03,morning,1,271.8,1212.2,4.162,329.49,524.36,1.591,observed,A,81.0,4
C-S5-DEL,S5,DEL,K03,morning,5,255.5,497.0,1.204,126.99,151.76,1.195,observed,A,81.0,4
C-S5-DEL,S5,DEL,K03,morning,9,233.8,206.1,0.325,48.17,40.9,0.849,observed,A,81.0,4
C-S5-DEL,S5,DEL,K03,morning,13,206.6,97.0,0.114,20.03,14.31,0.714,observed,A,81.0,4
C-S5-DEL,S5,DEL,K03,afternoon,1,273.8,1045.5,3.589,286.21,452.25,1.58,observed,A,81.0,4
C-S5-DEL,S5,DEL,K03,afternoon,5,257.3,428.6,1.039,110.3,130.89,1.187,observed,A,81.0,4
C-S5-DEL,S5,DEL,K03,afternoon,9,235.4,177.7,0.28,41.84,35.28,0.843,observed,A,81.0,4
C-S5-DEL,S5,DEL,K03,afternoon,13,208.1,83.6,0.098,17.4,12.34,0.709,observed,A,81.0,4
C-S5-DEL,S5,DEL,K03,evening,1,288.9,955.8,3.281,276.08,413.43,1.498,observed,A,81.0,4
C-S5-DEL,S5,DEL,K03,evening,5,271.5,391.9,0.95,106.4,119.65,1.125,observed,A,81.0,4
C-S5-DEL,S5,DEL,K03,evening,9,248.4,162.5,0.256,40.36,32.25,0.799,observed,A,81.0,4
C-S5-DEL,S5,DEL,K03,evening,13,219.5,76.5,0.09,16.79,11.28,0.672,observed,A,81.0,4
C-S5-DEL,S5,DEL,K08,night,1,260.6,29.2,0.322,7.61,40.52,5.324,observed,A,42.0,1
C-S5-DEL,S5,DEL,K08,night,5,245.0,12.0,0.093,2.93,11.73,3.998,observed,A,42.0,1
C-S5-DEL,S5,DEL,K08,night,9,224.1,5.0,0.025,1.11,3.16,2.84,observed,A,42.0,1
C-S5-DEL,S5,DEL,K08,night,13,198.1,2.3,0.009,0.46,1.11,2.39,observed,A,42.0,1
C-S5-DEL,S5,DEL,K08,morning,1,255.5,65.0,0.716,16.62,90.23,5.43,observed,A,42.0,2
C-S5-DEL,S5,DEL,K08,morning,5,240.2,26.7,0.207,6.4,26.11,4.078,observed,A,42.0,2
C-S5-DEL,S5,DEL,K08,morning,9,219.7,11.1,0.056,2.43,7.04,2.897,observed,A,42.0,2
C-S5-DEL,S5,DEL,K08,morning,13,194.2,5.2,0.02,1.01,2.46,2.438,observed,A,42.0,2
C-S5-DEL,S5,DEL,K08,afternoon,1,259.1,84.9,0.935,22.01,117.83,5.354,observed,A,42.0,2
C-S5-DEL,S5,DEL,K08,afternoon,5,243.6,34.8,0.271,8.48,34.1,4.021,observed,A,42.0,2
C-S5-DEL,S5,DEL,K08,afternoon,9,222.8,14.4,0.073,3.22,9.19,2.857,observed,A,42.0,2
C-S5-DEL,S5,DEL,K08,afternoon,13,196.9,6.8,0.026,1.34,3.22,2.404,observed,A,42.0,2
C-S5-DEL,S5,DEL,K08,evening,1,268.2,68.1,0.75,18.26,94.44,5.173,observed,A,42.0,2
C-S5-DEL,S5,DEL,K08,evening,5,252.1,27.9,0.217,7.04,27.33,3.885,observed,A,42.0,2
C-S5-DEL,S5,DEL,K08,evening,9,230.7,11.6,0.058,2.67,7.37,2.76,observed,A,42.0,2
C-S5-DEL,S5,DEL,K08,evening,13,203.8,5.4,0.02,1.11,2.58,2.322,observed,A,42.0,2
C-S5-MUM,S5,MUM,K01,night,1,229.3,69.5,1.05,15.94,132.32,8.301,observed,A,47.0,6
C-S5-MUM,S5,MUM,K01,night,5,215.5,28.5,0.304,6.14,38.29,6.233,observed,A,47.0,6
C-S5-MUM,S5,MUM,K01,night,9,197.2,11.8,0.082,2.33,10.32,4.429,observed,A,47.0,6
C-S5-MUM,S5,MUM,K01,night,13,174.3,5.6,0.029,0.97,3.61,3.726,observed,A,47.0,6
C-S5-MUM,S5,MUM,K01,morning,1,230.7,146.3,2.21,33.75,278.46,8.251,observed,A,47.0,6
C-S5-MUM,S5,MUM,K01,morning,5,216.9,60.0,0.64,13.01,80.59,6.196,observed,A,47.0,6
C-S5-MUM,S5,MUM,K01,morning,9,198.4,24.9,0.172,4.93,21.72,4.402,observed,A,47.0,6
C-S5-MUM,S5,MUM,K01,morning,13,175.3,11.7,0.06,2.05,7.6,3.704,observed,A,47.0,6
C-S5-MUM,S5,MUM,K01,afternoon,1,231.3,178.1,2.69,41.19,338.95,8.229,observed,A,47.0,5
C-S5-MUM,S5,MUM,K01,afternoon,5,217.4,73.0,0.779,15.87,98.09,6.18,observed,A,47.0,5
C-S5-MUM,S5,MUM,K01,afternoon,9,198.9,30.3,0.21,6.02,26.44,4.39,observed,A,47.0,5
C-S5-MUM,S5,MUM,K01,afternoon,13,175.8,14.2,0.073,2.5,9.25,3.694,observed,A,47.0,5
C-S5-MUM,S5,MUM,K01,evening,1,229.5,185.2,2.798,42.51,352.57,8.294,observed,A,47.0,6
C-S5-MUM,S5,MUM,K01,evening,5,215.7,75.9,0.81,16.38,102.04,6.228,observed,A,47.0,6
C-S5-MUM,S5,MUM,K01,evening,9,197.4,31.5,0.218,6.22,27.5,4.425,observed,A,47.0,6
C-S5-MUM,S5,MUM,K01,evening,13,174.4,14.8,0.076,2.58,9.62,3.723,observed,A,47.0,6
C-S5-MUM,S5,MUM,K03,night,1,327.4,540.7,2.14,177.01,269.65,1.523,observed,A,242.0,2
C-S5-MUM,S5,MUM,K03,night,5,307.7,221.7,0.619,68.22,78.04,1.144,observed,A,242.0,2
C-S5-MUM,S5,MUM,K03,night,9,281.5,91.9,0.167,25.88,21.03,0.813,observed,A,242.0,2
C-S5-MUM,S5,MUM,K03,night,13,248.8,43.3,0.058,10.76,7.36,0.684,observed,A,242.0,2
C-S5-MUM,S5,MUM,K03,morning,1,332.8,1018.4,4.031,338.9,507.89,1.499,observed,A,242.0,3
C-S5-MUM,S5,MUM,K03,morning,5,312.8,417.5,1.167,130.61,146.99,1.125,observed,A,242.0,3
C-S5-MUM,S5,MUM,K03,morning,9,286.2,173.1,0.314,49.55,39.62,0.8,observed,A,242.0,3
C-S5-MUM,S5,MUM,K03,morning,13,252.9,81.5,0.11,20.61,13.86,0.673,observed,A,242.0,3
C-S5-MUM,S5,MUM,K03,afternoon,1,328.7,1383.0,5.474,454.61,689.72,1.517,observed,A,242.0,2
C-S5-MUM,S5,MUM,K03,afternoon,5,309.0,567.0,1.584,175.21,199.61,1.139,observed,A,242.0,2
C-S5-MUM,S5,MUM,K03,afternoon,9,282.7,235.1,0.427,66.46,53.8,0.809,observed,A,242.0,2
C-S5-MUM,S5,MUM,K03,afternoon,13,249.8,110.6,0.149,27.64,18.83,0.681,observed,A,242.0,2
C-S5-MUM,S5,MUM,K03,evening,1,323.8,1379.1,5.458,446.5,687.76,1.54,observed,A,242.0,2
C-S5-MUM,S5,MUM,K03,evening,5,304.3,565.4,1.58,172.08,199.05,1.157,observed,A,242.0,2
C-S5-MUM,S5,MUM,K03,evening,9,278.4,234.4,0.426,65.28,53.65,0.822,observed,A,242.0,2
C-S5-MUM,S5,MUM,K03,evening,13,246.1,110.3,0.149,27.15,18.77,0.691,observed,A,242.0,2
C-S5-MUM,S5,MUM,K08,night,1,295.4,25.7,0.319,7.58,40.16,5.298,observed,A,65.0,2
C-S5-MUM,S5,MUM,K08,night,5,277.7,10.5,0.092,2.92,11.62,3.979,observed,A,65.0,2
C-S5-MUM,S5,MUM,K08,night,9,254.0,4.4,0.025,1.11,3.13,2.827,observed,A,65.0,2
C-S5-MUM,S5,MUM,K08,night,13,224.5,2.1,0.009,0.46,1.1,2.379,observed,A,65.0,2
C-S5-MUM,S5,MUM,K08,morning,1,290.2,56.3,0.7,16.35,88.18,5.392,observed,A,65.0,2
C-S5-MUM,S5,MUM,K08,morning,5,272.8,23.1,0.203,6.3,25.52,4.049,observed,A,65.0,2
C-S5-MUM,S5,MUM,K08,morning,9,249.6,9.6,0.055,2.39,6.88,2.877,observed,A,65.0,2
C-S5-MUM,S5,MUM,K08,morning,13,220.6,4.5,0.019,0.99,2.41,2.421,observed,A,65.0,2
C-S5-MUM,S5,MUM,K08,afternoon,1,289.4,67.8,0.842,19.61,106.05,5.409,observed,A,65.0,2
C-S5-MUM,S5,MUM,K08,afternoon,5,272.0,27.8,0.244,7.56,30.69,4.062,observed,A,65.0,2
C-S5-MUM,S5,MUM,K08,afternoon,9,248.8,11.5,0.066,2.87,8.27,2.886,observed,A,65.0,2
C-S5-MUM,S5,MUM,K08,afternoon,13,219.9,5.4,0.023,1.19,2.89,2.428,observed,A,65.0,2
C-S5-MUM,S5,MUM,K08,evening,1,285.6,72.3,0.899,20.66,113.23,5.48,observed,A,65.0,2
C-S5-MUM,S5,MUM,K08,evening,5,268.5,29.7,0.26,7.96,32.77,4.115,observed,A,65.0,2
C-S5-MUM,S5,MUM,K08,evening,9,245.6,12.3,0.07,3.02,8.83,2.923,observed,A,65.0,2
C-S5-MUM,S5,MUM,K08,evening,13,217.1,5.8,0.025,1.26,3.09,2.46,observed,A,65.0,2
C-S5-BLR,S5,BLR,K01,night,1,220.8,66.8,0.949,14.74,119.63,8.116,observed,A,64.0,5
C-S5-BLR,S5,BLR,K01,night,5,207.5,27.4,0.275,5.68,34.62,6.094,observed,A,64.0,5
C-S5-BLR,S5,BLR,K01,night,9,189.9,11.4,0.074,2.16,9.33,4.33,observed,A,64.0,5
C-S5-BLR,S5,BLR,K01,night,13,167.8,5.3,0.026,0.9,3.27,3.643,observed,A,64.0,5
C-S5-BLR,S5,BLR,K01,morning,1,225.1,164.4,2.338,37.01,294.63,7.962,observed,A,64.0,5
C-S5-BLR,S5,BLR,K01,morning,5,211.5,67.4,0.677,14.26,85.27,5.979,observed,A,64.0,5
C-S5-BLR,S5,BLR,K01,morning,9,193.5,28.0,0.182,5.41,22.98,4.248,observed,A,64.0,5
C-S5-BLR,S5,BLR,K01,morning,13,171.0,13.2,0.064,2.25,8.04,3.574,observed,A,64.0,5
C-S5-BLR,S5,BLR,K01,afternoon,1,226.4,214.0,3.043,48.44,383.38,7.914,observed,A,64.0,5
C-S5-BLR,S5,BLR,K01,afternoon,5,212.8,87.7,0.881,18.67,110.96,5.943,observed,A,64.0,5
C-S5-BLR,S5,BLR,K01,afternoon,9,194.7,36.4,0.237,7.08,29.9,4.222,observed,A,64.0,5
C-S5-BLR,S5,BLR,K01,afternoon,13,172.1,17.1,0.083,2.95,10.46,3.553,observed,A,64.0,5
C-S5-BLR,S5,BLR,K01,evening,1,223.3,245.2,3.487,54.77,439.41,8.023,observed,A,64.0,5
C-S5-BLR,S5,BLR,K01,evening,5,209.9,100.5,1.009,21.11,127.17,6.025,observed,A,64.0,5
C-S5-BLR,S5,BLR,K01,evening,9,192.1,41.7,0.272,8.01,34.27,4.28,observed,A,64.0,5
C-S5-BLR,S5,BLR,K01,evening,13,169.7,19.6,0.095,3.33,11.99,3.602,observed,A,64.0,5
C-S5-BLR,S5,BLR,K03,night,1,312.3,390.0,1.565,121.81,197.24,1.619,observed,A,137.0,4
C-S5-BLR,S5,BLR,K03,night,5,293.6,159.9,0.453,46.95,57.08,1.216,observed,A,137.0,4
C-S5-BLR,S5,BLR,K03,night,9,268.6,66.3,0.122,17.81,15.39,0.864,observed,A,137.0,4
C-S5-BLR,S5,BLR,K03,night,13,237.4,31.2,0.043,7.41,5.38,0.727,observed,A,137.0,4
C-S5-BLR,S5,BLR,K03,morning,1,298.9,986.2,3.958,294.81,498.73,1.692,observed,A,137.0,4
C-S5-BLR,S5,BLR,K03,morning,5,281.0,404.3,1.146,113.62,144.34,1.27,observed,A,137.0,4
C-S5-BLR,S5,BLR,K03,morning,9,257.1,167.6,0.309,43.1,38.9,0.903,observed,A,137.0,4
C-S5-BLR,S5,BLR,K03,morning,13,227.2,78.9,0.108,17.92,13.61,0.759,observed,A,137.0,4
C-S5-BLR,S5,BLR,K03,afternoon,1,298.0,1162.3,4.665,346.38,587.81,1.697,observed,A,137.0,4
C-S5-BLR,S5,BLR,K03,afternoon,5,280.1,476.5,1.35,133.5,170.12,1.274,observed,A,137.0,4
C-S5-BLR,S5,BLR,K03,afternoon,9,256.3,197.6,0.364,50.64,45.85,0.905,observed,A,137.0,4
C-S5-BLR,S5,BLR,K03,afternoon,13,226.5,93.0,0.127,21.06,16.04,0.762,observed,A,137.0,4
C-S5-BLR,S5,BLR,K03,evening,1,294.7,1264.3,5.075,372.61,639.41,1.716,observed,A,137.0,4
C-S5-BLR,S5,BLR,K03,evening,5,277.0,518.4,1.469,143.6,185.05,1.289,observed,A,137.0,4
C-S5-BLR,S5,BLR,K03,evening,9,253.4,214.9,0.396,54.48,49.87,0.916,observed,A,137.0,4
C-S5-BLR,S5,BLR,K03,evening,13,224.0,101.1,0.139,22.65,17.45,0.77,observed,A,137.0,4
C-S5-BLR,S5,BLR,K08,night,1,278.2,20.7,0.221,5.75,27.82,4.839,observed,A,41.0,2
C-S5-BLR,S5,BLR,K08,night,5,261.5,8.5,0.064,2.22,8.05,3.634,observed,A,41.0,2
C-S5-BLR,S5,BLR,K08,night,9,239.2,3.5,0.017,0.84,2.17,2.582,observed,A,41.0,2
C-S5-BLR,S5,BLR,K08,night,13,211.4,1.7,0.006,0.35,0.76,2.172,observed,A,41.0,2
C-S5-BLR,S5,BLR,K08,morning,1,273.5,45.5,0.486,12.44,61.26,4.923,observed,A,41.0,2
C-S5-BLR,S5,BLR,K08,morning,5,257.1,18.7,0.141,4.8,17.73,3.697,observed,A,41.0,2
C-S5-BLR,S5,BLR,K08,morning,9,235.2,7.7,0.038,1.82,4.78,2.626,observed,A,41.0,2
C-S5-BLR,S5,BLR,K08,morning,13,207.8,3.6,0.013,0.76,1.67,2.21,observed,A,41.0,2
C-S5-BLR,S5,BLR,K08,afternoon,1,269.8,62.9,0.672,16.96,84.61,4.991,observed,A,41.0,2
C-S5-BLR,S5,BLR,K08,afternoon,5,253.6,25.8,0.194,6.53,24.49,3.748,observed,A,41.0,2
C-S5-BLR,S5,BLR,K08,afternoon,9,232.0,10.7,0.052,2.48,6.6,2.663,observed,A,41.0,2
C-S5-BLR,S5,BLR,K08,afternoon,13,205.0,5.0,0.018,1.03,2.31,2.24,observed,A,41.0,2
C-S5-BLR,S5,BLR,K08,evening,1,267.9,71.7,0.766,19.2,96.52,5.026,observed,A,41.0,2
C-S5-BLR,S5,BLR,K08,evening,5,251.8,29.4,0.222,7.4,27.94,3.774,observed,A,41.0,2
C-S5-BLR,S5,BLR,K08,evening,9,230.4,12.2,0.06,2.81,7.53,2.682,observed,A,41.0,2
C-S5-BLR,S5,BLR,K08,evening,13,203.6,5.7,0.021,1.17,2.63,2.256,observed,A,41.0,2
C-S5-HYD,S5,HYD,K01,night,1,182.2,72.2,0.971,13.16,122.37,9.299,observed,A,223.0,1
C-S5-HYD,S5,HYD,K01,night,5,171.3,29.6,0.281,5.07,35.42,6.983,observed,A,223.0,1
C-S5-HYD,S5,HYD,K01,night,9,156.7,12.3,0.076,1.92,9.55,4.961,observed,A,223.0,1
C-S5-HYD,S5,HYD,K01,night,13,138.5,5.8,0.027,0.8,3.34,4.175,observed,A,223.0,1
C-S5-HYD,S5,HYD,K01,morning,1,180.1,191.6,2.577,34.51,324.65,9.407,observed,A,223.0,1
C-S5-HYD,S5,HYD,K01,morning,5,169.3,78.5,0.746,13.3,93.96,7.064,observed,A,223.0,1
C-S5-HYD,S5,HYD,K01,morning,9,154.9,32.6,0.201,5.05,25.32,5.019,observed,A,223.0,1
C-S5-HYD,S5,HYD,K01,morning,13,136.9,15.3,0.07,2.1,8.86,4.223,observed,A,223.0,1
C-S5-HYD,S5,HYD,K01,afternoon,1,182.8,229.6,3.088,41.96,389.06,9.271,observed,A,223.0,1
C-S5-HYD,S5,HYD,K01,afternoon,5,171.8,94.1,0.894,16.17,112.6,6.962,observed,A,223.0,1
C-S5-HYD,S5,HYD,K01,afternoon,9,157.2,39.0,0.241,6.14,30.35,4.946,observed,A,223.0,1
C-S5-HYD,S5,HYD,K01,afternoon,13,138.9,18.4,0.084,2.55,10.62,4.162,observed,A,223.0,1
C-S5-HYD,S5,HYD,K01,evening,1,178.4,205.2,2.761,36.61,347.83,9.501,observed,A,223.0,1
C-S5-HYD,S5,HYD,K01,evening,5,167.7,84.2,0.799,14.11,100.67,7.134,observed,A,223.0,1
C-S5-HYD,S5,HYD,K01,evening,9,153.4,34.9,0.215,5.35,27.13,5.069,observed,A,223.0,1
C-S5-HYD,S5,HYD,K01,evening,13,135.6,16.4,0.075,2.23,9.49,4.265,observed,A,223.0,1
C-S5-HYD,S5,HYD,K03,night,1,280.6,257.5,0.915,72.24,115.35,1.597,observed,A,79.0,4
C-S5-HYD,S5,HYD,K03,night,5,263.7,105.6,0.265,27.84,33.38,1.199,observed,A,79.0,4
C-S5-HYD,S5,HYD,K03,night,9,241.3,43.8,0.071,10.56,9.0,0.852,observed,A,79.0,4
C-S5-HYD,S5,HYD,K03,night,13,213.2,20.6,0.025,4.39,3.15,0.717,observed,A,79.0,4
C-S5-HYD,S5,HYD,K03,morning,1,269.2,600.4,2.135,161.66,268.97,1.664,observed,A,79.0,4
C-S5-HYD,S5,HYD,K03,morning,5,253.1,246.2,0.618,62.3,77.84,1.249,observed,A,79.0,4
C-S5-HYD,S5,HYD,K03,morning,9,231.5,102.1,0.167,23.63,20.98,0.888,observed,A,79.0,4
C-S5-HYD,S5,HYD,K03,morning,13,204.6,48.0,0.058,9.83,7.34,0.747,observed,A,79.0,4
C-S5-HYD,S5,HYD,K03,afternoon,1,268.6,684.0,2.432,183.72,306.41,1.668,observed,A,79.0,3
C-S5-HYD,S5,HYD,K03,afternoon,5,252.5,280.4,0.704,70.81,88.68,1.252,observed,A,79.0,3
C-S5-HYD,S5,HYD,K03,afternoon,9,231.0,116.3,0.19,26.86,23.9,0.89,observed,A,79.0,3
C-S5-HYD,S5,HYD,K03,afternoon,13,204.1,54.7,0.066,11.17,8.36,0.749,observed,A,79.0,3
C-S5-HYD,S5,HYD,K03,evening,1,265.5,654.5,2.327,173.76,293.21,1.687,observed,A,79.0,3
C-S5-HYD,S5,HYD,K03,evening,5,249.5,268.4,0.673,66.97,84.86,1.267,observed,A,79.0,3
C-S5-HYD,S5,HYD,K03,evening,9,228.3,111.3,0.182,25.4,22.87,0.9,observed,A,79.0,3
C-S5-HYD,S5,HYD,K03,evening,13,201.8,52.4,0.064,10.56,8.0,0.758,observed,A,79.0,3
C-S5-HYD,S5,HYD,K08,night,1,246.0,11.4,0.118,2.81,14.89,5.296,observed,B,20.0,2
C-S5-HYD,S5,HYD,K08,night,5,231.3,4.7,0.034,1.08,4.31,3.977,observed,B,20.0,2
C-S5-HYD,S5,HYD,K08,night,9,211.6,1.9,0.009,0.41,1.16,2.825,observed,B,20.0,2
C-S5-HYD,S5,HYD,K08,night,13,187.0,0.9,0.003,0.17,0.41,2.377,observed,B,20.0,2
C-S5-HYD,S5,HYD,K08,morning,1,243.8,26.0,0.269,6.34,33.86,5.344,observed,B,20.0,2
C-S5-HYD,S5,HYD,K08,morning,5,229.2,10.7,0.078,2.44,9.8,4.013,observed,B,20.0,2
C-S5-HYD,S5,HYD,K08,morning,9,209.7,4.4,0.021,0.93,2.64,2.851,observed,B,20.0,2
C-S5-HYD,S5,HYD,K08,morning,13,185.3,2.1,0.007,0.39,0.92,2.399,observed,B,20.0,2
C-S5-HYD,S5,HYD,K08,afternoon,1,242.9,32.5,0.336,7.89,42.33,5.364,observed,B,20.0,2
C-S5-HYD,S5,HYD,K08,afternoon,5,228.3,13.3,0.097,3.04,12.25,4.028,observed,B,20.0,2
C-S5-HYD,S5,HYD,K08,afternoon,9,208.9,5.5,0.026,1.15,3.3,2.862,observed,B,20.0,2
C-S5-HYD,S5,HYD,K08,afternoon,13,184.6,2.6,0.009,0.48,1.16,2.408,observed,B,20.0,2
C-S5-HYD,S5,HYD,K08,evening,1,239.9,29.8,0.308,7.14,38.79,5.432,observed,B,20.0,2
C-S5-HYD,S5,HYD,K08,evening,5,225.5,12.2,0.089,2.75,11.23,4.079,observed,B,20.0,2
C-S5-HYD,S5,HYD,K08,evening,9,206.3,5.1,0.024,1.04,3.03,2.898,observed,B,20.0,2
C-S5-HYD,S5,HYD,K08,evening,13,182.3,2.4,0.008,0.43,1.06,2.438,observed,B,20.0,2
C-S5-PUN,S5,PUN,K01,night,1,182.7,15.9,0.206,2.9,25.93,8.932,observed,B,10.0,8
C-S5-PUN,S5,PUN,K01,night,5,171.7,6.5,0.06,1.12,7.5,6.707,observed,B,10.0,8
C-S5-PUN,S5,PUN,K01,night,9,157.1,2.7,0.016,0.42,2.02,4.765,observed,B,10.0,8
C-S5-PUN,S5,PUN,K01,night,13,138.9,1.3,0.006,0.18,0.71,4.01,observed,B,10.0,8
C-S5-PUN,S5,PUN,K01,morning,1,188.1,56.3,0.729,10.58,91.81,8.676,observed,B,10.0,7
C-S5-PUN,S5,PUN,K01,morning,5,176.8,23.1,0.211,4.08,26.57,6.515,observed,B,10.0,7
C-S5-PUN,S5,PUN,K01,morning,9,161.8,9.6,0.057,1.55,7.16,4.629,observed,B,10.0,7
C-S5-PUN,S5,PUN,K01,morning,13,143.0,4.5,0.02,0.64,2.51,3.895,observed,B,10.0,7
C-S5-PUN,S5,PUN,K01,afternoon,1,189.8,73.7,0.955,13.99,120.28,8.598,observed,B,10.0,7
C-S5-PUN,S5,PUN,K01,afternoon,5,178.4,30.2,0.276,5.39,34.81,6.457,observed,B,10.0,7
C-S5-PUN,S5,PUN,K01,afternoon,9,163.2,12.5,0.074,2.05,9.38,4.587,observed,B,10.0,7
C-S5-PUN,S5,PUN,K01,afternoon,13,144.2,5.9,0.026,0.85,3.28,3.86,observed,B,10.0,7
C-S5-PUN,S5,PUN,K01,evening,1,186.4,57.4,0.744,10.71,93.72,8.753,observed,B,10.0,8
C-S5-PUN,S5,PUN,K01,evening,5,175.2,23.5,0.215,4.13,27.12,6.573,observed,B,10.0,8
C-S5-PUN,S5,PUN,K01,evening,9,160.3,9.8,0.058,1.57,7.31,4.67,observed,B,10.0,8
C-S5-PUN,S5,PUN,K01,evening,13,141.7,4.6,0.02,0.65,2.56,3.929,observed,B,10.0,8
C-S5-PUN,S5,PUN,K03,night,1,287.6,154.0,0.502,44.28,63.25,1.428,observed,A,31.0,5
C-S5-PUN,S5,PUN,K03,night,5,270.4,63.1,0.145,17.07,18.3,1.073,observed,A,31.0,5
C-S5-PUN,S5,PUN,K03,night,9,247.3,26.2,0.039,6.47,4.93,0.762,observed,A,31.0,5
C-S5-PUN,S5,PUN,K03,night,13,218.6,12.3,0.014,2.69,1.73,0.641,observed,A,31.0,5
C-S5-PUN,S5,PUN,K03,morning,1,277.4,382.5,1.247,106.08,157.11,1.481,observed,A,31.0,5
C-S5-PUN,S5,PUN,K03,morning,5,260.7,156.8,0.361,40.89,45.47,1.112,observed,A,31.0,5
C-S5-PUN,S5,PUN,K03,morning,9,238.5,65.0,0.097,15.51,12.25,0.79,observed,A,31.0,5
C-S5-PUN,S5,PUN,K03,morning,13,210.8,30.6,0.034,6.45,4.29,0.665,observed,A,31.0,5
C-S5-PUN,S5,PUN,K03,afternoon,1,274.7,457.2,1.49,125.57,187.8,1.496,observed,A,31.0,5
C-S5-PUN,S5,PUN,K03,afternoon,5,258.2,187.4,0.431,48.39,54.35,1.123,observed,A,31.0,5
C-S5-PUN,S5,PUN,K03,afternoon,9,236.2,77.7,0.116,18.36,14.65,0.798,observed,A,31.0,5
C-S5-PUN,S5,PUN,K03,afternoon,13,208.7,36.6,0.041,7.63,5.13,0.671,observed,A,31.0,5
C-S5-PUN,S5,PUN,K03,evening,1,276.0,377.4,1.23,104.18,155.03,1.488,observed,A,31.0,5
C-S5-PUN,S5,PUN,K03,evening,5,259.5,154.7,0.356,40.15,44.87,1.117,observed,A,31.0,5
C-S5-PUN,S5,PUN,K03,evening,9,237.4,64.2,0.096,15.23,12.09,0.794,observed,A,31.0,5
C-S5-PUN,S5,PUN,K03,evening,13,209.8,30.2,0.034,6.33,4.23,0.668,observed,A,31.0,5
C-S5-PUN,S5,PUN,K08,night,1,238.4,3.2,0.033,0.77,4.17,5.418,observed,C,6.0,1
C-S5-PUN,S5,PUN,K08,night,5,224.1,1.3,0.01,0.3,1.21,4.069,observed,C,6.0,1
C-S5-PUN,S5,PUN,K08,night,9,205.0,0.5,0.003,0.11,0.33,2.891,observed,C,6.0,1
C-S5-PUN,S5,PUN,K08,night,13,181.2,0.3,0.001,0.05,0.11,2.432,observed,C,6.0,1
C-S5-PUN,S5,PUN,K08,morning,1,238.6,11.8,0.121,2.82,15.25,5.412,observed,C,6.0,2
C-S5-PUN,S5,PUN,K08,morning,5,224.3,4.8,0.035,1.09,4.41,4.064,observed,C,6.0,2
C-S5-PUN,S5,PUN,K08,morning,9,205.2,2.0,0.009,0.41,1.19,2.887,observed,C,6.0,2
C-S5-PUN,S5,PUN,K08,morning,13,181.4,0.9,0.003,0.17,0.42,2.43,observed,C,6.0,2
C-S5-PUN,S5,PUN,K08,afternoon,1,239.0,14.6,0.15,3.49,18.86,5.405,observed,C,6.0,2
C-S5-PUN,S5,PUN,K08,afternoon,5,224.6,6.0,0.043,1.34,5.46,4.059,observed,C,6.0,2
C-S5-PUN,S5,PUN,K08,afternoon,9,205.5,2.5,0.012,0.51,1.47,2.883,observed,C,6.0,2
C-S5-PUN,S5,PUN,K08,afternoon,13,181.6,1.2,0.004,0.21,0.51,2.426,observed,C,6.0,2
C-S5-PUN,S5,PUN,K08,evening,1,236.0,12.5,0.128,2.95,16.14,5.473,observed,C,6.0,2
C-S5-PUN,S5,PUN,K08,evening,5,221.8,5.1,0.037,1.14,4.67,4.11,observed,C,6.0,2
C-S5-PUN,S5,PUN,K08,evening,9,202.9,2.1,0.01,0.43,1.26,2.92,observed,C,6.0,2
C-S5-PUN,S5,PUN,K08,evening,13,179.3,1.0,0.003,0.18,0.44,2.457,observed,C,6.0,2
